EntityId,TeamId,Name,ShortName,RowId,TeamAbbreviation,SecondsPlayed,GamesPlayed,Minutes,PlusMinus,OffPoss,DefPoss,PenaltyDefPoss,TotalPoss,AtRimFGM,AtRimFGA,ShortMidRangeFGM,ShortMidRangeFGA,Corner3FGA,Arc3FGA,FG2M,FG2A,FG3A,Points,OpponentPoints,PtsAssisted2s,PtsUnassisted2s,NonHeaveArc3FGA,TwoPtAssists,Assists,ShortMidRangeAssists,AssistPoints,DeadBallTurnovers,LostBallOutOfBoundsTurnovers,Turnovers,ShootingFouls,Fouls,FirstChancePoints,Assisted2sPct,NonPutbacksAssisted2sPct,Fg2Pct,EfgPct,TsPct,FG3APct,Pace,SecondsPerPossOff,SecondsPerPossDef,SecondsExcludingORebsPerPossOff,SecondsExcludingORebsPerPossDef,AtRimFrequency,AtRimAccuracy,UnblockedAtRimAccuracy,ShortMidRangeFrequency,ShortMidRangeAccuracy,UnblockedShortMidRangeAccuracy,ShortMidRangePctAssisted,Corner3Frequency,Arc3Frequency,AtRimFG3AFrequency,ShotQualityAvg,Avg2ptShotDistance,Avg3ptShotDistance,LongMidRangeFGA,AtRimAssists,DefThreePtRebounds,DefTwoPtRebounds,FTDefRebounds,DefRebounds,Rebounds,LiveBallTurnovers,LostBallTurnovers,Travels,FoulsDrawn,NonShootingPenaltyNonTakeFouls,LiveBallTurnoverPct,DefFTReboundPct,DefTwoPtReboundPct,DefThreePtReboundPct,DefFGReboundPct,DefShortMidRangeReboundPct,DefArc3ReboundPct,AtRimPctAssisted,LongMidRangeFrequency,PenaltyOffPoss,PenaltyFG2A,Steals,LostBallSteals,StepOutOfBoundsTurnovers,Loose Ball Fouls Drawn,PenaltyOffPossExcludingTakeFouls,PenaltyShotQualityAvg,PenaltyOffPossPct,SecondChanceOffPoss,SecondChanceAtRimFGA,Arc3FGM,FG3M,SecondChanceFG2M,SecondChanceFG2A,SecondChancePoints,PtsAssisted3s,PtsPutbacks,NonHeaveArc3FGM,ThreePtAssists,Arc3Assists,OffTwoPtRebounds,OffRebounds,Assisted3sPct,Fg3Pct,NonHeaveFg3Pct,SecondChanceFg2Pct,SecondChanceEfgPct,SecondChanceTsPct,OffTwoPtReboundPct,OffFGReboundPct,OffAtRimReboundPct,OffShortMidRangeReboundPct,DefCorner3ReboundPct,Arc3Accuracy,UnblockedArc3Accuracy,Arc3PctAssisted,SecondChanceAtRimFrequency,NonHeaveArc3Accuracy,SecondChanceShotQualityAvg,SecondChancePointsPct,LongMidRangeFGM,Fg3aBlocked,LongMidRangeAssists,BadPassSteals,FG3APctBlocked,Corner3PctBlocked,DefAtRimReboundPct,LongMidRangeAccuracy,UnblockedLongMidRangeAccuracy,LongMidRangePctAssisted,SecondChanceAtRimFGM,PenaltyAtRimFGM,PenaltyAtRimFGA,SecondChanceArc3FGA,PenaltyArc3FGA,FtPoints,SecondChanceFG3A,PenaltyFG2M,PenaltyFG3A,PenaltyPoints,OffThreePtRebounds,PenaltyTurnovers,Offensive Fouls Drawn,FTA,TwoPtShootingFoulsDrawn,PenaltyPointsExcludingTakeFouls,PenaltyFg2Pct,PenaltyEfgPct,PenaltyTsPct,OffThreePtReboundPct,OffArc3ReboundPct,SecondChanceAtRimAccuracy,SecondChanceArc3Frequency,PenaltyAtRimFrequency,PenaltyAtRimAccuracy,PenaltyArc3Frequency,ShootingFoulsDrawnPct,TwoPtShootingFoulsDrawnPct,PenaltyPointsPct,BadPassTurnovers,SecondChanceCorner3FGA,SecondChanceFtPoints,PenaltyFtPoints,2pt And 1 Free Throw Trips,NonShootingFoulsDrawn,NonShootingPenaltyNonTakeFoulsDrawn,SecondChanceCorner3Frequency,Offensive Fouls,DefLongMidRangeReboundPct,Technical Free Throw Trips,PenaltyCorner3FGA,Fg2aBlocked,SelfOReb,SecondChanceTurnovers,Defensive 3 Seconds Violations,FG2APctBlocked,AtRimPctBlocked,ShortMidRangePctBlocked,OffLongMidRangeReboundPct,SelfORebPct,PenaltyCorner3Frequency,Blocked2s,BlockedShortMidRange,Blocks,Loose Ball Fouls,BadPassOutOfBoundsTurnovers,RecoveredBlocks,BlocksRecoveredPct,Corner3FGM,Corner3Assists,Corner3Accuracy,UnblockedCorner3Accuracy,Corner3PctAssisted,ThreePtShootingFoulsDrawn,Arc3PctBlocked,ThreePtShootingFoulsDrawnPct,BlockedAtRim,PtsUnassisted3s,OffCorner3ReboundPct,SecondChanceArc3FGM,SecondChanceFG3M,SecondChanceFg3Pct,SecondChanceAtRimPctAssisted,SecondChanceArc3Accuracy,SecondChanceArc3PctAssisted,SecondChanceCorner3FGM,SecondChanceCorner3Accuracy,SecondChanceCorner3PctAssisted,Charge Fouls,PenaltyArc3FGM,PenaltyFG3M,PenaltyFg3Pct,PenaltyArc3Accuracy,3pt And 1 Free Throw Trips,PenaltyCorner3FGM,FTOffRebounds,Blocked3s,BlockedArc3,OffFTReboundPct,PenaltyCorner3Accuracy,OffensiveGoaltends,Charge Fouls Drawn,DefensiveGoaltends,BlockedCorner3,team_id,year,season,team_vs
1626156-1628997-1629023-1630230-1630314,1610612742,"D'Angelo Russell, Caleb Martin, P.J. Washington, Naji Marshall, Brandon Williams","Russell, Martin, Washington, Marshall, Williams",1626156-1628997-1629023-1630230-1630314,DAL,127.0,1,2.0,-1.0,5.0,4.0,2.0,9,1.0,1.0,1.0,1.0,1.0,1.0,2.0,2.0,2.0,4.0,5.0,2.0,2.0,1.0,1.0,1.0,1.0,2.0,1.0,1.0,1.0,1.0,2.0,4.0,0.5,0.5,1.0,0.5,0.5,0.5,102.04724409448819,9.8,19.5,9.8,19.5,0.25,1.0,1.0,0.25,1.0,1.0,1.0,0.25,0.25,0.75,0.53675,6.5,23.6,,,,,,,,,,,,,,,,,,,,,,,,,,,,,,,,,,,,,,,,,,,,,,,,,,,,,,,,,,,,,,,,,,,,,,,,,,,,,,,,,,,,,,,,,,,,,,,,,,,,,,,,,,,,,,,,,,,,,,,,,,,,,,,,,,,,,,,,,,,,,,,,,,,,,,,,,,,,,,,,,,,,,,,1610612742,2026,2025-26,True
1626156-1628997-1629023-1630230-1630702,1610612742,"D'Angelo Russell, Caleb Martin, P.J. Washington, Naji Marshall, Jaden Hardy","Russell, Martin, Washington, Marshall, Hardy",1626156-1628997-1629023-1630230-1630702,DAL,162.2,1,3.0,-2.0,6.0,5.0,4.0,11,2.0,2.0,,,1.0,,2.0,3.0,1.0,4.0,6.0,2.0,2.0,,1.0,1.0,,2.0,1.0,,2.0,2.0,3.0,4.0,0.5,0.5,0.6666666666666666,0.5,0.5,0.25,97.65721331689274,13.666666666666666,16.04,13.666666666666666,15.440000000000001,0.5,1.0,1.0,,,,,0.25,,0.75,0.592175,6.566666666666666,24.5,1.0,1.0,1.0,1.0,2.0,4.0,4.0,1.0,1.0,1.0,1.0,1.0,0.5,1.0,0.5,1.0,0.6666666666666666,0.5,1.0,0.5,0.25,,,,,,,,,,,,,,,,,,,,,,,,,,,,,,,,,,,,,,,,,,,,,,,,,,,,,,,,,,,,,,,,,,,,,,,,,,,,,,,,,,,,,,,,,,,,,,,,,,,,,,,,,,,,,,,,,,,,,,,,,,,,,,,,,,,,,,,,,,,,,,,,,,1610612742,2026,2025-26,True
1626156-1628997-1629023-1630230-1642843,1610612742,"D'Angelo Russell, Caleb Martin, P.J. Washington, Naji Marshall, Cooper Flagg","Russell, Martin, Washington, Marshall, Flagg",1626156-1628997-1629023-1630230-1642843,DAL,91.8,1,2.0,,3.0,4.0,2.0,7,,,,1.0,,1.0,,1.0,1.0,,,,,1.0,,,,,1.0,,1.0,,,,,,,,,0.5,109.80392156862744,12.666666666666666,13.45,12.666666666666666,13.45,,,,0.5,,,,,0.5,0.5,0.49305,13.9,25.6,,,1.0,,1.0,2.0,2.0,,,,1.0,,,1.0,,0.5,0.5,,1.0,,,1.0,1.0,1.0,1.0,1.0,1.0,1.0,0.4311,0.3333333333333333,,,,,,,,,,,,,,,,,,,,,,,,,,,,,,,,,,,,,,,,,,,,,,,,,,,,,,,,,,,,,,,,,,,,,,,,,,,,,,,,,,,,,,,,,,,,,,,,,,,,,,,,,,,,,,,,,,,,,,,,,,,,,,,,,,,,,,,,,1610612742,2026,2025-26,True
1626156-1628997-1629023-1631108-203076,1610612742,"D'Angelo Russell, Caleb Martin, P.J. Washington, Max Christie, Anthony Davis","Russell, Martin, Washington, Christie, Davis",1626156-1628997-1629023-1631108-203076,DAL,82.0,1,1.0,1.0,2.0,3.0,,5,,1.0,1.0,2.0,,1.0,1.0,3.0,1.0,5.0,4.0,,2.0,1.0,,1.0,,3.0,,,,2.0,2.0,3.0,,,0.3333333333333333,0.625,0.625,0.25,87.80487804878048,13.5,18.333333333333332,12.0,18.333333333333332,0.25,,,0.5,0.5,0.5,,,0.25,0.5,0.5159375,7.1000000000000005,25.4,,,1.0,,,1.0,3.0,,,,,,,,,1.0,1.0,,,,,,,,,,,,,,1.0,1.0,1.0,1.0,1.0,2.0,2.0,3.0,2.0,1.0,1.0,1.0,2.0,2.0,1.0,1.0,1.0,0.5,0.5,0.5,1.0,1.0,1.0,1.0,1.0,1.0,1.0,1.0,0.5,1.0,0.5277,0.4,,,,,,,,,,,,,,,,,,,,,,,,,,,,,,,,,,,,,,,,,,,,,,,,,,,,,,,,,,,,,,,,,,,,,,,,,,,,,,,,,,,,,,,,,,,,,,,,,,,,,,,,,1610612742,2026,2025-26,True
1626156-1628997-1629023-202691-203076,1610612742,"D'Angelo Russell, Caleb Martin, P.J. Washington, Klay Thompson, Anthony Davis","Russell, Martin, Washington, Thompson, Davis",1626156-1628997-1629023-202691-203076,DAL,292.0,1,5.0,-5.0,10.0,10.0,,20,1.0,3.0,1.0,2.0,1.0,1.0,3.0,7.0,2.0,6.0,11.0,6.0,,1.0,3.0,3.0,1.0,6.0,1.0,,3.0,2.0,2.0,6.0,1.0,1.0,0.42857142857142855,0.3333333333333333,0.3333333333333333,0.2222222222222222,98.63013698630138,12.6,16.6,12.6,15.9,0.3333333333333333,0.3333333333333333,0.3333333333333333,0.2222222222222222,0.5,0.5,1.0,0.1111111111111111,0.1111111111111111,0.5555555555555556,0.5228611111111111,8.071428571428571,24.2,2.0,1.0,1.0,2.0,1.0,4.0,5.0,2.0,2.0,,1.0,,0.6666666666666666,1.0,0.5,0.5,0.5,,,1.0,0.2222222222222222,,,1.0,,,,,,,,,,,,,,,,,,,1.0,1.0,,,,,,,0.3333333333333333,0.2,0.5,,1.0,,,,,,,,1.0,1.0,1.0,1.0,0.5,1.0,0.6666666666666666,0.5,0.5,1.0,,,,,,,,,,,,,,,,,,,,,,,,,,,,,,,,,,,,,,,,,,,,,,,,,,,,,,,,,,,,,,,,,,,,,,,,,,,,,,,,,,,,,,,,,,,,,,,1610612742,2026,2025-26,True
1626156-1628997-1630230-1630702-203939,1610612742,"D'Angelo Russell, Caleb Martin, Naji Marshall, Jaden Hardy, Dwight Powell","Russell, Martin, Marshall, Hardy, Powell",1626156-1628997-1630230-1630702-203939,DAL,252.0,1,4.0,-2.0,9.0,9.0,9.0,18,2.0,2.0,,1.0,,5.0,2.0,3.0,5.0,9.0,11.0,,4.0,5.0,,1.0,,3.0,1.0,1.0,1.0,1.0,1.0,7.0,,,0.6666666666666666,0.4375,0.5,0.625,102.85714285714285,14.266666666666667,13.733333333333333,13.044444444444444,13.488888888888887,0.25,1.0,1.0,0.125,,,,,0.625,0.875,0.5991375,3.8666666666666667,26.060000000000002,,,2.0,,,2.0,4.0,,,,2.0,,,,,1.0,0.6666666666666666,,,,,4.0,1.0,1.0,,,,4.0,0.74235,0.4444444444444444,2.0,1.0,1.0,1.0,1.0,1.0,2.0,3.0,2.0,1.0,1.0,1.0,1.0,2.0,1.0,0.2,0.2,1.0,0.5,0.5,1.0,0.4,,1.0,1.0,0.2,0.2,1.0,0.5,0.2,0.601,0.2222222222222222,,,,1.0,,,,,,,1.0,1.0,1.0,1.0,1.0,2.0,1.0,1.0,1.0,2.0,1.0,1.0,1.0,2.0,1.0,2.0,1.0,0.5,0.5,0.25,0.25,1.0,0.5,0.5,1.0,0.5,0.1111111111111111,0.25,0.2222222222222222,,,,,,,,,,,,,,,,,,,,,,,,,,,,,,,,,,,,,,,,,,,,,,,,,,,,,,,,,,,,,,,,,,1610612742,2026,2025-26,True
1626156-1628997-1630230-1631108-203076,1610612742,"D'Angelo Russell, Caleb Martin, Naji Marshall, Max Christie, Anthony Davis","Russell, Martin, Marshall, Christie, Davis",1626156-1628997-1630230-1631108-203076,DAL,58.0,1,1.0,-3.0,2.0,3.0,2.0,5,1.0,1.0,,,,,1.0,1.0,,2.0,5.0,,2.0,,,,,,,,1.0,,1.0,2.0,,,1.0,1.0,1.0,,124.13793103448276,16.0,8.666666666666666,16.0,8.0,1.0,1.0,1.0,,,,,,,1.0,0.5665,2.5,,,,,,1.0,1.0,1.0,1.0,,,,1.0,1.0,1.0,,,,,,,,,,,,,,,,,,,,,,,,,,,,,,,,,,,,,,,,,,,,,,,,,,,,,,,,,,,,,,,,,,,,,,,,,,,,,,,,,,,,,,,,1.0,,,,,,,,,,,,,,,,,,,,,,,,,,,,,,,,,,,,,,,,,,,,,,,,,,,,,,,,,,,,,,,,,1610612742,2026,2025-26,True
1626156-1628997-1642843-202691-203076,1610612742,"D'Angelo Russell, Caleb Martin, Cooper Flagg, Klay Thompson, Anthony Davis","Russell, Martin, Flagg, Thompson, Davis",1626156-1628997-1642843-202691-203076,DAL,125.0,1,2.0,1.0,6.0,5.0,3.0,11,,1.0,,,,2.0,1.0,2.0,2.0,5.0,4.0,2.0,,2.0,1.0,2.0,,5.0,,,2.0,1.0,1.0,5.0,1.0,1.0,0.5,0.625,0.625,0.5,126.71999999999998,10.666666666666666,12.2,10.666666666666666,11.4,0.25,,,,,,,,0.5,0.75,0.57465,9.85,25.2,1.0,,,1.0,1.0,2.0,2.0,2.0,1.0,,,,1.0,1.0,1.0,,0.3333333333333333,1.0,,,0.25,,,1.0,1.0,,,,,,,,1.0,1.0,,,,3.0,,1.0,1.0,1.0,,,1.0,0.5,0.5,,,,,,,,,0.5,0.5,1.0,,0.5,,,1.0,,1.0,,,,,1.0,1.0,1.0,,,,,,,,,,,,,,,,,,,,,,,,,,,,,,1.0,,,,,,,,,,,,,,,,,,,,,,,,,,,,,,,,,,,,,,,,,,,,,,,,,,,,,,,,,,,,,,,,,1610612742,2026,2025-26,True
1626156-1629023-1630230-1630702-1642843,1610612742,"D'Angelo Russell, P.J. Washington, Naji Marshall, Jaden Hardy, Cooper Flagg","Russell, Washington, Marshall, Hardy, Flagg",1626156-1629023-1630230-1630702-1642843,DAL,228.0,1,4.0,5.0,10.0,10.0,10.0,20,4.0,4.0,1.0,2.0,1.0,1.0,5.0,6.0,2.0,15.0,10.0,,10.0,1.0,,,,,,,1.0,,,13.0,,,0.8333333333333334,0.625,0.75,0.25,126.31578947368422,10.73,12.07,9.73,11.97,0.5,1.0,1.0,0.25,0.5,0.5,,0.125,0.125,0.75,0.568875,2.8333333333333335,23.95,,,1.0,2.0,,3.0,4.0,1.0,,,4.0,,1.0,,0.6666666666666666,1.0,0.75,1.0,,,,8.0,5.0,2.0,1.0,,1.0,8.0,0.57594,0.8,2.0,,,,,,2.0,,,,,,,1.0,,,,,,0.5,,0.3333333333333333,,,1.0,,,,,,0.5184,0.13333333333333333,,,,1.0,,,0.5,,,,,3.0,3.0,,,5.0,1.0,4.0,,13.0,1.0,1.0,,5.0,2.0,13.0,0.8,0.8,0.9285714285714286,0.5,1.0,,,0.6,1.0,,0.2222222222222222,0.2857142857142857,0.8666666666666667,1.0,1.0,2.0,5.0,1.0,1.0,1.0,1.0,,,,,,,,,,,,,,,,,,,,,,,,,,,,,,,,,,,,,,,,,,,,,,,,,,,,,,,,,,1610612742,2026,2025-26,True
1626156-1629023-1630230-1631108-1641726,1610612742,"D'Angelo Russell, P.J. Washington, Naji Marshall, Max Christie, Dereck Lively II","Russell, Washington, Marshall, Christie, Lively II",1626156-1629023-1630230-1631108-1641726,DAL,114.0,1,2.0,-3.0,3.0,4.0,,7,1.0,1.0,1.0,1.0,,,2.0,2.0,,5.0,8.0,4.0,,,2.0,2.0,1.0,4.0,1.0,,1.0,2.0,3.0,5.0,1.0,1.0,1.0,1.0,1.25,,88.42105263157895,12.666666666666666,19.0,12.666666666666666,19.0,0.5,1.0,1.0,0.5,1.0,1.0,1.0,,,0.5,0.57505,6.25,,,1.0,,1.0,,1.0,1.0,,,,1.0,,,,1.0,,1.0,,,1.0,,,,,,,,,,,,,,,,,,,,,,,,,,,,,,,,,,,,,,,,,,,,,,,,,,,,,,,,,,1.0,,,,,,,,1.0,1.0,,,,,,,,,,,,0.5,0.5,,,,,,1.0,,,,1.0,1.0,,,,,,,,,,,,,,,,,,,,,,,,,,,,,,,,,,,,,,,,,,,,,,,,,,,,,,,,1610612742,2026,2025-26,True
1626156-1629023-1630230-1631108-1642843,1610612742,"D'Angelo Russell, P.J. Washington, Naji Marshall, Max Christie, Cooper Flagg","Russell, Washington, Marshall, Christie, Flagg",1626156-1629023-1630230-1631108-1642843,DAL,185.0,1,3.0,-8.0,6.0,7.0,4.0,13,1.0,1.0,,1.0,,3.0,1.0,2.0,3.0,2.0,10.0,,2.0,3.0,,,,,,,,1.0,1.0,2.0,,,0.5,0.2,0.2,0.6,101.18918918918918,17.166666666666668,11.714285714285714,17.166666666666668,11.571428571428571,0.2,1.0,1.0,0.2,,,,,0.6,0.8,0.5129699999999999,7.3,25.866666666666664,,,1.0,,,1.0,1.0,,,,2.0,,,,,1.0,0.5,,1.0,,,,,,,,,,,,,,,,,,,,,,,,,,,,,,,,,,,,,,,,,,,,,,,,,,,,,,,,,,,,,,,,,,1.0,2.0,1.0,,,,,,,,,,,,0.2,0.5,,,,,,1.0,,,,,,1.0,,,,,,,,,,,,,,,,,,,,,,,,,,,,,,,,,,,,,,,,,,,,,,,,,,,,,,,1610612742,2026,2025-26,True
1626156-1629023-1630230-1631108-203076,1610612742,"D'Angelo Russell, P.J. Washington, Naji Marshall, Max Christie, Anthony Davis","Russell, Washington, Marshall, Christie, Davis",1626156-1629023-1630230-1631108-203076,DAL,1010.1,4,17.0,-15.0,35.0,36.0,20.0,71,5.0,9.0,5.0,13.0,1.0,6.0,12.0,27.0,7.0,33.0,48.0,14.0,10.0,6.0,7.0,9.0,2.0,20.0,1.0,,4.0,7.0,10.0,31.0,0.5833333333333334,0.6363636363636364,0.4444444444444444,0.4411764705882353,0.4583333333333333,0.20588235294117646,101.21770121770122,14.345714285714287,14.11111111111111,13.64,13.472222222222221,0.2647058823529412,0.5555555555555556,0.625,0.38235294117647056,0.38461538461538464,0.4166666666666667,0.4,0.029411764705882353,0.17647058823529413,0.47058823529411764,0.5073,8.170370370370371,26.400000000000002,5.0,3.0,4.0,9.0,1.0,14.0,19.0,3.0,,,3.0,1.0,0.75,1.0,0.75,0.6666666666666666,0.7222222222222222,0.4,0.5,0.6,0.14705882352941177,6.0,6.0,1.0,,,,6.0,0.49394285714285713,0.17142857142857143,5.0,2.0,2.0,2.0,1.0,2.0,2.0,6.0,2.0,2.0,2.0,2.0,5.0,5.0,1.0,0.2857142857142857,0.2857142857142857,0.5,0.3333333333333333,0.25,0.3333333333333333,0.25,0.25,0.375,1.0,0.3333333333333333,0.3333333333333333,1.0,0.6666666666666666,0.3333333333333333,0.6327166666666667,0.06060606060606061,2.0,,2.0,1.0,,,1.0,0.4,0.4,1.0,1.0,2.0,3.0,1.0,,3.0,1.0,2.0,1.0,4.0,,,,5.0,3.0,4.0,0.3333333333333333,0.2857142857142857,0.25,,,0.5,0.3333333333333333,0.42857142857142855,0.6666666666666666,,0.08333333333333333,0.10344827586206896,0.12121212121212122,3.0,,,,1.0,,,,,1.0,,1.0,2.0,2.0,1.0,1.0,0.07407407407407407,0.1111111111111111,0.07692307692307693,0.3333333333333333,0.1111111111111111,0.14285714285714285,,,,,,,,,,,,,,,,,,,,,,,,,,,,,,,,,,,,,,,,,,,,1610612742,2026,2025-26,True
1626156-1629023-1630230-1642843-202691,1610612742,"D'Angelo Russell, P.J. Washington, Naji Marshall, Cooper Flagg, Klay Thompson","Russell, Washington, Marshall, Flagg, Thompson",1626156-1629023-1630230-1642843-202691,DAL,92.0,1,2.0,4.0,3.0,3.0,,6,1.0,1.0,2.0,2.0,,,3.0,3.0,,6.0,2.0,4.0,2.0,,2.0,2.0,1.0,4.0,,,,,,6.0,0.6666666666666666,0.6666666666666666,1.0,1.0,1.0,,93.91304347826086,15.333333333333334,15.333333333333334,15.333333333333334,7.666666666666667,0.3333333333333333,1.0,1.0,0.6666666666666666,1.0,1.0,0.5,,,0.3333333333333333,0.5502666666666667,4.066666666666666,,,1.0,,2.0,,2.0,2.0,,,,,,,,0.5,,0.5,,,1.0,,,,,,,,,,,,,,,,,,,,,,,,,,,,,,,,,,,,,,,,,,,,,,,,,1.0,,,,,,,,,,,,,,,,,,,,,,,,,,,,,,,,,,,,,,,,,,1.0,,,,,,,,,,,,,1.0,1.0,1.0,,,,,,,,,,,,,,,,,,,,,,,,,,,,,,,,,,,,,,,,,1610612742,2026,2025-26,True
1626156-1629023-1630230-1642843-203076,1610612742,"D'Angelo Russell, P.J. Washington, Naji Marshall, Cooper Flagg, Anthony Davis","Russell, Washington, Marshall, Flagg, Davis",1626156-1629023-1630230-1642843-203076,DAL,138.0,1,2.0,2.0,5.0,4.0,3.0,9,,1.0,1.0,3.0,,1.0,1.0,4.0,1.0,2.0,,2.0,,1.0,1.0,1.0,1.0,2.0,,,,,1.0,2.0,1.0,1.0,0.25,0.2,0.2,0.2,93.91304347826087,12.52,18.85,12.5,18.85,0.2,,,0.6,0.3333333333333333,0.5,1.0,,0.2,0.4,0.46047000000000005,6.7,25.7,,,2.0,2.0,,4.0,5.0,,,,,,,,1.0,1.0,1.0,1.0,1.0,,,,,,,,,,,,1.0,,,,,,,,,,,,1.0,1.0,,,,,,,0.3333333333333333,0.25,,0.5,,,,,,,,,,,,,,,,,,,,,,,,,,,,,,,,,,,,,,,,,,,,,,,,,,,,,,,,,1.0,,,1.0,,,,0.25,,0.3333333333333333,,,,,,,1.0,,,,,,,,,,,,,,,,,,,,,,,,,,,,,,,,,,,,,,,,1610612742,2026,2025-26,True
1626156-1629023-1630230-202691-203076,1610612742,"D'Angelo Russell, P.J. Washington, Naji Marshall, Klay Thompson, Anthony Davis","Russell, Washington, Marshall, Thompson, Davis",1626156-1629023-1630230-202691-203076,DAL,180.0,2,3.0,9.0,7.0,4.0,,11,1.0,1.0,2.0,2.0,,1.0,4.0,4.0,1.0,11.0,2.0,4.0,4.0,1.0,2.0,2.0,1.0,4.0,1.0,,1.0,,2.0,10.0,0.5,0.5,1.0,0.8,0.7857142857142857,0.2,88.0,12.142857142857142,23.75,11.285714285714286,23.75,0.2,1.0,1.0,0.4,1.0,1.0,0.5,,0.2,0.4,0.55152,9.65,26.0,1.0,1.0,1.0,2.0,,3.0,4.0,,,,2.0,,,,0.6666666666666666,0.5,0.6,1.0,1.0,1.0,0.2,1.0,,,,,,1.0,0.5535,0.14285714285714285,1.0,,,,,,1.0,,,,,,,1.0,,,,,,0.5,,1.0,,,,,,,,,,0.09090909090909091,1.0,,,,,,,1.0,1.0,,,,,,1.0,3.0,,,1.0,1.0,1.0,,,4.0,2.0,1.0,,,0.25,1.0,1.0,,,,,1.0,0.2857142857142857,0.3333333333333333,0.09090909090909091,,,1.0,1.0,,,,,,,,,,1.0,,,,,,,1.0,,1.0,1.0,1.0,1.0,1.0,1.0,1.0,,,,,,,,,,,,,,,,,,,,,,,,,,,,,,,,,,,,,1610612742,2026,2025-26,True
1626156-1629023-1630314-1631108-1642843,1610612742,"D'Angelo Russell, P.J. Washington, Brandon Williams, Max Christie, Cooper Flagg","Russell, Washington, Williams, Christie, Flagg",1626156-1629023-1630314-1631108-1642843,DAL,28.200000000000003,1,,1.0,,1.0,1.0,1,,,,,,,,,,1.0,,,,,,,,,,,,,,1.0,,,,,0.5,,51.06382978723404,,24.6,,24.6,,,,,,,,,,,,,,,,1.0,,,1.0,1.0,,,,1.0,,,,,1.0,1.0,,1.0,,,,,,,,,-1.0,,,,,,,,,,,,,,,,,,,,,,,,,,,,,,,,,,,,,,,,,,,,,,,,,,1.0,,,,1.0,,,,2.0,,,,,0.5,,,,,,,,,,1.0,,,,1.0,,1.0,,,,,,,,,,,,,,,,,,,,,,,,,,,,,,,,,,,,,,,,,,,,,,,,,,,,,,,,,,,,1610612742,2026,2025-26,True
1626156-1629023-1630702-1631108-203076,1610612742,"D'Angelo Russell, P.J. Washington, Jaden Hardy, Max Christie, Anthony Davis","Russell, Washington, Hardy, Christie, Davis",1626156-1629023-1630702-1631108-203076,DAL,447.6,1,7.0,-16.0,12.0,14.0,14.0,26,2.0,3.0,,1.0,,7.0,2.0,6.0,7.0,4.0,20.0,2.0,2.0,7.0,1.0,1.0,,2.0,2.0,,3.0,1.0,3.0,2.0,0.5,1.0,0.3333333333333333,0.15384615384615385,0.15384615384615385,0.5384615384615384,83.6461126005362,21.791666666666668,13.292857142857143,19.458333333333332,13.292857142857143,0.23076923076923078,0.6666666666666666,0.6666666666666666,0.07692307692307693,,,,,0.5384615384615384,0.7692307692307693,0.5228076923076923,7.716666666666666,24.75714285714286,2.0,1.0,4.0,2.0,,6.0,10.0,1.0,,,2.0,1.0,0.3333333333333333,,1.0,1.0,1.0,,1.0,0.5,0.15384615384615385,2.0,1.0,,,,,2.0,0.6493,0.16666666666666666,4.0,1.0,,,1.0,2.0,2.0,,2.0,,,,1.0,4.0,,,,0.5,0.3333333333333333,0.3333333333333333,0.25,0.36363636363636365,,1.0,,,,,0.3333333333333333,,0.629,0.5,,,,,,,,,,,1.0,1.0,1.0,1.0,,,1.0,1.0,,2.0,3.0,1.0,,,,2.0,1.0,1.0,1.0,0.42857142857142855,0.42857142857142855,1.0,0.3333333333333333,1.0,1.0,,,,0.5,1.0,,,,,,,,1.0,1.0,,,,,1.0,,,,,,,,,,,1.0,1.0,,,,,,,,,,,,,,,,,,,,,,,,,,,,,,,,,,,,,,,1610612742,2026,2025-26,True
1626156-1629023-1631108-1642843-202691,1610612742,"D'Angelo Russell, P.J. Washington, Max Christie, Cooper Flagg, Klay Thompson","Russell, Washington, Christie, Flagg, Thompson",1626156-1629023-1631108-1642843-202691,DAL,72.0,1,1.0,4.0,3.0,3.0,,6,,,,,1.0,1.0,,,2.0,7.0,3.0,,,1.0,,1.0,,3.0,,,,1.0,1.0,5.0,,,,0.75,0.875,1.0,120.0,11.0,13.0,10.333333333333334,12.333333333333334,,,,,,,,0.5,0.5,1.0,0.56175,,24.35,,,1.0,,1.0,2.0,3.0,,,,2.0,,,1.0,,1.0,1.0,,,,,,,,,,,,,,1.0,,,1.0,,,2.0,3.0,,,1.0,,,1.0,1.0,0.5,0.5,,,1.0,,1.0,,,1.0,,,,,,,0.2857142857142857,,,,,,,,,,,,,,,,4.0,,,,,1.0,,,4.0,2.0,,,,,1.0,1.0,,,,,,0.5,1.0,,,,2.0,,,,,,,,,,,1.0,,,,,,,1.0,,,,,,,,,1.0,1.0,1.0,1.0,1.0,,,,,,,,,,,,,,,,,,,,,,,,,,,,,,,,1610612742,2026,2025-26,True
1626156-1629023-1631108-1642843-203076,1610612742,"D'Angelo Russell, P.J. Washington, Max Christie, Cooper Flagg, Anthony Davis","Russell, Washington, Christie, Flagg, Davis",1626156-1629023-1631108-1642843-203076,DAL,321.0,2,5.0,4.0,13.0,11.0,4.0,24,3.0,3.0,1.0,3.0,,3.0,5.0,8.0,3.0,14.0,10.0,4.0,6.0,3.0,2.0,2.0,,4.0,,,1.0,,,14.0,0.4,0.4,0.625,0.45454545454545453,0.5384615384615384,0.2727272727272727,107.66355140186917,13.96923076923077,12.672727272727274,13.038461538461538,12.4,0.2727272727272727,1.0,1.0,0.2727272727272727,0.3333333333333333,0.5,,,0.2727272727272727,0.5454545454545454,0.5516449999999999,7.1,27.15,2.0,2.0,,4.0,,4.0,6.0,1.0,,,4.0,,1.0,,0.8,,0.8,1.0,,0.6666666666666666,0.18181818181818182,9.0,4.0,1.0,,,,9.0,0.5167916666666666,0.6923076923076923,2.0,,,,,1.0,,,,,,,,2.0,,,,,,,,0.3333333333333333,,,,,,,,,,,1.0,1.0,,1.0,0.3333333333333333,,0.6666666666666666,0.5,0.5,,,1.0,1.0,,3.0,4.0,,2.0,3.0,7.0,2.0,1.0,,6.0,1.0,7.0,0.5,0.2857142857142857,0.3888888888888889,0.6666666666666666,0.6666666666666666,,,0.14285714285714285,1.0,0.42857142857142855,0.16666666666666666,0.125,0.5,1.0,,,3.0,1.0,1.0,1.0,,,1.0,,,1.0,,,,0.125,,0.3333333333333333,,,,,,,,,,,,,,,,1.0,0.3333333333333333,0.25,,,,,,,,,,,,,,,,,,,,,,,,,,,,,1610612742,2026,2025-26,True
1626156-1629023-1631108-1642843-203939,1610612742,"D'Angelo Russell, P.J. Washington, Max Christie, Cooper Flagg, Dwight Powell","Russell, Washington, Christie, Flagg, Powell",1626156-1629023-1631108-1642843-203939,DAL,71.0,1,1.0,,2.0,2.0,,4,,1.0,1.0,2.0,,,1.0,3.0,,2.0,2.0,2.0,,,1.0,1.0,1.0,2.0,,,,,,2.0,1.0,1.0,0.3333333333333333,0.3333333333333333,0.3333333333333333,,81.12676056338029,23.0,12.5,23.0,12.5,0.3333333333333333,,,0.6666666666666666,0.5,0.5,1.0,,,0.3333333333333333,0.4888333333333333,5.633333333333333,,,,,1.0,,1.0,1.0,,,,1.0,,,,1.0,,1.0,,,,,,,,,,,,,,,,,,,,,,,,,,,,,,,,,,,,,,,,,,,,,,,,,,,,1.0,,,,,,,,,,,,,,,,,1.0,1.0,,,,,,,,,,,,0.3333333333333333,0.3333333333333333,,,,,,1.0,,,,,,,,,,,,,,,,,,1.0,,1.0,,,1.0,1.0,,,,,,,,,1.0,,,,,,,,,,,,,,,,,,,,,,,,,,,,1610612742,2026,2025-26,True
1626156-1629023-1631108-202691-203076,1610612742,"D'Angelo Russell, P.J. Washington, Max Christie, Klay Thompson, Anthony Davis","Russell, Washington, Christie, Thompson, Davis",1626156-1629023-1631108-202691-203076,DAL,209.0,2,3.0,5.0,7.0,7.0,,14,1.0,1.0,2.0,2.0,1.0,2.0,3.0,3.0,3.0,9.0,4.0,2.0,4.0,2.0,1.0,1.0,1.0,2.0,,,1.0,,1.0,9.0,0.3333333333333333,0.3333333333333333,1.0,0.75,0.6428571428571429,0.5,96.45933014354067,13.571428571428571,16.285714285714285,13.571428571428571,14.0,0.16666666666666666,1.0,1.0,0.3333333333333333,1.0,1.0,0.5,0.16666666666666666,0.3333333333333333,0.6666666666666666,0.5179,9.200000000000001,24.400000000000002,,,2.0,1.0,,3.0,3.0,1.0,1.0,,2.0,,1.0,,0.5,1.0,0.75,,1.0,,,,,1.0,,,1.0,,,,,,1.0,1.0,,,,,,1.0,,,,,,0.3333333333333333,0.3333333333333333,,,,,,,,1.0,0.5,0.5,,,0.5,,,,,,1.0,,,0.5,,,,,,,,,,,,,,,,,1.0,,,,,,,,,,,,,,,,,,,,,1.0,,,,,,,,,,,,,,,,,1.0,,1.0,,,1.0,1.0,,,,,,,,,1.0,3.0,,,,,,,,,,,,,,,,,,,,,,,,,,,1610612742,2026,2025-26,True
1626156-1629023-1642843-202691-203076,1610612742,"D'Angelo Russell, P.J. Washington, Cooper Flagg, Klay Thompson, Anthony Davis","Russell, Washington, Flagg, Thompson, Davis",1626156-1629023-1642843-202691-203076,DAL,75.0,2,1.0,,2.0,3.0,,5,,,1.0,1.0,1.0,,1.0,1.0,1.0,2.0,2.0,,2.0,,,,,,,,,,,2.0,,,1.0,0.5,0.5,0.5,96.0,13.0,16.333333333333332,9.0,16.333333333333332,,,,0.5,1.0,1.0,,0.5,,0.5,0.482225,9.2,23.7,,,,2.0,,2.0,2.0,,,,2.0,,,,1.0,,1.0,1.0,,,,,,,,,,,,,1.0,,,,,,,,,,,,,,,,,,,,,,,,,,,,,,0.52335,,,,,,,,,,,,,,,,,,1.0,,,,,,,,,,,,,,,,,,,,,,,,1.0,,,,,,1.0,,1.0,,,,,,,,,,,,,,,,,,,,,,,,,,,,,,,,,,,,,,,,,,,,,,,,,,,,,,,,1610612742,2026,2025-26,True
1626156-1630230-1630702-1642843-203076,1610612742,"D'Angelo Russell, Naji Marshall, Jaden Hardy, Cooper Flagg, Anthony Davis","Russell, Marshall, Hardy, Flagg, Davis",1626156-1630230-1630702-1642843-203076,DAL,134.0,2,2.0,2.0,4.0,4.0,3.0,8,2.0,2.0,,2.0,1.0,2.0,2.0,4.0,3.0,7.0,5.0,2.0,2.0,2.0,1.0,2.0,,5.0,,,,1.0,3.0,5.0,0.5,1.0,0.5,0.5,0.5,0.42857142857142855,85.97014925373134,20.75,12.75,18.5,12.75,0.2857142857142857,1.0,1.0,0.2857142857142857,,,,0.14285714285714285,0.2857142857142857,0.7142857142857143,0.5728,2.475,24.53333333333333,,1.0,1.0,,,1.0,4.0,,,,1.0,,,,,1.0,1.0,,1.0,0.5,,,,,,,1.0,,,,1.0,1.0,1.0,1.0,1.0,2.0,2.0,3.0,2.0,1.0,1.0,1.0,2.0,3.0,1.0,0.3333333333333333,0.3333333333333333,0.5,0.5,0.5,1.0,0.75,,1.0,,0.5,0.5,1.0,0.5,0.5,0.5671,0.2857142857142857,,,,,,,,,,,1.0,,,,,,,,,,1.0,,,,,,,,,0.5,,1.0,,,,,,,,,,,,,,,,,,,,1.0,,,,0.25,,0.5,,,,,,,,,,,,,,,,,,,,,1.0,,,,,,,,,,,,,,,,,,,,,,,,,,1610612742,2026,2025-26,True
1626156-1630230-1631108-1641726-1642843,1610612742,"D'Angelo Russell, Naji Marshall, Max Christie, Dereck Lively II, Cooper Flagg","Russell, Marshall, Christie, Lively II, Flagg",1626156-1630230-1631108-1641726-1642843,DAL,659.4,3,11.0,-17.0,22.0,25.0,22.0,47,3.0,5.0,1.0,5.0,1.0,9.0,4.0,12.0,10.0,18.0,35.0,2.0,6.0,9.0,1.0,4.0,,11.0,1.0,,4.0,6.0,7.0,11.0,0.25,0.3333333333333333,0.3333333333333333,0.38636363636363635,0.391304347826087,0.45454545454545453,102.63876251137397,16.677272727272726,11.7,15.904545454545454,11.652000000000001,0.22727272727272727,0.6,0.6,0.22727272727272727,0.2,0.2,,0.045454545454545456,0.4090909090909091,0.6818181818181818,0.5398704545454546,6.291666666666667,25.39,2.0,1.0,5.0,1.0,1.0,7.0,11.0,3.0,1.0,,5.0,1.0,0.75,1.0,0.5,1.0,0.8571428571428571,0.5,1.0,0.3333333333333333,0.09090909090909091,2.0,1.0,,,,2.0,2.0,0.68605,0.09090909090909091,4.0,2.0,3.0,3.0,2.0,2.0,7.0,9.0,2.0,3.0,3.0,3.0,2.0,4.0,1.0,0.3,0.3,1.0,0.875,0.875,0.25,0.26666666666666666,0.5,0.25,1.0,0.3333333333333333,0.3333333333333333,1.0,0.5,0.3333333333333333,0.7114,0.3888888888888889,,,,,,,,,,,2.0,1.0,1.0,2.0,,1.0,2.0,1.0,1.0,3.0,2.0,,1.0,2.0,1.0,3.0,1.0,0.5,0.5,0.2857142857142857,0.3333333333333333,1.0,0.5,0.5,1.0,,0.043478260869565216,0.07692307692307693,0.16666666666666666,2.0,,,1.0,,,,,,,,1.0,,1.0,,,,,,,0.06666666666666667,0.5,1.0,1.0,1.0,1.0,,1.0,1.0,,,,,,,,,,,,1.0,1.0,0.5,0.5,0.5,1.0,,,,,,,,,,,,,,,,,,,,1610612742,2026,2025-26,True
1626156-1630230-1631108-1642843-203076,1610612742,"D'Angelo Russell, Naji Marshall, Max Christie, Cooper Flagg, Anthony Davis","Russell, Marshall, Christie, Flagg, Davis",1626156-1630230-1631108-1642843-203076,DAL,182.0,2,3.0,6.0,5.0,5.0,1.0,10,2.0,3.0,,2.0,,2.0,2.0,6.0,2.0,8.0,2.0,,4.0,2.0,,1.0,,3.0,,,1.0,,1.0,4.0,,,0.3333333333333333,0.4375,0.4375,0.25,79.12087912087912,19.8,16.6,16.2,16.6,0.375,0.6666666666666666,0.6666666666666666,0.25,,,,,0.25,0.625,0.5318125,4.966666666666667,26.05,1.0,,2.0,,1.0,3.0,7.0,1.0,1.0,,,,1.0,1.0,,1.0,1.0,,1.0,,0.125,,,,,,,,,,2.0,3.0,1.0,1.0,2.0,3.0,4.0,3.0,2.0,1.0,1.0,1.0,3.0,4.0,1.0,0.5,0.5,0.6666666666666666,0.5,0.5,0.75,0.8,1.0,1.0,1.0,0.5,0.5,1.0,0.75,0.5,0.6285,0.5,,,,,,,,,,,2.0,,,1.0,,1.0,1.0,,,,1.0,,,1.0,,,,,,1.0,1.0,0.6666666666666666,0.25,,,,,,,,,,,,,,,,,1.0,,,1.0,,,,,,,0.2,,,,,,,,,,,,,,,,,,,,,,,,,,,,,,,,,,,,,,,,,,,,,1610612742,2026,2025-26,True
1626156-1630230-1631108-1642843-203939,1610612742,"D'Angelo Russell, Naji Marshall, Max Christie, Cooper Flagg, Dwight Powell","Russell, Marshall, Christie, Flagg, Powell",1626156-1630230-1631108-1642843-203939,DAL,189.2,2,3.0,-1.0,7.0,7.0,4.0,14,,1.0,1.0,2.0,1.0,1.0,2.0,4.0,2.0,7.0,8.0,,4.0,1.0,,1.0,,3.0,,,,2.0,4.0,7.0,,,0.5,0.5833333333333334,0.5833333333333334,0.3333333333333333,106.553911205074,14.828571428571427,12.200000000000001,14.828571428571427,12.200000000000001,0.16666666666666666,,,0.3333333333333333,0.5,0.5,,0.16666666666666666,0.16666666666666666,0.5,0.5026416666666667,10.45,25.95,1.0,,1.0,,,1.0,1.0,,,,1.0,1.0,,,,1.0,1.0,,1.0,,0.16666666666666666,2.0,1.0,1.0,1.0,,,2.0,0.3734,0.2857142857142857,,,1.0,1.0,,,,3.0,,1.0,1.0,1.0,,,1.0,0.5,0.5,,,,,,,,,1.0,1.0,1.0,,1.0,,,1.0,,,,,,,1.0,1.0,,,,,,,,,1.0,,2.0,,,,,,2.0,1.0,1.0,1.0,,,,,,,,,,0.2857142857142857,,,,,,,,,,,,,,,,,,,,,,,,,,,,,,,,,,,,,,,,,,,,,,,,,,,,,,,,,,,,,,,,,,1610612742,2026,2025-26,True
1626156-1630230-1631108-1642948-203076,1610612742,"D'Angelo Russell, Naji Marshall, Max Christie, Ryan Nembhard, Anthony Davis","Russell, Marshall, Christie, Nembhard, Davis",1626156-1630230-1631108-1642948-203076,DAL,215.0,1,4.0,-4.0,8.0,8.0,2.0,16,,,1.0,2.0,,2.0,2.0,3.0,2.0,7.0,11.0,4.0,,2.0,2.0,3.0,1.0,7.0,2.0,,2.0,1.0,4.0,7.0,1.0,1.0,0.6666666666666666,0.7,0.5833333333333334,0.4,107.16279069767441,11.5,15.375,11.5,14.25,,,,0.4,0.5,0.5,1.0,,0.4,0.4,0.4908,14.133333333333333,25.4,1.0,,,2.0,1.0,3.0,3.0,,,,1.0,,,1.0,0.6666666666666666,,0.6666666666666666,0.5,,,0.2,,,,,1.0,,,,,,,1.0,1.0,,,,3.0,,1.0,1.0,1.0,,,1.0,0.5,0.5,,,,,,,,,0.5,0.5,1.0,,0.5,,,1.0,,1.0,,,,,1.0,1.0,1.0,,,,,,,,,,,,,,2.0,1.0,,,,,,,,,,,,0.16666666666666666,0.25,,,,,,,,,,1.0,1.0,,,,,,,,,,,,,,,,,,,,,,,,,,,,,,,,,,,,,,,,,,,,,,,,,,,,,,,,1610612742,2026,2025-26,True
1626156-1630230-1641726-1642843-202691,1610612742,"D'Angelo Russell, Naji Marshall, Dereck Lively II, Cooper Flagg, Klay Thompson","Russell, Marshall, Lively II, Flagg, Thompson",1626156-1630230-1641726-1642843-202691,DAL,84.0,1,1.0,3.0,4.0,3.0,2.0,7,,,,1.0,,1.0,,1.0,1.0,5.0,2.0,,,1.0,,1.0,,3.0,,,,,,5.0,,,,0.75,0.8333333333333334,0.5,120.00000000000001,5.0,21.333333333333332,5.0,21.333333333333332,,,,0.5,,,,,0.5,0.5,0.51455,12.8,26.0,,,,2.0,,2.0,2.0,,,,1.0,,,,1.0,,1.0,,,,,,,,,,,,,,,,1.0,1.0,,,,3.0,,1.0,1.0,1.0,,,1.0,1.0,1.0,,,,,,,,,1.0,1.0,1.0,,1.0,,,,,,,,,,,,,,,,,,2.0,,,,,,,,2.0,1.0,,,,,,,,,,,,0.3333333333333333,0.5,,,,,,,,,,,1.0,,,,,,,,,,,,,,,,,,,,,,,,,,,,,,,,,,,,,,,,,,,,,,,,,,,,,,,,1610612742,2026,2025-26,True
1626156-1630230-1642843-202691-203076,1610612742,"D'Angelo Russell, Naji Marshall, Cooper Flagg, Klay Thompson, Anthony Davis","Russell, Marshall, Flagg, Thompson, Davis",1626156-1630230-1642843-202691-203076,DAL,11.0,1,,-2.0,,1.0,,1,,,,,,,,,,,2.0,,,,,,,,,,,1.0,1.0,,,,,,,,130.9090909090909,,11.0,,11.0,,,,,,,,,,,,,,,,,,,,,,,,,,,,,,,,,,,,,,,,,,,,,,,,,,,,,,,,,,,,,,,,,,,,,,,,,,,,,,,,,,,,,,,,,,,,,,,,,,,,,,,,,,,,,,,,,,,,,,,,,,,,,,,,,,,,,,,,,,,,,,,,,,,,,,,,,,,,,,,,,,,,,,,,,,,,,,,,,,,,1610612742,2026,2025-26,True
1626156-1631108-1642843-202691-203076,1610612742,"D'Angelo Russell, Max Christie, Cooper Flagg, Klay Thompson, Anthony Davis","Russell, Christie, Flagg, Thompson, Davis",1626156-1631108-1642843-202691-203076,DAL,166.0,1,3.0,-5.0,5.0,6.0,,11,,1.0,1.0,3.0,2.0,,1.0,4.0,2.0,5.0,10.0,,2.0,,,1.0,,3.0,,,,,1.0,2.0,,,0.25,0.4166666666666667,0.4166666666666667,0.3333333333333333,95.42168674698796,17.4,13.166666666666666,16.8,13.166666666666666,0.16666666666666666,,,0.5,0.3333333333333333,0.5,,0.3333333333333333,,0.5,0.561875,6.575,23.65,,,2.0,,,2.0,3.0,,,,,,,,,1.0,0.6666666666666666,,1.0,,,,,,,,,,,,1.0,,,1.0,,,3.0,3.0,,,1.0,,1.0,1.0,1.0,0.5,0.5,,1.5,1.5,0.3333333333333333,0.25,1.0,,1.0,,,,,,0.63195,0.6,,,,,,,,,,,,,,,,,1.0,,,,,,,,,,,,,,,,,,,,,,,,1.0,,,,,,1.0,,,,,1.0,,,,0.25,,0.3333333333333333,,,,,,,,,,,1.0,1.0,0.5,0.5,1.0,,,,,,,,1.0,1.0,,,,1.0,1.0,1.0,,,,,,,,,,,,,,,,,1610612742,2026,2025-26,True
1626156-1631108-1642843-202691-203939,1610612742,"D'Angelo Russell, Max Christie, Cooper Flagg, Klay Thompson, Dwight Powell","Russell, Christie, Flagg, Thompson, Powell",1626156-1631108-1642843-202691-203939,DAL,140.5,1,2.0,1.0,5.0,5.0,5.0,10,,,1.0,1.0,,1.0,1.0,1.0,1.0,3.0,2.0,,2.0,1.0,,,,,2.0,,3.0,,3.0,3.0,,,1.0,0.5,0.5,0.5,102.49110320284697,10.32,17.78,9.52,16.78,,,,0.5,1.0,1.0,,,0.5,0.5,0.50605,10.3,25.0,,,1.0,2.0,,3.0,4.0,1.0,,,1.0,1.0,0.3333333333333333,,0.6666666666666666,0.3333333333333333,0.5,1.0,,,,5.0,1.0,,,,,5.0,0.50605,1.0,1.0,,,,,,,,,,,,,1.0,,,,,,,,1.0,,,1.0,,,,,,,,,,,,,,,,,,,,,,1.0,1.0,,1.0,1.0,3.0,1.0,3.0,,2.0,,3.0,1.0,0.5,0.5,1.0,1.0,,,,,0.5,,,1.0,1.0,,,1.0,,1.0,1.0,,1.0,,,,,,1.0,,,,,,,,2.0,1.0,2.0,1.0,,1.0,0.5,,,,,,,,,1.0,,,,,,,,,,,,1.0,,,,,,,,,,,,,,,,1610612742,2026,2025-26,True
1626156-1641726-1642843-202691-203076,1610612742,"D'Angelo Russell, Dereck Lively II, Cooper Flagg, Klay Thompson, Anthony Davis","Russell, Lively II, Flagg, Thompson, Davis",1626156-1641726-1642843-202691-203076,DAL,28.0,1,,,,1.0,,1,,,1.0,1.0,,,1.0,1.0,,2.0,2.0,2.0,,,1.0,1.0,1.0,2.0,,,,,,2.0,1.0,1.0,1.0,1.0,1.0,,51.42857142857143,,16.0,,16.0,,,,1.0,1.0,1.0,1.0,,,,0.4863,10.2,,,,,,,,,,,,1.0,,,,,,,,,,,,,,,,,,,,,,,,,,,,,,,,,,,,,,,,,,,,,,,,,,,,,,,,,,,,,,,,,,,,,,,,,,,1.0,1.0,,,,,,,,,,,,1.0,1.0,,,,,,1.0,,,,,,,,,,,,,,,,,,,,,,,,,,,,,,,,,,,,,,,,,,,,,,,,,,,,,,,,,,,,,1610612742,2026,2025-26,True
1628997-1629023-1630230-1631108-1641726,1610612742,"Caleb Martin, P.J. Washington, Naji Marshall, Max Christie, Dereck Lively II","Martin, Washington, Marshall, Christie, Lively II",1628997-1629023-1630230-1631108-1641726,DAL,8.7,1,,,1.0,,,1,,,,,,1.0,,,1.0,,,,,1.0,,,,,,,,,,,,,,,,1.0,165.51724137931035,8.7,,8.7,,,,,,,,,,1.0,1.0,0.3156,,25.6,,,,,,,,,,,,,,,,,,,,,,1.0,,,,,,1.0,0.3156,1.0,,,,,,,,,,,,,,,,,,,,,,,,,,,,,,,,,,,,,,,,,,,,,,,1.0,,,,1.0,,,,,,,,,,,,,,,,,1.0,,,,,,,,,,,,,,,,,,,,,,,,,,,,,,,,,,,,,,,,,,,,,,,,,,,,,,,,,,,,,,,,,,,,,1610612742,2026,2025-26,True
1628997-1629023-1630230-1631108-1642843,1610612742,"Caleb Martin, P.J. Washington, Naji Marshall, Max Christie, Cooper Flagg","Martin, Washington, Marshall, Christie, Flagg",1628997-1629023-1630230-1631108-1642843,DAL,36.699999999999996,3,1.0,6.0,2.0,1.0,1.0,3,,,,,,2.0,,,2.0,6.0,,,,2.0,,1.0,,3.0,,,,,,6.0,,,,1.5,1.0,1.0,117.71117166212535,16.7,3.3,16.7,3.1999999999999997,,,,,,,,,1.0,1.0,0.482925,,25.0,,,,,,,,,,,2.0,,,,,,,,,,,2.0,,,,,,2.0,0.482925,1.0,,,2.0,2.0,,,,3.0,,2.0,1.0,1.0,,,0.5,1.0,1.0,,,,,,,,,1.0,1.0,0.5,,1.0,,,,,,,,,,,,,,,,,2.0,,,,2.0,6.0,,,,2.0,1.0,6.0,,1.5,1.0,,,,,,,1.0,0.3333333333333333,1.0,1.0,,,,,,,,,,,,,,,,,,,,,,,,,,,,,,,,,,,,,,,3.0,,,,,,,,,,,,2.0,2.0,1.0,1.0,,,,,,,,,,,,1610612742,2026,2025-26,True
1628997-1629023-1630314-1630702-1642843,1610612742,"Caleb Martin, P.J. Washington, Brandon Williams, Jaden Hardy, Cooper Flagg","Martin, Washington, Williams, Hardy, Flagg",1628997-1629023-1630314-1630702-1642843,DAL,170.0,1,3.0,4.0,7.0,7.0,,14,1.0,1.0,2.0,2.0,,5.0,3.0,3.0,5.0,6.0,2.0,2.0,4.0,5.0,1.0,1.0,,2.0,,,,,1.0,6.0,0.3333333333333333,0.3333333333333333,1.0,0.375,0.375,0.625,118.58823529411764,13.571428571428571,10.714285714285714,12.142857142857142,10.714285714285714,0.125,1.0,1.0,0.25,1.0,1.0,,,0.625,0.75,0.5283125,4.466666666666667,26.4,,1.0,1.0,4.0,,5.0,6.0,,,,2.0,,,,1.0,1.0,1.0,1.0,1.0,1.0,,,,1.0,,,,,,,1.0,,,,,,,,,,,,,1.0,,,,,,,,0.2,,,,,,,,,,,,,,1.0,,,,,,,,,,1.0,,,1.0,,,,1.0,,,1.0,1.0,,,,,0.2,0.2,,1.0,,,,0.125,0.3333333333333333,,,,,,1.0,,,,,1.0,,,,,,,,,,,,,2.0,2.0,2.0,,,2.0,1.0,,,,,,,,,,,,,,,,,,,,,,,,,,,,,,,,,,,,,1610612742,2026,2025-26,True
1628997-1630230-1630314-1642843-203939,1610612742,"Caleb Martin, Naji Marshall, Brandon Williams, Cooper Flagg, Dwight Powell","Martin, Marshall, Williams, Flagg, Powell",1628997-1630230-1630314-1642843-203939,DAL,184.4,1,3.0,-4.0,7.0,8.0,8.0,15,,3.0,1.0,3.0,1.0,1.0,2.0,8.0,2.0,4.0,8.0,4.0,,1.0,2.0,2.0,1.0,4.0,1.0,,2.0,2.0,2.0,,1.0,1.0,0.25,0.2,0.2,0.2,117.13665943600869,13.314285714285715,11.4,10.885714285714286,11.4,0.3,,,0.3,0.3333333333333333,0.5,1.0,0.1,0.1,0.5,0.5325249999999999,6.6625,24.65,2.0,,1.0,2.0,,3.0,8.0,1.0,1.0,,1.0,,0.5,,1.0,1.0,1.0,,1.0,,0.2,7.0,8.0,1.0,1.0,,,7.0,0.5325249999999999,1.0,3.0,2.0,,,2.0,4.0,4.0,,,,,,4.0,5.0,,,,0.5,0.4,0.4,0.6666666666666666,0.625,1.0,0.5,,,,,0.4,,0.53495,1.0,1.0,,1.0,,,,1.0,0.5,0.5,1.0,,,3.0,1.0,1.0,,1.0,2.0,2.0,4.0,1.0,2.0,,,,4.0,0.25,0.2,0.2,0.5,,,0.2,0.3,,0.1,,,1.0,,,,,,,,,,,,1.0,1.0,,,,0.125,,0.3333333333333333,,,0.1,,,,,1.0,,,,,,,,,,,,,1.0,,,,,,,,,,,,,,,,,,,,,,,,,,1610612742,2026,2025-26,True
1628997-1630230-1631108-1642843-203939,1610612742,"Caleb Martin, Naji Marshall, Max Christie, Cooper Flagg, Dwight Powell","Martin, Marshall, Christie, Flagg, Powell",1628997-1630230-1631108-1642843-203939,DAL,15.9,1,,2.0,1.0,,,1,,,,,,,,,,2.0,,,,,,,,,,,,,,2.0,,,,,1.0,,90.56603773584905,15.9,,15.9,,,,,,,,,,,,,,,,,,,,,,,,,1.0,,,,,,,,,,,1.0,,,,,,1.0,,1.0,,,,,,,,,,,,,,,,,,,,,,,,,,,,,,,,,,,,,,,,,,,,,,,,2.0,,,,2.0,,,,2.0,1.0,2.0,,,1.0,,,,,,,,1.0,1.0,1.0,,,,2.0,,,,,,,,,,,,,,,,,,,,,,,,,,,,,,,,,,,,,,,,,,,,,,,,,,,,,,,,,,,,,,1610612742,2026,2025-26,True
1628997-1630314-1630619-1630702-1642948,1610612742,"Caleb Martin, Brandon Williams, Moussa Cisse, Jaden Hardy, Ryan Nembhard","Martin, Williams, Cisse, Hardy, Nembhard",1628997-1630314-1630619-1630702-1642948,DAL,244.0,1,4.0,4.0,9.0,9.0,9.0,18,1.0,1.0,1.0,1.0,1.0,2.0,2.0,3.0,3.0,11.0,7.0,,4.0,2.0,,2.0,,6.0,4.0,,5.0,1.0,4.0,6.0,,,0.6666666666666666,0.8333333333333334,0.9166666666666666,0.5,106.22950819672131,10.844444444444443,16.266666666666666,10.399999999999999,16.155555555555555,0.16666666666666666,1.0,1.0,0.16666666666666666,1.0,1.0,,0.16666666666666666,0.3333333333333333,0.6666666666666666,0.52025,8.700000000000001,25.333333333333332,1.0,,1.0,2.0,,3.0,5.0,1.0,,,1.0,1.0,0.2,,1.0,1.0,1.0,,1.0,,0.16666666666666666,2.0,,2.0,,,,2.0,0.51495,0.2222222222222222,2.0,1.0,2.0,2.0,1.0,1.0,5.0,6.0,2.0,2.0,2.0,2.0,1.0,2.0,1.0,0.6666666666666666,0.6666666666666666,1.0,1.25,1.25,1.0,1.0,,,,1.0,1.0,1.0,0.5,1.0,0.5337,0.45454545454545453,,,,2.0,,,1.0,,,,1.0,,,1.0,1.0,1.0,1.0,,1.0,3.0,1.0,1.0,,1.0,1.0,3.0,,1.5,1.5,1.0,,1.0,0.5,,,1.0,0.16666666666666666,0.3333333333333333,0.2727272727272727,1.0,,,,1.0,,,,2.0,1.0,,,,,,,,,,1.0,,,,,,,1.0,,,,,,,,,,,,,1.0,1.0,1.0,1.0,,1.0,1.0,,,,,1.0,1.0,1.0,1.0,,,,,,,,,,,,1610612742,2026,2025-26,True
1628997-1630702-1642939-1642948-203939,1610612742,"Caleb Martin, Jaden Hardy, Miles Kelly, Ryan Nembhard, Dwight Powell","Martin, Hardy, Kelly, Nembhard, Powell",1628997-1630702-1642939-1642948-203939,DAL,131.0,1,2.0,6.0,8.0,9.0,9.0,17,1.0,1.0,,,1.0,3.0,1.0,2.0,4.0,14.0,8.0,,2.0,3.0,,3.0,,9.0,,,1.0,,2.0,11.0,,,0.5,0.9166666666666666,0.875,0.6666666666666666,186.8702290076336,9.0,6.555555555555555,8.75,6.511111111111111,0.16666666666666666,1.0,1.0,,,,,0.16666666666666666,0.5,0.8333333333333334,0.5510083333333333,8.1,24.975,1.0,,,,,,1.0,1.0,,,5.0,2.0,1.0,,,,,,,,0.16666666666666666,8.0,2.0,2.0,2.0,,,8.0,0.5510083333333333,1.0,1.0,,3.0,3.0,,,3.0,9.0,,3.0,3.0,3.0,1.0,1.0,1.0,0.75,0.75,,1.5,1.5,1.0,0.5,,,,1.0,1.0,1.0,,1.0,0.5166,0.21428571428571427,,,,,,,,,,,,1.0,1.0,1.0,3.0,3.0,1.0,1.0,4.0,14.0,,1.0,3.0,4.0,2.0,14.0,0.5,0.9166666666666666,0.875,,,,1.0,0.16666666666666666,1.0,0.5,0.25,0.5,1.0,1.0,,,3.0,,,,,,,,1.0,,1.0,,,,,,1.0,0.5,0.16666666666666666,1.0,1.0,1.0,,,,,,,,,,,,,,,,1.0,1.0,1.0,,1.0,1.0,,,,,3.0,3.0,0.75,1.0,,,,,,,,,,,,1610612742,2026,2025-26,True
1628997-1631108-1642843-202691-203939,1610612742,"Caleb Martin, Max Christie, Cooper Flagg, Klay Thompson, Dwight Powell","Martin, Christie, Flagg, Thompson, Powell",1628997-1631108-1642843-202691-203939,DAL,24.5,1,,,1.0,,,1,,1.0,,,,,,2.0,,,,,,,,,,,,,,,,,,,,,,,58.775510204081634,22.9,,22.599999999999998,,0.5,,,,,,,,,0.5,0.45205,7.7,,1.0,,,,,,1.0,,,,,,,,,,,,,,0.5,1.0,2.0,,,,,1.0,0.45205,1.0,1.0,1.0,,,,1.0,,,,,,,1.0,1.0,,,,,,,0.5,0.5,,,,,,,1.0,,0.5616,,,,,,,,,,,,,,1.0,,,,,,,,,,,,,,,,,,,,,0.5,,,,,,,,,,,,,,,,,,,,,,,,,1.0,,,,,,,,,,,,,,,,,,,,,,,,,,,,,,,,,,,,,,,,,,,,,,1610612742,2026,2025-26,True
1629023-1630230-1630314-1631108-1642843,1610612742,"P.J. Washington, Naji Marshall, Brandon Williams, Max Christie, Cooper Flagg","Washington, Marshall, Williams, Christie, Flagg",1629023-1630230-1630314-1631108-1642843,DAL,35.8,1,1.0,,2.0,2.0,2.0,4,,,,,,1.0,,,1.0,2.0,2.0,,,1.0,,,,,,,,,1.0,2.0,,,,,0.5,1.0,160.8938547486034,9.5,8.4,9.5,8.4,,,,,,,,,1.0,1.0,0.49095,,27.0,,,,,,,,,,,1.0,1.0,,,,,,,,,,1.0,,,,,,1.0,0.49095,0.5,,,,,,,,,,,,,,,,,,,,,,,,,,,,,,,,,,,,,,,,,,,,,,,1.0,2.0,,,1.0,,,,,3.0,,,,,,,,,,,,1.0,0.5,,,,,,,,,,,,,,,,,,,,,,,,,,,,,,,,,,,,,1.0,,0.5,,,,,,,,,,,,,,,,,,,,,,,,,,,,,1610612742,2026,2025-26,True
1629023-1630230-1630314-1631108-203076,1610612742,"P.J. Washington, Naji Marshall, Brandon Williams, Max Christie, Anthony Davis","Washington, Marshall, Williams, Christie, Davis",1629023-1630230-1630314-1631108-203076,DAL,44.0,1,1.0,1.0,1.0,2.0,,3,,,,,,,,,,3.0,2.0,,,,,,,,,,,,1.0,3.0,,,,,0.75,,98.18181818181819,11.0,16.5,11.0,16.5,,,,,,,,,,,,,,,,,,,,,,,,2.0,,,,,,,,,,,,,1.0,1.0,,,,,,,,,,,,,,,,,,,,,,,,,,,,,,,,,,,,,,,,,,,,,,,,,,,,,3.0,,,,,,,,4.0,2.0,,,,,,,,,,,,1.0,1.0,,,,,,,,,,,,,,,,,,,,,,,,,,,,,,,,,,,,,,,,,,,,,,,,,,,,,,,,,,,,,,,,,,,1610612742,2026,2025-26,True
1629023-1630230-1630314-1642843-202691,1610612742,"P.J. Washington, Naji Marshall, Brandon Williams, Cooper Flagg, Klay Thompson","Washington, Marshall, Williams, Flagg, Thompson",1629023-1630230-1630314-1642843-202691,DAL,96.0,1,2.0,4.0,5.0,4.0,,9,,,,1.0,,2.0,,1.0,2.0,10.0,6.0,,,2.0,,1.0,,3.0,,,,1.0,1.0,10.0,,,,1.0,1.0,0.6666666666666666,135.0,10.8,10.5,10.8,10.5,,,,0.3333333333333333,,,,,0.6666666666666666,0.6666666666666666,0.5137166666666667,11.0,25.25,,,,,,,,,,,3.0,,,,,,,,,,,1.0,,,,,,1.0,,0.2,,,2.0,2.0,,,,3.0,,2.0,1.0,1.0,,,0.5,1.0,1.0,,,,,,,,,1.0,1.0,0.5,,1.0,,,,,,,,,,,,,,,,,,4.0,,,,2.0,,,,5.0,2.0,2.0,,,1.0,,,,,,,,0.6,0.6666666666666666,0.2,,,,2.0,,,,,,,,,,,,,,,,,,,,,,,,,,,,,,,1.0,,0.5,,3.0,,,,,,,,,,,,,,,,1.0,,,,,,,,,,,1610612742,2026,2025-26,True
1629023-1630230-1630702-1631108-1642948,1610612742,"P.J. Washington, Naji Marshall, Jaden Hardy, Max Christie, Ryan Nembhard","Washington, Marshall, Hardy, Christie, Nembhard",1629023-1630230-1630702-1631108-1642948,DAL,97.0,1,2.0,3.0,3.0,3.0,,6,2.0,3.0,1.0,1.0,,,3.0,5.0,,6.0,3.0,,6.0,,,,,,,,,,,4.0,,,0.6,0.6,0.6,,89.0721649484536,11.333333333333334,21.0,11.333333333333334,21.0,0.6,0.6666666666666666,0.6666666666666666,0.2,1.0,1.0,,,,0.6,0.59326,4.96,,1.0,,1.0,1.0,,2.0,4.0,,,,,,,,1.0,1.0,1.0,1.0,1.0,,0.2,3.0,5.0,,,,,3.0,0.59326,1.0,1.0,2.0,,,1.0,2.0,2.0,,2.0,,,,2.0,2.0,,,,0.5,0.5,0.5,1.0,1.0,1.0,,,,,,1.0,,0.6227,0.3333333333333333,,,,,,,,,,,1.0,2.0,3.0,,,,,3.0,,6.0,,,,,,6.0,0.6,0.6,0.6,,,0.5,,0.6,0.6666666666666666,,,,1.0,,,,,,,,,,,,,,1.0,,,,,,1.0,0.5,,,,,,,,,,,,,,,,,,,,,,,,,,,,,,,,,,,,,,,,,,,,,1610612742,2026,2025-26,True
1629023-1630230-1630702-1631108-203076,1610612742,"P.J. Washington, Naji Marshall, Jaden Hardy, Max Christie, Anthony Davis","Washington, Marshall, Hardy, Christie, Davis",1629023-1630230-1630702-1631108-203076,DAL,198.3,2,3.0,7.0,7.0,9.0,9.0,16,2.0,2.0,1.0,2.0,2.0,2.0,3.0,4.0,4.0,15.0,8.0,6.0,,2.0,3.0,6.0,1.0,15.0,,,,1.0,1.0,15.0,1.0,1.0,0.75,0.9375,0.8333333333333334,0.5,116.1875945537065,13.700000000000001,11.377777777777778,13.700000000000001,11.377777777777778,0.25,1.0,1.0,0.25,0.5,0.5,1.0,0.25,0.25,0.75,0.569975,4.125,24.375,,2.0,,1.0,1.0,2.0,2.0,,,,2.0,,,1.0,1.0,,1.0,,,1.0,,6.0,3.0,1.0,,,,6.0,0.5711,0.8571428571428571,,,2.0,3.0,,,,9.0,,2.0,3.0,2.0,,,1.0,0.75,0.75,,,,,,,,,1.0,1.0,1.0,,1.0,,,,,,1.0,,,1.0,,,,,1.0,1.0,,2.0,,,2.0,3.0,10.0,,,1.0,1.0,,10.0,0.6666666666666666,0.8333333333333334,0.8333333333333334,,,,,0.16666666666666666,1.0,0.3333333333333333,,,0.6666666666666666,,,,,,1.0,,,,,,1.0,,,,,,,,,,0.16666666666666666,,,,,,,,1.0,1.0,0.5,0.5,1.0,,,,,,,,,,,,,,,,,2.0,2.0,0.6666666666666666,1.0,,,,,,,,,,,,1610612742,2026,2025-26,True
1629023-1630230-1630702-1642843-203076,1610612742,"P.J. Washington, Naji Marshall, Jaden Hardy, Cooper Flagg, Anthony Davis","Washington, Marshall, Hardy, Flagg, Davis",1629023-1630230-1630702-1642843-203076,DAL,35.0,1,1.0,4.0,2.0,1.0,,3,1.0,1.0,,,,,1.0,1.0,,5.0,1.0,,2.0,,,,,,,,,1.0,1.0,5.0,,,1.0,1.0,1.25,,123.42857142857142,12.5,10.0,12.5,10.0,1.0,1.0,1.0,,,,,,,1.0,0.6013,2.2,,,,,,,,,,,,1.0,,,,,,,,,,,,,,,,,,,,,,,,,,,,,,,,,,,,,,,,,,,,,,,,,,,,,,,,,,,,,,,,,,,3.0,,,,,,,,3.0,,,,,,,,,,,,,0.5,,,,,,,,,,,,,,,,,,,,,,,,,,,,,,,,,,,,,1.0,,1.0,,,,,,,,,,,,,,,,,,,,,,,,,,,,,1610612742,2026,2025-26,True
1629023-1630230-1631108-1641726-1642843,1610612742,"P.J. Washington, Naji Marshall, Max Christie, Dereck Lively II, Cooper Flagg","Washington, Marshall, Christie, Lively II, Flagg",1629023-1630230-1631108-1641726-1642843,DAL,188.0,1,3.0,-7.0,6.0,7.0,,13,,,,,,4.0,,,4.0,3.0,10.0,,,4.0,,1.0,,3.0,1.0,,2.0,1.0,2.0,3.0,,,,0.375,0.375,1.0,99.57446808510639,15.5,13.571428571428571,15.5,13.571428571428571,,,,,,,,,1.0,1.0,0.5337375,,25.275,,,1.0,1.0,,2.0,2.0,1.0,1.0,,2.0,,0.5,,1.0,1.0,1.0,,,,,,,,,,,,,,,,1.0,1.0,,,,3.0,,1.0,1.0,1.0,,,1.0,0.25,0.25,,,,,,,,1.0,0.25,0.25,1.0,,0.25,,,,,,,,,1.0,,,,,,,,,,,,,,,,1.0,,,,,,,,,,,,,,,,,,,,,,,,,,,,,,,,,,,,,,,1.0,,1.0,,1.0,1.0,1.0,,,,,,,,,1.0,,,,,,,,,,,,,,,,,,,,,,,,,,,,1610612742,2026,2025-26,True
1629023-1630230-1631108-1642843-203076,1610612742,"P.J. Washington, Naji Marshall, Max Christie, Cooper Flagg, Anthony Davis","Washington, Marshall, Christie, Flagg, Davis",1629023-1630230-1631108-1642843-203076,DAL,593.6,4,10.0,12.0,26.0,23.0,19.0,49,6.0,8.0,2.0,6.0,1.0,,8.0,15.0,1.0,32.0,20.0,6.0,10.0,,3.0,4.0,,9.0,3.0,,5.0,3.0,5.0,32.0,0.375,0.375,0.5333333333333333,0.59375,0.7272727272727273,0.0625,118.86792452830187,11.242307692307692,13.1,11.103846153846153,13.095652173913043,0.5,0.75,0.75,0.375,0.3333333333333333,0.4,,0.0625,,0.5625,0.566234375,4.866666666666666,22.8,1.0,3.0,5.0,2.0,2.0,9.0,12.0,2.0,1.0,1.0,7.0,1.0,0.4,1.0,1.0,0.8333333333333334,0.875,,0.8,0.5,0.0625,21.0,13.0,3.0,1.0,,,21.0,0.5472321428571428,0.8076923076923077,2.0,1.0,,1.0,,2.0,,3.0,,,1.0,,2.0,3.0,1.0,1.0,1.0,,,,0.3333333333333333,0.3333333333333333,0.5,0.25,1.0,,,,0.5,,0.45735,,,,,2.0,,,1.0,,,,,4.0,6.0,,,13.0,,6.0,1.0,26.0,,4.0,,13.0,3.0,26.0,0.46153846153846156,0.5357142857142857,0.6842105263157895,,,,,0.42857142857142855,0.6666666666666666,,0.16666666666666666,0.17647058823529413,0.8125,1.0,,,11.0,1.0,4.0,4.0,,1.0,,,1.0,1.0,,,,0.06666666666666667,,0.16666666666666666,,,0.07142857142857142,1.0,,2.0,,,1.0,0.5,1.0,1.0,1.0,1.0,1.0,,,,1.0,,,,,,,,,,,,,,1.0,1.0,,,1.0,1.0,1.0,1.0,0.5,1.0,,,,,1610612742,2026,2025-26,True
1629023-1630230-1631108-1642843-203939,1610612742,"P.J. Washington, Naji Marshall, Max Christie, Cooper Flagg, Dwight Powell","Washington, Marshall, Christie, Flagg, Powell",1629023-1630230-1631108-1642843-203939,DAL,3.4,1,,,,1.0,1.0,1,,,,,,1.0,,,1.0,,,,,1.0,,,,,,,,,,,,,,,,1.0,423.5294117647059,,,,,,,,,,,,,1.0,1.0,0.37695,,26.9,,,,,,,2.0,,,,,,,,,,,,,,,,,,,,,,0.37695,,,,,,,,,,,,,,,2.0,,,,,,,,1.0,,,,,,,,,0.37695,,,,,,,,,,,,,,,1.0,1.0,,1.0,,1.0,,1.0,,,,,,,,,1.0,1.0,,1.0,,,1.0,,,,,,,,,,,,,,,,,,,,,,,,,,,,,,,,,,,,,,,,,,,,,,,,,,,,,,,,,,,,1.0,,,1.0,,,,,,1610612742,2026,2025-26,True
1629023-1630230-1631108-1642948-203076,1610612742,"P.J. Washington, Naji Marshall, Max Christie, Ryan Nembhard, Anthony Davis","Washington, Marshall, Christie, Nembhard, Davis",1629023-1630230-1631108-1642948-203076,DAL,221.0,1,4.0,4.0,6.0,6.0,5.0,12,2.0,2.0,2.0,3.0,,,4.0,5.0,,9.0,5.0,2.0,6.0,,1.0,1.0,1.0,2.0,1.0,1.0,1.0,,1.0,7.0,0.25,0.3333333333333333,0.8,0.8,0.75,,78.19004524886878,17.5,19.333333333333332,17.333333333333332,19.333333333333332,0.4,1.0,1.0,0.6,0.6666666666666666,0.6666666666666666,0.5,,,0.4,0.45603999999999995,5.62,,,,,3.0,,3.0,4.0,,,,1.0,,,,1.0,,1.0,1.0,,,,,,1.0,,,,,,,1.0,1.0,,,1.0,1.0,2.0,,2.0,,,,1.0,1.0,,,,1.0,1.0,1.0,1.0,1.0,,1.0,,,,,1.0,,0.5328,0.2222222222222222,,,,1.0,,,,,,,1.0,,,,,1.0,,,,,,,,2.0,1.0,,,,,,,1.0,,,,,0.16666666666666666,0.16666666666666666,,,,,,,,,,,1.0,,,,,,,,,,,,,,,,,,,,,,,,,,,,,,,,,,,,,,,,,,,,,,,,,,,,,,,,1610612742,2026,2025-26,True
1629023-1630230-1641726-202691-203076,1610612742,"P.J. Washington, Naji Marshall, Dereck Lively II, Klay Thompson, Anthony Davis","Washington, Marshall, Lively II, Thompson, Davis",1629023-1630230-1641726-202691-203076,DAL,28.0,1,,,1.0,1.0,,2,,,,1.0,,,,1.0,,,,,,,,,,,,,,,,,,,,,,,102.85714285714286,19.0,9.0,19.0,9.0,,,,1.0,,,,,,,0.4328,4.9,,,,,1.0,,1.0,1.0,,,,1.0,,,,1.0,,1.0,1.0,,,,,,,,,,,,,,,,,,,,,,,,,,,,,,,,,,,,,,,,,,,,,,,,,,,,,,,,,,,,,,,,,,,,,,,,,,,,,,,,,,,,,,,,,,,,,,,,,,,,,,,,,,,,,,,,,,,,,,,,,,,,,,,,,,,,,,,,,,,,,,,,,,,,,1610612742,2026,2025-26,True
1629023-1630230-1642843-202691-203076,1610612742,"P.J. Washington, Naji Marshall, Cooper Flagg, Klay Thompson, Anthony Davis","Washington, Marshall, Flagg, Thompson, Davis",1629023-1630230-1642843-202691-203076,DAL,31.0,1,1.0,5.0,2.0,1.0,,3,1.0,1.0,,,1.0,,1.0,1.0,1.0,5.0,,2.0,,,1.0,2.0,,5.0,,,,,,5.0,1.0,1.0,1.0,1.25,1.25,0.5,139.3548387096774,5.0,21.0,5.0,21.0,0.5,1.0,1.0,,,,,0.5,,1.0,0.72495,0.6,22.9,,1.0,,,,,,,,,,,,,,,,,,1.0,,,,1.0,,,,,,,,,,1.0,,,,3.0,,,1.0,,,,1.0,1.0,1.0,,,,,,,,,,,,,,,,,,,1.0,,,,,,,,,,,,,,,,,,,,,,,,,,,,,,,,,,,,,,,,,,,,,,,,,,,,,,,,,,,,,,,,,1.0,1.0,1.0,1.0,1.0,,,,,,,,,,,,,,,,,,,,,,,,,,,,,,,,1610612742,2026,2025-26,True
1629023-1630314-1630702-1631108-1642843,1610612742,"P.J. Washington, Brandon Williams, Jaden Hardy, Max Christie, Cooper Flagg","Washington, Williams, Hardy, Christie, Flagg",1629023-1630314-1630702-1631108-1642843,DAL,72.0,1,1.0,,2.0,2.0,,4,1.0,1.0,,2.0,,,1.0,3.0,,2.0,2.0,,2.0,,,,,,,,,,,,,,0.3333333333333333,0.3333333333333333,0.3333333333333333,,80.0,23.05,12.95,23.0,12.95,0.3333333333333333,1.0,1.0,0.6666666666666666,,,,,,0.3333333333333333,0.4776666666666667,4.366666666666666,,,,1.0,,,1.0,2.0,,,,,,,,,1.0,1.0,,1.0,,,2.0,3.0,,,,,2.0,0.4776666666666667,1.0,1.0,1.0,,,1.0,1.0,2.0,,2.0,,,,1.0,1.0,,,,1.0,1.0,1.0,0.5,0.5,,0.5,,,,,1.0,,0.7195,1.0,,,,,,,,,,,1.0,1.0,1.0,,,,,1.0,,2.0,,,,,,2.0,0.3333333333333333,0.3333333333333333,0.3333333333333333,,,1.0,,0.3333333333333333,1.0,,,,1.0,,,,,,,,,,,,,1.0,,,,0.3333333333333333,,0.5,,,,,,,,,,,,,,,,,,,,,,,,,,,,,,,,,,,,,,,,,,,,,,,1610612742,2026,2025-26,True
1629023-1630314-1631108-1642843-203076,1610612742,"P.J. Washington, Brandon Williams, Max Christie, Cooper Flagg, Anthony Davis","Washington, Williams, Christie, Flagg, Davis",1629023-1630314-1631108-1642843-203076,DAL,237.2,2,4.0,,8.0,8.0,7.0,16,1.0,2.0,1.0,3.0,,2.0,3.0,6.0,2.0,12.0,12.0,6.0,,2.0,3.0,5.0,1.0,12.0,,,1.0,,2.0,12.0,1.0,1.0,0.5,0.75,0.75,0.25,97.13322091062395,12.625,17.025,12.5,17.025,0.25,0.5,1.0,0.375,0.3333333333333333,0.3333333333333333,1.0,,0.25,0.5,0.56625625,7.3500000000000005,26.7,1.0,1.0,1.0,1.0,,2.0,4.0,1.0,1.0,,,,1.0,,1.0,1.0,1.0,1.0,1.0,1.0,0.125,1.0,1.0,1.0,,,,1.0,0.4492,0.125,1.0,,2.0,2.0,,,,6.0,,2.0,2.0,2.0,2.0,2.0,1.0,1.0,1.0,,,,0.6666666666666666,0.6666666666666666,1.0,0.5,,1.0,1.0,1.0,,1.0,,,1.0,,1.0,1.0,,,,1.0,1.0,1.0,,,,,,,,1.0,,2.0,,,,,,2.0,1.0,1.0,1.0,,,,,,,,,,0.16666666666666666,,,,,,,,,,,,,1.0,,1.0,,0.16666666666666666,0.5,,,,,,,,,,,,,,,,,,,,,,,,,,,,,,,,,,,,,,,,,,,,,,,,1610612742,2026,2025-26,True
1629023-1630314-1631108-1642843-203939,1610612742,"P.J. Washington, Brandon Williams, Max Christie, Cooper Flagg, Dwight Powell","Washington, Williams, Christie, Flagg, Powell",1629023-1630314-1631108-1642843-203939,DAL,58.0,1,1.0,1.0,2.0,2.0,2.0,4,,,,,,2.0,,,2.0,3.0,2.0,,,2.0,,1.0,,3.0,,,,,1.0,3.0,,,,0.75,0.75,1.0,99.3103448275862,8.5,20.5,8.5,20.5,,,,,,,,,1.0,1.0,0.5199,,25.55,,,,1.0,,1.0,1.0,,,,,1.0,,,1.0,,1.0,,,,,,,,,,,,,,,,1.0,1.0,,,,3.0,,1.0,1.0,1.0,,,1.0,0.5,0.5,,,,,,,,,0.5,0.5,1.0,,0.5,,,,,,,,,1.0,,,,,,,,,,,,,,,,,,,,,,,,,,,,,,,,,,,,,,,,,,,,,,,,,,,,,,,,,,,,,,,,,,,,,,,,,,,,,,,,,,,,,,,,,,,,,,,,,,1610612742,2026,2025-26,True
1629023-1630314-1631108-202691-203939,1610612742,"P.J. Washington, Brandon Williams, Max Christie, Klay Thompson, Dwight Powell","Washington, Williams, Christie, Thompson, Powell",1629023-1630314-1631108-202691-203939,DAL,397.0,1,7.0,-6.0,14.0,15.0,,29,4.0,8.0,,5.0,2.0,1.0,4.0,13.0,3.0,11.0,17.0,4.0,4.0,1.0,2.0,2.0,,4.0,1.0,,2.0,2.0,3.0,7.0,0.5,1.0,0.3076923076923077,0.34375,0.34375,0.1875,105.18891687657431,13.785714285714286,13.6,12.428571428571429,13.466666666666667,0.5,0.5,0.8,0.3125,,,,0.125,0.0625,0.6875,0.5707625,4.861538461538462,24.53333333333333,,2.0,4.0,,,4.0,8.0,1.0,,,,,0.5,,,1.0,0.8,,1.0,0.5,,7.0,8.0,2.0,1.0,,,7.0,0.5779625,0.5,4.0,3.0,1.0,1.0,2.0,3.0,4.0,,4.0,1.0,,,4.0,4.0,,0.3333333333333333,0.3333333333333333,0.6666666666666666,0.5,0.5,0.4444444444444444,0.36363636363636365,0.75,0.2,1.0,1.0,1.0,,0.75,1.0,0.6446,0.36363636363636365,,1.0,,1.0,0.3333333333333333,0.5,,,,,2.0,2.0,4.0,,,,1.0,2.0,,4.0,,1.0,,1.0,,4.0,0.25,0.25,0.25,,,0.6666666666666666,,0.5,0.5,,,,0.36363636363636365,1.0,1.0,,,,,,0.25,1.0,,1.0,,3.0,,,,0.23076923076923078,0.375,,,,,,,,,,,,,,,,,,,,,3.0,,,,,,,,,,,,,,,,,,,,,,,,,,,1610612742,2026,2025-26,True
1629023-1630314-1642843-202691-203076,1610612742,"P.J. Washington, Brandon Williams, Cooper Flagg, Klay Thompson, Anthony Davis","Washington, Williams, Flagg, Thompson, Davis",1629023-1630314-1642843-202691-203076,DAL,216.0,1,4.0,4.0,7.0,7.0,,14,5.0,5.0,,,,2.0,5.0,5.0,2.0,10.0,6.0,4.0,6.0,2.0,2.0,2.0,,4.0,,,,1.0,3.0,10.0,0.4,0.4,1.0,0.7142857142857143,0.7142857142857143,0.2857142857142857,93.33333333333333,14.857142857142858,16.0,14.857142857142858,16.0,0.7142857142857143,1.0,1.0,,,,,,0.2857142857142857,1.0,0.5849571428571428,2.3,27.1,,2.0,1.0,2.0,,3.0,3.0,,,,1.0,,,,1.0,1.0,1.0,,1.0,0.4,,,,1.0,1.0,,,,,,,,,,,,,,,,,,,,,,,,,,,,,,,,,,,,,,,,,,,,,,,,,,,,,,,,,,,,,,,,,,,,,,,,,,,,,,,,,,,,,,1.0,,,,,,,,,,,,,,,,1.0,,,,,,,,,,,,,,,,,,,,,,,,,,,,,,,,,,,,,,,,1610612742,2026,2025-26,True
1629023-1630702-1631108-1642843-203076,1610612742,"P.J. Washington, Jaden Hardy, Max Christie, Cooper Flagg, Anthony Davis","Washington, Hardy, Christie, Flagg, Davis",1629023-1630702-1631108-1642843-203076,DAL,122.0,1,2.0,-3.0,4.0,4.0,,8,,,1.0,2.0,1.0,1.0,1.0,2.0,2.0,2.0,5.0,2.0,,1.0,1.0,1.0,1.0,2.0,1.0,,2.0,2.0,3.0,2.0,1.0,1.0,0.5,0.25,0.25,0.5,94.42622950819673,18.0,12.5,16.5,12.5,,,,0.5,0.5,0.5,1.0,0.25,0.25,0.5,0.5069125,8.9,24.55,,,2.0,,,2.0,4.0,1.0,,,,,0.5,,,1.0,1.0,,1.0,,,,,,,1.0,,,,,1.0,,,,,,,,,,,,,2.0,,,,,,,,0.6666666666666666,,,,,,,,,,,,,,,,,,,,,,,,1.0,,,1.0,,,,2.0,,,,,,,,,1.0,1.0,,1.0,,,,,,,1.0,,,,,,,,,,,,,1.0,1.0,,,,,,0.3333333333333333,,,,,,,,,,,,,,,,,,,1.0,,,,,,,,,,,,,,,,,,,,,,,,,,1610612742,2026,2025-26,True
1629023-1630702-1631108-1642948-203076,1610612742,"P.J. Washington, Jaden Hardy, Max Christie, Ryan Nembhard, Anthony Davis","Washington, Hardy, Christie, Nembhard, Davis",1629023-1630702-1631108-1642948-203076,DAL,176.0,1,3.0,,5.0,5.0,,10,,,,,2.0,1.0,,,3.0,7.0,7.0,,,1.0,,1.0,,3.0,,,,,1.0,7.0,,,,0.5,0.5833333333333334,1.0,81.81818181818183,12.4,22.8,11.4,19.2,,,,,,,,0.6666666666666666,0.3333333333333333,1.0,0.5962,,23.7,,,1.0,1.0,,2.0,3.0,,,,3.0,,,,0.3333333333333333,0.5,0.4,,0.5,,,,,,,,,,,,1.0,,,1.0,,,,3.0,,,1.0,,,1.0,1.0,0.3333333333333333,0.3333333333333333,,,,,0.5,,,,,,,,,,,,,,,,,0.3333333333333333,,,,,,,,,4.0,1.0,,,,1.0,,,6.0,3.0,,,,,0.5,1.0,,,,,,0.5,1.0,,,1.0,,,,,,1.0,,,,,,,,,,,,,,,1.0,,1.0,1.0,,1.0,1.0,1.0,1.0,0.5,0.5,1.0,,,,1.0,,,,,,,,,,,,,,,,,,,,,,,,,,,,1610612742,2026,2025-26,True
1629023-1630702-1641726-1642843-203076,1610612742,"P.J. Washington, Jaden Hardy, Dereck Lively II, Cooper Flagg, Anthony Davis","Washington, Hardy, Lively II, Flagg, Davis",1629023-1630702-1641726-1642843-203076,DAL,78.0,1,1.0,-2.0,4.0,3.0,3.0,7,,1.0,,,,2.0,,1.0,2.0,,2.0,,,2.0,,,,,,,1.0,1.0,1.0,,,,,,,0.6666666666666666,129.23076923076923,10.0,12.666666666666666,9.25,12.666666666666666,0.3333333333333333,,,,,,,,0.6666666666666666,1.0,0.5657,1.8,25.45,,,,2.0,,2.0,3.0,1.0,,,,,1.0,,1.0,,1.0,1.0,,,,,,,,,,,,,1.0,1.0,,,,1.0,,,,,,,,1.0,,,,,,,,0.3333333333333333,,,,,,,1.0,,,,,,,,,,1.0,,,,,,,,,,,,,,1.0,,,,,,,,,0.5,0.5,,,,,,,,,1.0,,,,,,,,,,,,1.0,,,,1.0,1.0,,,,,,,,,,,,,,,,,,,,,,,,,,,,,,,,,,,,,,,,,,,,,,,,1610612742,2026,2025-26,True
1629023-1630702-1642843-202691-203076,1610612742,"P.J. Washington, Jaden Hardy, Cooper Flagg, Klay Thompson, Anthony Davis","Washington, Hardy, Flagg, Thompson, Davis",1629023-1630702-1642843-202691-203076,DAL,104.0,1,2.0,4.0,4.0,3.0,,7,2.0,2.0,,1.0,,,2.0,3.0,,4.0,,2.0,2.0,,1.0,1.0,,2.0,1.0,,2.0,,2.0,4.0,0.5,0.5,0.6666666666666666,0.6666666666666666,0.6666666666666666,,96.92307692307692,12.0,18.666666666666668,11.5,18.666666666666668,0.6666666666666666,1.0,1.0,0.3333333333333333,,,,,,0.6666666666666666,0.5973333333333334,2.8333333333333335,,,1.0,1.0,1.0,,2.0,3.0,1.0,,,1.0,,0.5,,1.0,1.0,1.0,,1.0,0.5,,,,1.0,,,,,,,1.0,,,,,,,,,,,,1.0,1.0,,,,,,,1.0,1.0,,1.0,,,,,,,,,,,,1.0,,,1.0,,,,,,,,,,,,,,,,,,,,,,,,,,,,,,,,,1.0,,,,,,,,1.0,,,,1.0,,1.0,,0.3333333333333333,,1.0,,,,,,,,,,,,,,,,,,,,,,,,,,,,,,,,,,,,,,,,,,,,,,,1610612742,2026,2025-26,True
1629023-1631108-1642843-202691-203076,1610612742,"P.J. Washington, Max Christie, Cooper Flagg, Klay Thompson, Anthony Davis","Washington, Christie, Flagg, Thompson, Davis",1629023-1631108-1642843-202691-203076,DAL,839.8,3,14.0,15.0,30.0,29.0,2.0,59,11.0,13.0,1.0,8.0,2.0,5.0,12.0,22.0,7.0,35.0,20.0,14.0,10.0,5.0,7.0,10.0,,23.0,3.0,,4.0,2.0,6.0,33.0,0.5833333333333334,0.6363636363636364,0.5454545454545454,0.5689655172413793,0.5645161290322581,0.2413793103448276,101.16694451059776,12.153333333333334,16.386206896551723,11.770000000000001,15.593103448275862,0.4482758620689655,0.8461538461538461,0.8461538461538461,0.27586206896551724,0.125,0.125,,0.06896551724137931,0.1724137931034483,0.6896551724137931,0.5651068965517242,5.413636363636363,25.7,1.0,7.0,6.0,5.0,1.0,12.0,16.0,1.0,,,2.0,,0.25,1.0,0.625,1.0,0.7857142857142857,0.5,1.0,0.6363636363636364,0.034482758620689655,,,5.0,3.0,,,,,,4.0,2.0,2.0,3.0,1.0,3.0,2.0,9.0,2.0,2.0,3.0,2.0,3.0,4.0,1.0,0.42857142857142855,0.42857142857142855,0.3333333333333333,0.3333333333333333,0.3333333333333333,0.3,0.2857142857142857,0.5,0.2857142857142857,,0.4,0.4,1.0,0.6666666666666666,0.4,0.61335,0.05714285714285714,,,,2.0,,,0.3333333333333333,,,,1.0,,,,,2.0,,,,,1.0,,,4.0,2.0,,,,,0.25,0.3333333333333333,0.5,,,,,0.06451612903225806,0.08333333333333333,,1.0,,,,,,,,,1.0,1.0,,,,2.0,,,,,,,,1.0,,1.0,,,,,1.0,1.0,0.5,0.5,1.0,,,,1.0,,,,,,,,,,,,1.0,,,,,,,,,,,,1.0,,,,1610612742,2026,2025-26,True
1629023-1631108-1642843-202691-203939,1610612742,"P.J. Washington, Max Christie, Cooper Flagg, Klay Thompson, Dwight Powell","Washington, Christie, Flagg, Thompson, Powell",1629023-1631108-1642843-202691-203939,DAL,225.0,1,4.0,-1.0,8.0,8.0,,16,,,,2.0,,5.0,1.0,4.0,5.0,7.0,8.0,2.0,,5.0,1.0,2.0,,5.0,1.0,,1.0,2.0,2.0,5.0,1.0,1.0,0.25,0.2777777777777778,0.35,0.5555555555555556,102.4,14.125,14.0,11.75,14.0,,,,0.2222222222222222,,,,,0.5555555555555556,0.5555555555555556,0.5102777777777778,10.375,25.380000000000003,2.0,,,4.0,,4.0,7.0,,,,2.0,,,,1.0,,1.0,1.0,,,0.2222222222222222,,,,,,1.0,,,,2.0,,1.0,1.0,1.0,2.0,2.0,3.0,,1.0,1.0,1.0,1.0,3.0,1.0,0.2,0.2,0.5,0.5,0.5,0.3333333333333333,0.42857142857142855,,0.5,,0.2,0.2,1.0,,0.2,0.4313,0.2857142857142857,1.0,,1.0,,,,1.0,0.5,0.5,1.0,,,,,,2.0,,,,,2.0,,,2.0,1.0,,,,,0.5,0.5,,,,,,0.1,0.2,,,,,,,,,,,1.0,,,1.0,1.0,1.0,,0.25,,0.5,,0.16666666666666666,,1.0,,1.0,,,1.0,1.0,,,,,,,,,1.0,,,,,,,,,,,,,,,,,,,,,,,,,,,,1610612742,2026,2025-26,True
1629023-1641726-1642843-1642948-202691,1610612742,"P.J. Washington, Dereck Lively II, Cooper Flagg, Ryan Nembhard, Klay Thompson","Washington, Lively II, Flagg, Nembhard, Thompson",1629023-1641726-1642843-1642948-202691,DAL,39.0,1,1.0,3.0,2.0,3.0,,5,,1.0,,,,1.0,,1.0,1.0,3.0,,,,1.0,,,,,,,,,,3.0,,,,0.75,0.75,0.5,184.6153846153846,8.0,7.666666666666667,8.0,7.666666666666667,0.5,,,,,,,,0.5,1.0,0.518875,3.4,27.7,,,,1.0,,1.0,1.0,,,,1.0,,,,1.0,,1.0,,,,,,,,,,,,,,,,1.0,1.0,,,,,,1.0,,,,,,1.0,1.0,,,,,,,,,1.0,1.0,,,1.0,,,,,,,,,1.0,,,,,,,,,,,,,,,,,,,,,,,,,,,,,,,,,,,,,,,,,,,,,1.0,,,,1.0,1.0,,,,,1.0,,1.0,,,1.0,1.0,,,,,,,,,1.0,3.0,,,,,,,,,,,,,,,,,,,,,,,,1.0,,,1610612742,2026,2025-26,True
1629023-1641726-1642843-202691-203076,1610612742,"P.J. Washington, Dereck Lively II, Cooper Flagg, Klay Thompson, Anthony Davis","Washington, Lively II, Flagg, Thompson, Davis",1629023-1641726-1642843-202691-203076,DAL,1422.0,3,24.0,-2.0,54.0,52.0,4.0,106,6.0,8.0,5.0,14.0,5.0,9.0,15.0,28.0,14.0,56.0,58.0,20.0,10.0,9.0,10.0,13.0,2.0,29.0,4.0,1.0,9.0,3.0,11.0,56.0,0.6666666666666666,0.6666666666666666,0.5357142857142857,0.5357142857142857,0.5957446808510638,0.3333333333333333,107.34177215189874,12.925925925925926,13.923076923076923,12.574074074074074,13.288461538461538,0.19047619047619047,0.75,0.8571428571428571,0.3333333333333333,0.35714285714285715,0.45454545454545453,0.4,0.11904761904761904,0.21428571428571427,0.5238095238095238,0.5288785714285714,8.107142857142858,24.821428571428573,6.0,5.0,6.0,9.0,1.0,16.0,18.0,5.0,2.0,,11.0,,0.5555555555555556,1.0,0.5625,0.75,0.625,0.5,0.6,0.8333333333333334,0.14285714285714285,,,7.0,2.0,,1.0,,,,2.0,,3.0,5.0,,2.0,,9.0,,3.0,3.0,1.0,1.0,2.0,0.6,0.35714285714285715,0.35714285714285715,,,,0.07692307692307693,0.09090909090909091,,0.1111111111111111,1.0,0.3333333333333333,0.3333333333333333,0.3333333333333333,,0.3333333333333333,0.4615,,4.0,,3.0,5.0,,,0.5714285714285714,0.6666666666666666,0.6666666666666666,0.75,,,,,,11.0,,,,,1.0,,1.0,14.0,6.0,,,,,0.1111111111111111,0.16666666666666666,,,,,,0.1702127659574468,0.1875,,3.0,,,,2.0,,,,1.0,0.6666666666666666,,,4.0,,,1.0,0.14285714285714285,0.125,0.21428571428571427,,,,4.0,1.0,4.0,,1.0,3.0,0.75,2.0,2.0,0.4,0.4,1.0,2.0,,0.13333333333333333,3.0,6.0,,,,,,,,,,,,,,,,1.0,,,,,,,,,1.0,,1610612742,2026,2025-26,True
1629023-1642843-1642948-202691-203076,1610612742,"P.J. Washington, Cooper Flagg, Ryan Nembhard, Klay Thompson, Anthony Davis","Washington, Flagg, Nembhard, Thompson, Davis",1629023-1642843-1642948-202691-203076,DAL,119.0,2,2.0,2.0,5.0,5.0,,10,3.0,3.0,,,,2.0,3.0,3.0,2.0,6.0,4.0,4.0,2.0,2.0,2.0,2.0,,4.0,,,,1.0,1.0,6.0,0.6666666666666666,0.6666666666666666,1.0,0.6,0.6,0.4,121.00840336134453,9.4,14.4,9.4,14.4,0.6,1.0,1.0,,,,,,0.4,1.0,0.66494,1.4666666666666668,27.6,,2.0,2.0,1.0,,3.0,3.0,,,,,,,,1.0,1.0,1.0,1.0,1.0,0.6666666666666666,,,,,,,,,,,,,,,,,,,,,,,,,,,,,,,,,,,,,,,,,,,,,,,,,,,,,,,,,,,,,,,,,,,,,,,,,,,,,,,,,,,,,,,,,,,,,,,,,,,,,,,,,,,,,,,,,,,,,,,,,,,,,,,,,,,,,,,,,,,,,,,,,,,1610612742,2026,2025-26,True
1629023-1642843-1642948-202691-203939,1610612742,"P.J. Washington, Cooper Flagg, Ryan Nembhard, Klay Thompson, Dwight Powell","Washington, Flagg, Nembhard, Thompson, Powell",1629023-1642843-1642948-202691-203939,DAL,212.0,1,4.0,,7.0,7.0,,14,3.0,4.0,1.0,1.0,,1.0,4.0,6.0,1.0,8.0,8.0,4.0,4.0,1.0,2.0,2.0,,4.0,,,,,1.0,8.0,0.5,0.5,0.6666666666666666,0.5714285714285714,0.5714285714285714,0.14285714285714285,95.09433962264151,13.714285714285714,16.571428571428573,13.714285714285714,15.571428571428571,0.5714285714285714,0.75,0.75,0.14285714285714285,1.0,1.0,,,0.14285714285714285,0.7142857142857143,0.6663500000000001,4.716666666666667,26.3,1.0,2.0,1.0,1.0,,2.0,2.0,,,,3.0,,,,0.5,1.0,0.6666666666666666,,1.0,0.6666666666666666,0.14285714285714285,,,1.0,,,,,,,,,,,,,,,,,,,,,,,,,,,,,,,,,,,,,,,,,,1.0,,,,,,,,,,,,,,,,,,,,1.0,1.0,,,,,,,,,,,,0.14285714285714285,0.16666666666666666,,,,,,1.0,,,,,0.5,,,,,,1.0,,,,,,,,,,1.0,,,,,,,,,,,,,,,,,,,,,,,,,,,,,,,,,,,,,,,,1610612742,2026,2025-26,True
1630230-1630314-1630702-1631108-203076,1610612742,"Naji Marshall, Brandon Williams, Jaden Hardy, Max Christie, Anthony Davis","Marshall, Williams, Hardy, Christie, Davis",1630230-1630314-1630702-1631108-203076,DAL,12.0,1,,-2.0,,1.0,,1,,,,,,,,,,,2.0,,,,,,,,,,,1.0,1.0,,,,,,,,120.0,,12.0,,12.0,,,,,,,,,,,,,,,,,,,,,,,,,,,,,,,,,,,,,,,,,,,,,,,,,,,,,,,,,,,,,,,,,,,,,,,,,,,,,,,,,,,,,,,,,,,,,,,,,,,,,,,,,,,,,,,,,,,,,,,,,,,,,,,,,,,,,,,,,,,,,,,,,,,,,,,,,,,,,,,,,,,,,,,,,,,,,,,,,,,,1610612742,2026,2025-26,True
1630230-1630314-1630702-1642843-203076,1610612742,"Naji Marshall, Brandon Williams, Jaden Hardy, Cooper Flagg, Anthony Davis","Marshall, Williams, Hardy, Flagg, Davis",1630230-1630314-1630702-1642843-203076,DAL,149.0,1,2.0,-1.0,6.0,5.0,5.0,11,,,,,,2.0,,1.0,2.0,5.0,6.0,,,2.0,,,,,,,1.0,,,5.0,,,,0.5,0.625,0.6666666666666666,106.30872483221476,13.466666666666667,13.64,13.466666666666667,13.64,,,,,,,,,0.6666666666666666,0.6666666666666666,0.5147166666666666,17.2,26.4,1.0,,1.0,1.0,,2.0,2.0,1.0,1.0,,1.0,,1.0,,0.5,1.0,0.6666666666666666,,1.0,,0.3333333333333333,6.0,1.0,,,,,6.0,0.5147166666666666,1.0,,,1.0,1.0,,,,,,1.0,,,,,,0.5,0.5,,,,,,,,,0.5,0.5,,,0.5,,,,,,,,,0.5,,,,,,,,2.0,2.0,,,2.0,5.0,,1.0,,2.0,,5.0,,0.5,0.625,,,,,,,0.6666666666666666,,,1.0,,,,2.0,,1.0,1.0,,,,,,,,,,,,,,,,,,,,,,,,,,,,,,,,3.0,,,,,,,,,,,,1.0,1.0,0.5,0.5,,,,,,,,,,,,1610612742,2026,2025-26,True
1630230-1630314-1631108-1642843-203939,1610612742,"Naji Marshall, Brandon Williams, Max Christie, Cooper Flagg, Dwight Powell","Marshall, Williams, Christie, Flagg, Powell",1630230-1630314-1631108-1642843-203939,DAL,134.7,1,2.0,3.0,4.0,5.0,4.0,9,1.0,2.0,,1.0,,4.0,1.0,3.0,4.0,8.0,5.0,,2.0,4.0,,2.0,,6.0,,,,,3.0,6.0,,,0.3333333333333333,0.5714285714285714,0.5714285714285714,0.5714285714285714,96.21380846325168,14.15,15.62,10.4,15.02,0.2857142857142857,0.5,1.0,0.14285714285714285,,,,,0.5714285714285714,0.8571428571428571,0.5546214285714286,2.033333333333333,25.475,,,1.0,1.0,1.0,3.0,6.0,,,,1.0,2.0,,1.0,0.5,1.0,0.6666666666666666,,1.0,,,,,,,,,,,,1.0,2.0,2.0,2.0,1.0,3.0,2.0,6.0,2.0,2.0,2.0,2.0,2.0,3.0,1.0,0.5,0.5,0.3333333333333333,0.3333333333333333,0.3333333333333333,1.0,0.75,1.0,1.0,,0.5,0.5,1.0,0.6666666666666666,0.5,0.5154,0.25,,,,,,,1.0,,,,1.0,,,,,,,,,,1.0,,,,,,,,,0.5,0.5,0.5,,,,,,,,,,,,,,,,,,,,1.0,,,,0.3333333333333333,0.5,,,,,,,,2.0,,,,,,,,,,,,,,,,,,,,,,,,,,,,,,,,,,,,,,,,1610612742,2026,2025-26,True
1630230-1630702-1641726-1642843-203076,1610612742,"Naji Marshall, Jaden Hardy, Dereck Lively II, Cooper Flagg, Anthony Davis","Marshall, Hardy, Lively II, Flagg, Davis",1630230-1630702-1641726-1642843-203076,DAL,65.0,1,1.0,-4.0,2.0,3.0,3.0,5,1.0,1.0,,2.0,,,1.0,3.0,,2.0,6.0,2.0,,,1.0,1.0,,2.0,,,,2.0,2.0,2.0,1.0,1.0,0.3333333333333333,0.3333333333333333,0.3333333333333333,,110.76923076923077,18.5,9.333333333333334,18.5,9.333333333333334,0.3333333333333333,1.0,1.0,0.6666666666666666,,,,,,0.3333333333333333,0.5715666666666667,5.666666666666667,,,1.0,,,,,,,,,1.0,,,,,,,,,1.0,,,,,,,,,,,,,,,,,,,,,,,,,,,,,,,,,,,,,,,,,,,,,,,,,,,,,,,,,,,,,,,,,,1.0,1.0,,,,,,,,,,,,0.3333333333333333,0.3333333333333333,,,,,,1.0,,,,,,,,,,,,,,,,,,,,,,,,,,,,,,,,,,,,,,,,,,,,,,,,,,,,,,,,,,,,,1610612742,2026,2025-26,True
1630230-1631108-1641726-1642843-1642948,1610612742,"Naji Marshall, Max Christie, Dereck Lively II, Cooper Flagg, Ryan Nembhard","Marshall, Christie, Lively II, Flagg, Nembhard",1630230-1631108-1641726-1642843-1642948,DAL,35.4,1,1.0,3.0,2.0,1.0,1.0,3,,,,,,2.0,,,2.0,6.0,3.0,,,2.0,,2.0,,6.0,,,,,,6.0,,,,1.5,1.5,1.0,122.03389830508475,9.95,15.5,9.95,15.5,,,,,,,,,1.0,1.0,0.407625,,25.2,,,,,,,,,,,,,,,,,,,,,,,,,,,,,,,,,2.0,2.0,,,,6.0,,2.0,2.0,2.0,,,1.0,1.0,1.0,,,,,,,,,1.0,1.0,1.0,,1.0,,,,,,,,,,,,,,,,,,,,,,,,,,,,,,,,,,,,,,,,,,,,,,,,,,,,,,,,,,,,,,,,,,,,,,,,,,,,,,,,,,,,,,,,,,,,,,,,,,,,,,,,,,,1610612742,2026,2025-26,True
1630230-1631108-1641726-1642843-202691,1610612742,"Naji Marshall, Max Christie, Dereck Lively II, Cooper Flagg, Klay Thompson","Marshall, Christie, Lively II, Flagg, Thompson",1630230-1631108-1641726-1642843-202691,DAL,49.0,1,1.0,2.0,2.0,2.0,2.0,4,1.0,1.0,,,,1.0,1.0,1.0,1.0,6.0,4.0,,2.0,1.0,,,,,,,,,1.0,6.0,,,1.0,1.25,1.5,0.5,117.55102040816327,8.0,16.5,8.0,16.5,0.5,1.0,1.0,,,,,,0.5,1.0,0.615725,2.0,24.8,,,,,,,,,,,1.0,1.0,,,,,,,,,,,,,,,,,,,,,1.0,1.0,,,,,,1.0,,,,,,1.0,1.0,,,,,,,,,1.0,1.0,,,1.0,,,,,,,,,,,,,,,,,,1.0,,,,,,,,1.0,1.0,,,,,,,,,,,,0.5,1.0,,,,,,1.0,,,,,,,,,,,,,,,,,,,,,,,,,,,,,,,,,,3.0,,,,,,,,,,,,,,,,,,,,,,,,,,,1610612742,2026,2025-26,True
1630230-1631108-1642843-202691-203076,1610612742,"Naji Marshall, Max Christie, Cooper Flagg, Klay Thompson, Anthony Davis","Marshall, Christie, Flagg, Thompson, Davis",1630230-1631108-1642843-202691-203076,DAL,392.0,2,7.0,-2.0,13.0,12.0,2.0,25,1.0,3.0,3.0,4.0,,6.0,4.0,7.0,6.0,12.0,14.0,4.0,4.0,6.0,2.0,3.0,1.0,7.0,,,,1.0,1.0,12.0,0.5,0.5,0.5714285714285714,0.4230769230769231,0.46153846153846156,0.46153846153846156,91.83673469387756,15.538461538461538,15.833333333333334,15.307692307692308,15.083333333333334,0.23076923076923078,0.3333333333333333,0.3333333333333333,0.3076923076923077,0.75,0.75,0.3333333333333333,,0.46153846153846156,0.6923076923076923,0.5293884615384615,5.757142857142857,25.766666666666666,,1.0,4.0,2.0,,6.0,7.0,,,,1.0,,,,0.5,0.8,0.6666666666666666,,0.5,1.0,,2.0,2.0,,,,,2.0,0.5590333333333334,0.15384615384615385,1.0,1.0,1.0,1.0,,1.0,,3.0,,1.0,1.0,1.0,,1.0,1.0,0.16666666666666666,0.16666666666666666,,,,,0.125,,,1.0,0.16666666666666666,0.16666666666666666,1.0,1.0,0.16666666666666666,,,,,,,,,,,,,,,1.0,,1.0,1.0,,1.0,1.0,3.0,1.0,,,1.0,1.0,3.0,0.5,0.3333333333333333,0.5,0.2,0.2,,,0.3333333333333333,,0.3333333333333333,0.07692307692307693,0.14285714285714285,0.25,,,,1.0,1.0,,,,,0.6666666666666666,,,,,,,,,,,,,,,,,,,,,,,,,,,,,,,,,,,,,,,,,,,,,,,,,,,,,,,,1610612742,2026,2025-26,True
1630230-1631108-1642843-202691-203939,1610612742,"Naji Marshall, Max Christie, Cooper Flagg, Klay Thompson, Dwight Powell","Marshall, Christie, Flagg, Thompson, Powell",1630230-1631108-1642843-202691-203939,DAL,105.0,1,2.0,4.0,5.0,5.0,5.0,10,3.0,3.0,,,,1.0,3.0,3.0,1.0,7.0,3.0,4.0,2.0,1.0,2.0,2.0,,4.0,,,,,,7.0,0.6666666666666666,0.6666666666666666,1.0,0.75,0.7,0.25,137.14285714285714,7.06,13.940000000000001,7.039999999999999,13.74,0.75,1.0,1.0,,,,,,0.25,1.0,0.6413333333333333,2.6999999999999997,,,2.0,,1.0,,1.0,2.0,,,,2.0,,,,1.0,,0.5,,,0.6666666666666666,,5.0,3.0,2.0,1.0,,,5.0,0.6413333333333333,1.0,1.0,,,,,,,,,,,,,1.0,,,,,,,,1.0,,,,,,,,,,,,,,1.0,,,1.0,,,,,3.0,3.0,,1.0,1.0,,3.0,1.0,7.0,1.0,,,3.0,2.0,7.0,1.0,0.75,0.7,1.0,1.0,,,0.75,1.0,0.25,0.4,0.5,1.0,,,,1.0,1.0,,,,,,,,,1.0,,,,,,,1.0,,,,,,,,,,,,,,,,,,,,,,,,,,,,,,,,,,,,,,,,,,,,,1610612742,2026,2025-26,True
1630230-1641726-1642843-1642948-202691,1610612742,"Naji Marshall, Dereck Lively II, Cooper Flagg, Ryan Nembhard, Klay Thompson","Marshall, Lively II, Flagg, Nembhard, Thompson",1630230-1641726-1642843-1642948-202691,DAL,141.0,1,2.0,4.0,6.0,5.0,,11,1.0,1.0,,1.0,,2.0,2.0,5.0,2.0,4.0,,2.0,2.0,2.0,1.0,1.0,,2.0,,,,,,4.0,0.5,0.5,0.4,0.2857142857142857,0.2857142857142857,0.2857142857142857,112.34042553191489,11.833333333333334,14.0,11.833333333333334,12.8,0.14285714285714285,1.0,1.0,0.14285714285714285,,,,,0.2857142857142857,0.42857142857142855,0.5135285714285714,12.6,26.45,3.0,1.0,4.0,,,4.0,5.0,,,,,,,,,1.0,0.8,,1.0,1.0,0.42857142857142855,,,1.0,,,,,,,1.0,,,,,,,,,,,,1.0,1.0,,,,,,,0.3333333333333333,0.2,,1.0,1.0,,,,,,0.55035,,1.0,,,1.0,,,,0.3333333333333333,0.3333333333333333,,,,,1.0,,,1.0,,,,,,,,,,,,,,,,1.0,,,,,,,,,,,,,,,,,,,,1.0,,,,,,,0.2,,,,1.0,,,1.0,1.0,,,,,,,,,,,,,,,,,,,,,,,,,,,,,1.0,,,,,,,1.0,1610612742,2026,2025-26,True
1630230-1641726-1642843-202691-203076,1610612742,"Naji Marshall, Dereck Lively II, Cooper Flagg, Klay Thompson, Anthony Davis","Marshall, Lively II, Flagg, Thompson, Davis",1630230-1641726-1642843-202691-203076,DAL,97.0,1,2.0,5.0,3.0,4.0,,7,,,,,,1.0,2.0,2.0,1.0,7.0,2.0,2.0,2.0,1.0,1.0,2.0,,5.0,,,,,,7.0,0.5,0.5,1.0,1.1666666666666667,1.1666666666666667,0.3333333333333333,103.91752577319588,10.0,16.75,10.0,13.75,,,,,,,,,0.3333333333333333,0.3333333333333333,0.48313333333333336,16.7,25.5,2.0,,1.0,2.0,,3.0,3.0,,,,,,,,0.6666666666666666,1.0,0.75,,1.0,,0.6666666666666666,,,,,,,,,,,,1.0,1.0,,,,3.0,,1.0,1.0,1.0,,,1.0,1.0,1.0,,,,,,,,,1.0,1.0,1.0,,1.0,,,2.0,,1.0,,,,1.0,1.0,1.0,0.5,,,,,,,,,,,,,,,,,,,,,,,,,,,,,,,,,,,,,,,,,,,,,,,,,,,,1.0,,1.0,,,1.0,1.0,,,,,,,,,1.0,,,,,,,,,,,,,,,,,,,,,,,,,,,,1610612742,2026,2025-26,True
1630314-1630619-1630702-1642948-203939,1610612742,"Brandon Williams, Moussa Cisse, Jaden Hardy, Ryan Nembhard, Dwight Powell","Williams, Cisse, Hardy, Nembhard, Powell",1630314-1630619-1630702-1642948-203939,DAL,16.6,1,,,,1.0,1.0,1,,,,,,,,,,,,,,,,,,,,,,,,,,,,,,,86.74698795180723,,,,,,,,,,,,,,,,,,,,,,,,,,,,,,,,,,,,,,,,,,,,,,,,,,,,,,,,,,,,,,,,,,,,,,,,,,,,,,,,,,,,,,,,,,,,,,,,,,,,,,,,,,,,,,,,,,,,,,,,,,,,,,,,,,,,,,,,,,,,,,,,,,,,,,,,,,,,,,,,,,,,,,,,,,,,,,,,,,,,,,,,1610612742,2026,2025-26,True
1630314-1630702-1631108-1642843-203939,1610612742,"Brandon Williams, Jaden Hardy, Max Christie, Cooper Flagg, Dwight Powell","Williams, Hardy, Christie, Flagg, Powell",1630314-1630702-1631108-1642843-203939,DAL,119.0,1,2.0,1.0,4.0,4.0,,8,,2.0,1.0,2.0,2.0,,1.0,4.0,2.0,5.0,4.0,,2.0,,,1.0,,3.0,,,1.0,,,5.0,,,0.25,0.4166666666666667,0.4166666666666667,0.3333333333333333,96.80672268907563,14.5,15.25,10.25,15.25,0.3333333333333333,,,0.3333333333333333,0.5,0.5,,0.3333333333333333,,0.6666666666666666,0.5602083333333333,3.25,23.6,,,,2.0,,2.0,5.0,1.0,1.0,,,,1.0,,1.0,,1.0,1.0,,,,4.0,4.0,,,,,4.0,0.5602083333333333,1.0,1.0,2.0,,1.0,,2.0,,3.0,,,1.0,,2.0,3.0,1.0,0.5,0.5,,,,0.6666666666666666,0.75,1.0,,,,,,1.0,,0.6688,,,,,,,,1.0,,,,,,2.0,,,,,1.0,2.0,5.0,1.0,1.0,,,,5.0,0.25,0.4166666666666667,0.4166666666666667,1.0,,,,0.3333333333333333,,,,,1.0,,,,,,,,,,,,2.0,1.0,,1.0,,0.25,0.5,,,,0.3333333333333333,1.0,,1.0,,,1.0,1.0,1.0,1.0,0.5,0.5,1.0,,,,1.0,,1.0,,,,,,,,,,,,1.0,0.5,,,1.0,,,,,0.5,,,,,1610612742,2026,2025-26,True
1630314-1631108-1642843-202691-203939,1610612742,"Brandon Williams, Max Christie, Cooper Flagg, Klay Thompson, Dwight Powell","Williams, Christie, Flagg, Thompson, Powell",1630314-1631108-1642843-202691-203939,DAL,104.0,1,2.0,-5.0,3.0,3.0,,6,,1.0,1.0,1.0,,,1.0,3.0,,2.0,7.0,,2.0,,,,,,1.0,,1.0,1.0,1.0,2.0,,,0.3333333333333333,0.3333333333333333,0.3333333333333333,,83.07692307692308,21.666666666666668,13.0,21.666666666666668,13.0,0.3333333333333333,,,0.3333333333333333,1.0,1.0,,,,0.3333333333333333,0.42240000000000005,11.133333333333333,,1.0,,,,,,,,,,,,,,,,,,,,0.3333333333333333,3.0,3.0,,,,,3.0,0.42240000000000005,1.0,,,,,,,,,,,,,,,,,,,,,,,,,,,,,,,,,,,,,,,,,,,,,1.0,,,,,1.0,,2.0,,1.0,,,,2.0,0.3333333333333333,0.3333333333333333,0.3333333333333333,,,,,0.3333333333333333,,,,,1.0,,,,,,,,,,,,,,,,,,,,,,,,,,,,,,,,,,,,,,,,,,,,,,,,,,,,,,,,,,,,,,,,,,1610612742,2026,2025-26,True
1630702-1631108-1642843-202691-203076,1610612742,"Jaden Hardy, Max Christie, Cooper Flagg, Klay Thompson, Anthony Davis","Hardy, Christie, Flagg, Thompson, Davis",1630702-1631108-1642843-202691-203076,DAL,107.0,1,2.0,,4.0,5.0,,9,1.0,1.0,1.0,1.0,,1.0,2.0,2.0,1.0,4.0,4.0,,4.0,1.0,,,,,,,1.0,1.0,2.0,4.0,,,1.0,0.6666666666666666,0.5,0.3333333333333333,121.12149532710279,10.75,12.8,10.75,12.8,0.3333333333333333,1.0,1.0,0.3333333333333333,1.0,1.0,,,0.3333333333333333,0.6666666666666666,0.5763,3.7,25.6,,,1.0,2.0,,3.0,3.0,1.0,,,1.0,,1.0,,1.0,1.0,1.0,1.0,1.0,,,,,,,,,,,,,,,,,,,,,,,,,,,,,,,,,,,,,,,,,,,,,,,,,,1.0,,,,,,,,,,,,,,,,,2.0,1.0,,,,,,,,,,,,0.25,0.3333333333333333,,1.0,,,,,,,,,,,,,,,,,,,,,,2.0,1.0,2.0,,,2.0,1.0,,,,,,,,,1.0,,,,,,,,,,,,,,,,,,,,,,,,,,,,1610612742,2026,2025-26,True
