PLAYER_ID,PLAYER_NAME,NICKNAME,TEAM_ID,TEAM_ABBREVIATION,AGE,GP,W,L,W_PCT,MIN,FGM,FGA,FG_PCT,FG3M,FG3A,FG3_PCT,FTM,FTA,FT_PCT,OREB,DREB,REB,AST,TOV,STL,BLK,BLKA,PF,PFD,PTS,PLUS_MINUS,NBA_FANTASY_PTS,DD2,TD3,WNBA_FANTASY_PTS,GP_RANK,W_RANK,L_RANK,W_PCT_RANK,MIN_RANK,FGM_RANK,FGA_RANK,FG_PCT_RANK,FG3M_RANK,FG3A_RANK,FG3_PCT_RANK,FTM_RANK,FTA_RANK,FT_PCT_RANK,OREB_RANK,DREB_RANK,REB_RANK,AST_RANK,TOV_RANK,STL_RANK,BLK_RANK,BLKA_RANK,PF_RANK,PFD_RANK,PTS_RANK,PLUS_MINUS_RANK,NBA_FANTASY_PTS_RANK,DD2_RANK,TD3_RANK,WNBA_FANTASY_PTS_RANK,team_poss,E_DEF_RATING_RANK,sp_work_OFF_RATING,OFF_RATING,E_NET_RATING,sp_work_DEF_RATING,PIE_RANK,POSS,USG_PCT,AST_PCT_RANK,NET_RATING_RANK,DEF_RATING_RANK,AST_TO_RANK,FGM_PG,sp_work_NET_RATING,TM_TOV_PCT,E_USG_PCT,sp_work_DEF_RATING_RANK,sp_work_OFF_RATING_RANK,REB_PCT_RANK,sp_work_NET_RATING_RANK,DEF_RATING,AST_TO,FGA_PG,AST_PCT,EFG_PCT,AST_RATIO_RANK,OREB_PCT,E_TOV_PCT_RANK,E_DEF_RATING,PACE,DREB_PCT,E_PACE,NET_RATING,DREB_PCT_RANK,TM_TOV_PCT_RANK,sp_work_PACE_RANK,USG_PCT_RANK,PACE_PER40,E_PACE_RANK,TS_PCT,PACE_RANK,OREB_PCT_RANK,sp_work_PACE,E_USG_PCT_RANK,OFF_RATING_RANK,E_NET_RATING_RANK,TS_PCT_RANK,E_OFF_RATING,FGM_PG_RANK,PIE,E_TOV_PCT,E_OFF_RATING_RANK,AST_RATIO,EFG_PCT_RANK,FGA_PG_RANK,REB_PCT,FT_AST,AST_ADJ,SECONDARY_AST,POTENTIAL_AST,AST_TO_PASS_PCT,AST_TO_PASS_PCT_ADJ,AST_PTS_CREATED,PASSES_RECEIVED,PASSES_MADE,DRIVE_FTA,DRIVE_PASSES,DRIVE_TOV,DRIVE_FG_PCT,DRIVE_PF_PCT,DRIVE_PTS_PCT,DRIVES,DRIVE_FTM,DRIVE_PF,DRIVE_TOV_PCT,DRIVE_PASSES_PCT,DRIVE_PTS,DRIVE_FGA,DRIVE_AST_PCT,DRIVE_FT_PCT,DRIVE_AST,DRIVE_FGM,TOUCHES,PTS_PER_PAINT_TOUCH,POST_TOUCHES,PTS_PER_ELBOW_TOUCH,ELBOW_TOUCHES,FRONT_CT_TOUCHES,AVG_SEC_PER_TOUCH,PTS_PER_TOUCH,AVG_DRIB_PER_TOUCH,PTS_PER_POST_TOUCH,POINTS,TIME_OF_POSS,PAINT_TOUCHES,REB_CHANCE_PCT,REB_CHANCE_DEFER,OREB_CHANCES,DREB_UNCONTEST,DREB_CHANCE_PCT,OREB_CHANCE_PCT_ADJ,AVG_DREB_DIST,OREB_CHANCE_DEFER,REB_CONTEST,DREB_CONTEST,AVG_OREB_DIST,OREB_CONTEST_PCT,REB_CONTEST_PCT,DREB_CHANCES,DREB_CHANCE_DEFER,REB_CHANCE_PCT_ADJ,DREB_CHANCE_PCT_ADJ,AVG_REB_DIST,REB_UNCONTEST,OREB_UNCONTEST,OREB_CHANCE_PCT,DREB_CONTEST_PCT,REB_CHANCES,OREB_CONTEST,very_tight_FGM,PLAYER_LAST_TEAM_ABBREVIATION,very_tight_FGA_FREQUENCY,very_tight_FG_PCT,very_tight_EFG_PCT,PLAYER_LAST_TEAM_ID,very_tight_FGA,very_tight_FG3M,G,very_tight_FG2M,very_tight_FG3A_FREQUENCY,very_tight_FG3_PCT,very_tight_FG2A,very_tight_FG2A_FREQUENCY,very_tight_FG2_PCT,very_tight_FG3A,tight_FG_PCT,tight_FG2A_FREQUENCY,tight_FG2A,tight_FGM,tight_FG3M,tight_FG2M,tight_FGA,tight_FG3A_FREQUENCY,tight_FGA_FREQUENCY,tight_FG3_PCT,tight_FG3A,tight_FG2_PCT,tight_EFG_PCT,open_FG2_PCT,open_FGA,open_FG3A,open_FG2M,open_EFG_PCT,open_FG3M,open_FG2A,open_FGA_FREQUENCY,open_FG3A_FREQUENCY,open_FG3_PCT,open_FG_PCT,open_FGM,open_FG2A_FREQUENCY,wide_open_FGA_FREQUENCY,wide_open_EFG_PCT,wide_open_FG3A_FREQUENCY,wide_open_FG2A,wide_open_FG2M,wide_open_FG3_PCT,wide_open_FG_PCT,wide_open_FG2_PCT,wide_open_FG3M,wide_open_FG3A,wide_open_FG2A_FREQUENCY,wide_open_FGM,wide_open_FGA,PULL_UP_EFG_PCT,PULL_UP_FG3_PCT,PULL_UP_FG_PCT,PULL_UP_FG3M,PULL_UP_FGA,PULL_UP_FGM,PULL_UP_PTS,PULL_UP_FG3A,POST_TOUCH_PTS,PAINT_TOUCH_FG_PCT,ELBOW_TOUCH_FG_PCT,ELBOW_TOUCH_PTS,CATCH_SHOOT_PTS,PAINT_TOUCH_PTS,EFF_FG_PCT,POST_TOUCH_FG_PCT,CATCH_SHOOT_FG_PCT,RIGHT_CORNER_3_FG_PCT,ABOVE_BREAK_3_FGM,ITP_FGA,ITP_FGM,BACKCOURT_FG_PCT,CORNER_3_FGA,LEFT_CORNER_3_FGA,BACKCOURT_FGA,BACKCOURT_FGM,LEFT_CORNER_3_FG_PCT,CORNER_3_FG_PCT,MID_FGA,RIGHT_CORNER_3_FGA,MID_FGM,RA_FGM,RIGHT_CORNER_3_FGM,MID_FG_PCT,CORNER_3_FGM,RA_FGA,ITP_FG_PCT,ABOVE_BREAK_3_FGA,ABOVE_BREAK_3_FG_PCT,RA_FG_PCT,LEFT_CORNER_3_FGM,FREQ,PLAYER_POSITION,LT_06_PCT,FGM_LT_06,PLUSMINUS,FGA_LT_06,NS_LT_06_PCT,FGP_30_34,FGM_20_24,FGM_5_9,FGA_LT_5,FGM_40_PLUS,FGM_35_39,FGP_5_9,FGA_25_29,FGP_LT_5,FGP_25_29,FGA_5_9,FGA_15_19,FGA_20_24,FGP_15_19,FGM_10_14,FGA_40_PLUS,FGP_40_PLUS,FGP_20_24,FGP_10_14,FGM_LT_5,FGA_30_34,FGM_30_34,FGA_10_14,FGM_25_29,FGP_35_39,FGA_35_39,FGM_15_19,TEAM_ABBR,CATCH_SHOOT_FGM,CATCH_SHOOT_FG3_PCT,CATCH_SHOOT_FG3A,CATCH_SHOOT_FG3M,CATCH_SHOOT_FGA,CATCH_SHOOT_EFG_PCT,year,date,playoffs,GAME_ID,overall_def_PLAYER_NAME,overall_def_PLAYER_LAST_TEAM_ID,overall_def_PLAYER_LAST_TEAM_ABBREVIATION,overall_def_PLAYER_POSITION,overall_def_AGE,overall_def_GP,overall_def_G,overall_def_FREQ,overall_def_D_FGM,overall_def_D_FGA,overall_def_D_FG_PCT,overall_def_NORMAL_FG_PCT,overall_def_PCT_PLUSMINUS,three_pt_def_PLAYER_NAME,three_pt_def_PLAYER_LAST_TEAM_ID,three_pt_def_PLAYER_LAST_TEAM_ABBREVIATION,three_pt_def_PLAYER_POSITION,three_pt_def_AGE,three_pt_def_GP,three_pt_def_G,three_pt_def_FREQ,three_pt_def_FG3M,three_pt_def_FG3A,three_pt_def_FG3_PCT,three_pt_def_NS_FG3_PCT,three_pt_def_PLUSMINUS,two_pt_def_PLAYER_NAME,two_pt_def_PLAYER_LAST_TEAM_ID,two_pt_def_PLAYER_LAST_TEAM_ABBREVIATION,two_pt_def_PLAYER_POSITION,two_pt_def_AGE,two_pt_def_GP,two_pt_def_G,two_pt_def_FREQ,two_pt_def_FG2M,two_pt_def_FG2A,two_pt_def_FG2_PCT,two_pt_def_NS_FG2_PCT,two_pt_def_PLUSMINUS,less_6ft_def_PLAYER_NAME,less_6ft_def_PLAYER_LAST_TEAM_ID,less_6ft_def_PLAYER_LAST_TEAM_ABBREVIATION,less_6ft_def_PLAYER_POSITION,less_6ft_def_AGE,less_6ft_def_GP,less_6ft_def_G,less_6ft_def_FREQ,less_6ft_def_FGM_LT_06,less_6ft_def_FGA_LT_06,less_6ft_def_LT_06_PCT,less_6ft_def_NS_LT_06_PCT,less_6ft_def_PLUSMINUS,less_10ft_def_PLAYER_NAME,less_10ft_def_PLAYER_LAST_TEAM_ID,less_10ft_def_PLAYER_LAST_TEAM_ABBREVIATION,less_10ft_def_PLAYER_POSITION,less_10ft_def_AGE,less_10ft_def_GP,less_10ft_def_G,less_10ft_def_FREQ,less_10ft_def_FGM_LT_10,less_10ft_def_FGA_LT_10,less_10ft_def_LT_10_PCT,less_10ft_def_NS_LT_10_PCT,less_10ft_def_PLUSMINUS,more_15ft_def_PLAYER_NAME,more_15ft_def_PLAYER_LAST_TEAM_ID,more_15ft_def_PLAYER_LAST_TEAM_ABBREVIATION,more_15ft_def_PLAYER_POSITION,more_15ft_def_AGE,more_15ft_def_GP,more_15ft_def_G,more_15ft_def_FREQ,more_15ft_def_FGM_GT_15,more_15ft_def_FGA_GT_15,more_15ft_def_GT_15_PCT,more_15ft_def_NS_GT_15_PCT,more_15ft_def_PLUSMINUS,hustle_PLAYER_NAME,hustle_TEAM_ID,hustle_TEAM_ABBREVIATION,hustle_AGE,hustle_G,hustle_MIN,hustle_CONTESTED_SHOTS,hustle_CONTESTED_SHOTS_2PT,hustle_CONTESTED_SHOTS_3PT,hustle_DEFLECTIONS,hustle_CHARGES_DRAWN,hustle_SCREEN_ASSISTS,hustle_SCREEN_AST_PTS,hustle_OFF_LOOSE_BALLS_RECOVERED,hustle_DEF_LOOSE_BALLS_RECOVERED,hustle_LOOSE_BALLS_RECOVERED,hustle_PCT_LOOSE_BALLS_RECOVERED_OFF,hustle_PCT_LOOSE_BALLS_RECOVERED_DEF,hustle_OFF_BOXOUTS,hustle_DEF_BOXOUTS,hustle_BOX_OUTS,hustle_BOX_OUT_PLAYER_TEAM_REBS,hustle_BOX_OUT_PLAYER_REBS,hustle_PCT_BOX_OUTS_OFF,hustle_PCT_BOX_OUTS_DEF,hustle_PCT_BOX_OUTS_TEAM_REB,hustle_PCT_BOX_OUTS_REB,post_touch_PLAYER_NAME,post_touch_TEAM_ID,post_touch_TEAM_ABBREVIATION,post_touch_GP,post_touch_W,post_touch_L,post_touch_MIN,post_touch_TOUCHES,post_touch_POST_TOUCHES,post_touch_POST_TOUCH_FGM,post_touch_POST_TOUCH_FGA,post_touch_POST_TOUCH_FG_PCT,post_touch_POST_TOUCH_FTM,post_touch_POST_TOUCH_FTA,post_touch_POST_TOUCH_FT_PCT,post_touch_POST_TOUCH_PTS,post_touch_POST_TOUCH_PTS_PCT,post_touch_POST_TOUCH_PASSES,post_touch_POST_TOUCH_PASSES_PCT,post_touch_POST_TOUCH_AST,post_touch_POST_TOUCH_AST_PCT,post_touch_POST_TOUCH_TOV,post_touch_POST_TOUCH_TOV_PCT,post_touch_POST_TOUCH_FOULS,post_touch_POST_TOUCH_FOULS_PCT,speed_distance_PLAYER_NAME,speed_distance_TEAM_ID,speed_distance_TEAM_ABBREVIATION,speed_distance_GP,speed_distance_W,speed_distance_L,speed_distance_MIN,speed_distance_MIN1,speed_distance_DIST_FEET,speed_distance_DIST_MILES,speed_distance_DIST_MILES_OFF,speed_distance_DIST_MILES_DEF,speed_distance_AVG_SPEED,speed_distance_AVG_SPEED_OFF,speed_distance_AVG_SPEED_DEF,season
203458,Alex Len,Alex,1610612764,WAS,28.0,1,0,1,0.0,23.933333333333334,2,6,0.333,0,0,0.0,2,2,1.0,3,7,10,2,0,2,1,0,2,1,6,0,30.0,0,0,24.0,1,67,67,67,61,76,75,84,65,95,65,33,43,1,7,11,7,40,65,5,12,1,56,54,79,58,29,14,1,41,,49,100.0,100.0,-2.4,103.7,38,56,0.111,57,76,40,55,2.0,-3.7,0.0,0.114,40,93,9,76,103.7,0.0,6.0,0.1,0.333,36,0.097,1,105.3,110.31,0.318,107.86,-3.7,7,1,8,100,91.92,18,0.436,8,21,110.31,100,93,73,84,102.9,76,0.137,0.0,89,22.2,96,75,0.189,0.0,2,0,2,0.071,0.071,5,11,28,0,0,0,0.0,0.0,0.0,0,0,0,0.0,0.0,0,0,0.0,0.0,0,0,35,0.857,0,1.0,2,13,1.11,0.171,0.34,0.0,6,0.6,7,0.625,1.0,9.0,4.0,0.875,0.333,5.7,0.0,5.0,3.0,4.5,0.667,0.5,8.0,1.0,0.667,1.0,5.3,5.0,1.0,0.333,0.429,16.0,2.0,0.0,WAS,0.167,0.0,0.0,1610612764.0,1.0,0.0,1.0,0.0,0.0,,1.0,0.167,0.0,0.0,0.5,0.667,4.0,2.0,0.0,2.0,4.0,0.0,0.667,,0.0,0.5,0.5,0.0,1.0,0.0,0.0,0.0,0.0,1.0,0.167,0.0,,0.0,0.0,0.167,,,,,,,,,,,,,,,,,,0,0,0,,0,0.4,0.0,2,0,6,0.333,0.0,0.0,0.0,0.0,1.0,0.0,0.0,0.0,0.0,0.0,0.0,0.0,0.0,1.0,0.0,0.0,2.0,0.0,0.0,0.0,4.0,0.0,0.0,0.0,0.5,0.0,0.457,C,0.565,144.0,-0.069,255.0,0.634,0.0,0.0,0.0,4.0,0.0,,0.0,0.0,0.5,0.0,1.0,0.0,0.0,0.0,0.0,0.0,0.0,0.0,0.0,2.0,0.0,0.0,1.0,0.0,,,0.0,WAS,0,,,,1,0.0,2021,20210512,False,22001042,Alex Len,1610612764.0,WAS,C,28.0,1.0,1.0,1.0,4.0,7.0,0.571,0.526,0.045,Alex Len,1610612764.0,WAS,C,28.0,1.0,1.0,0.143,0.0,1.0,0.0,0.405,-0.405,Alex Len,1610612764.0,WAS,C,28.0,1.0,1.0,0.857,4.0,6.0,0.667,0.57,0.097,Alex Len,1610612764.0,WAS,C,28.0,1.0,1.0,0.571,3.0,4.0,0.75,0.644,0.106,Alex Len,1610612764.0,WAS,C,28.0,1.0,1.0,0.714,4.0,5.0,0.8,0.604,0.196,Alex Len,1610612764.0,WAS,C,28.0,1.0,1.0,0.143,0.0,1.0,0.0,0.416,-0.416,Alex Len,1610612764.0,WAS,28.0,1.0,23.9,2.0,1.0,1.0,2.0,0.0,3.0,7.0,0.0,0.0,0.0,0.0,0.0,0.0,8.0,8.0,7.0,5.0,0.0,1.0,1.0,0.714,Alex Len,1610612764,WAS,1,0,1,23.9,35.0,0.0,0.0,0.0,0.0,0.0,0.0,0.0,0.0,0.0,0.0,0.0,0.0,0.0,0.0,0.0,0.0,0.0,Alex Len,1610612764,WAS,1,0,1,23.93,23.93,9703.0,1.84,1.0,0.84,4.29,4.63,3.93,2020_21
203992,Bogdan Bogdanović,Bogdan,1610612737,ATL,28.0,1,1,0,1.0,40.13333333333333,8,15,0.533,4,10,0.4,0,0,0.0,0,2,2,3,1,3,1,0,4,0,20,12,37.9,0,0,37.0,1,1,1,1,1,14,14,40,4,3,31,73,74,73,67,67,81,27,34,1,12,1,112,92,16,11,18,14,1,17,,60,123.6,123.6,17.5,110.1,66,89,0.168,63,34,64,12,8.0,13.5,5.3,0.173,64,31,113,34,110.1,3.0,15.0,0.094,0.667,54,0.0,78,108.3,106.45,0.042,106.4,13.5,108,78,27,72,88.7,28,0.667,27,67,106.45,73,31,25,37,125.8,14,0.086,5.3,29,15.8,31,14,0.024,0.0,3,0,5,0.097,0.097,6,36,31,0,5,1,0.6,0.0,0.5,12,0,0,0.083,0.417,6,5,0.167,0.0,2,3,49,0.0,1,0.0,0,29,3.3,0.408,2.14,0.0,20,2.7,1,0.286,1.0,1.0,2.0,0.333,0.0,16.0,0.0,0.0,0.0,0.0,0.0,0.0,6.0,1.0,0.333,0.4,16.0,2.0,0.0,0.0,0.0,7.0,0.0,,,,,,,,,,,,,,,,,0.333,0.067,1.0,1.0,1.0,0.0,3.0,0.133,0.2,0.5,2.0,0.0,0.5,1.0,9.0,6.0,3.0,0.5,1.0,3.0,0.6,0.4,0.167,0.444,4.0,0.2,0.2,1.333,0.133,1.0,1.0,1.0,1.0,1.0,2.0,2.0,0.067,3.0,3.0,0.5,0.5,0.333,1.0,3,1,3,2.0,0,0.0,0.0,0,11,0,0.667,0.0,0.444,0.667,2.0,3.0,3.0,0.0,3.0,0.0,0.0,0.0,0.0,0.667,2.0,3.0,1.0,0.0,2.0,0.5,2.0,0.0,1.0,7.0,0.286,0.0,0.0,0.333,G,0.593,108.0,-0.012,182.0,0.606,0.0,4.0,3.0,0.0,0.0,,1.0,4.0,0.0,0.25,3.0,1.0,7.0,0.0,0.0,0.0,0.0,0.571,0.0,0.0,0.0,0.0,0.0,1.0,,,0.0,ATL,4,0.429,7.0,3.0,8,0.688,2021,20210512,False,22001042,Bogdan Bogdanović,1610612737.0,ATL,G,28.0,1.0,1.0,1.0,10.0,23.0,0.435,0.44,-0.006,Bogdan Bogdanović,1610612737.0,ATL,G,28.0,1.0,1.0,0.348,3.0,8.0,0.375,0.363,0.012,Bogdan Bogdanović,1610612737.0,ATL,G,28.0,1.0,1.0,0.652,7.0,15.0,0.467,0.491,-0.025,Bogdan Bogdanović,1610612737.0,ATL,G,28.0,1.0,1.0,0.304,3.0,7.0,0.429,0.625,-0.197,Bogdan Bogdanović,1610612737.0,ATL,G,28.0,1.0,1.0,0.391,4.0,9.0,0.444,0.567,-0.123,Bogdan Bogdanović,1610612737.0,ATL,G,28.0,1.0,1.0,0.478,5.0,11.0,0.455,0.374,0.08,Bogdan Bogdanović,1610612737.0,ATL,28.0,1.0,40.1,12.0,10.0,2.0,5.0,0.0,0.0,0.0,0.0,1.0,1.0,0.0,1.0,0.0,0.0,0.0,0.0,0.0,0.0,0.0,0.0,0.0,Bogdan Bogdanović,1610612737,ATL,1,1,0,40.1,49.0,1.0,0.0,0.0,0.0,0.0,0.0,0.0,0.0,0.0,1.0,1.0,0.0,0.0,0.0,0.0,0.0,0.0,Bogdan Bogdanović,1610612737,ATL,1,1,0,40.13,40.13,16213.0,3.07,1.71,1.37,4.37,4.9,3.88,2020_21
1628990,Chandler Hutchison,Chandler,1610612764,WAS,25.0,1,0,1,0.0,15.7,2,5,0.4,0,1,0.0,4,5,0.8,0,5,5,0,0,0,0,0,4,3,8,-3,14.0,0,0,13.0,1,67,67,67,95,76,81,72,65,83,65,14,17,32,67,26,37,89,65,54,35,1,112,28,66,84,87,14,1,85,,103,111.8,111.8,-8.3,120.6,82,34,0.189,89,91,94,55,2.0,-8.8,0.0,0.2,94,60,15,91,120.6,0.0,5.0,0.0,0.4,89,0.0,1,123.2,103.95,0.357,101.44,-8.8,6,1,50,63,86.62,75,0.556,50,67,103.95,64,60,89,59,114.9,76,0.07,0.0,52,0.0,81,81,0.167,0.0,0,0,0,0.0,0.0,0,11,14,4,0,0,0.0,0.5,0.75,4,3,2,0.0,0.0,3,2,0.0,0.75,0,0,21,2.0,1,0.0,0,10,1.92,0.381,0.81,2.0,8,0.7,1,0.714,1.0,0.0,5.0,0.714,0.0,6.4,0.0,0.0,0.0,0.0,0.0,0.0,7.0,1.0,0.833,0.833,6.4,5.0,0.0,0.0,0.0,7.0,0.0,1.0,WAS,0.2,1.0,1.0,1610612764.0,1.0,0.0,1.0,1.0,0.0,,1.0,0.2,1.0,0.0,0.0,0.4,2.0,0.0,0.0,0.0,2.0,0.0,0.4,,0.0,0.0,0.0,1.0,2.0,1.0,1.0,0.5,0.0,1.0,0.4,0.2,0.0,0.5,1.0,0.2,,,,,,,,,,,,,,1.0,,1.0,0.0,1,1,2,0.0,2,1.0,0.0,0,0,2,0.4,1.0,0.0,0.0,0.0,2.0,1.0,0.0,1.0,1.0,0.0,0.0,0.0,0.0,0.0,0.0,0.0,1.0,0.0,0.0,0.0,2.0,0.5,0.0,0.0,0.5,0.0,0.448,F-G,0.672,43.0,0.068,64.0,0.604,,0.0,0.0,2.0,0.0,,0.0,0.0,0.5,0.0,1.0,0.0,1.0,0.0,1.0,0.0,0.0,0.0,1.0,1.0,,,1.0,0.0,,,0.0,WAS,0,,0.0,0.0,0,,2021,20210512,False,22001042,Chandler Hutchison,1610612764.0,WAS,F-G,25.0,1.0,1.0,1.0,2.0,5.0,0.4,0.468,-0.068,Chandler Hutchison,1610612764.0,WAS,F-G,25.0,1.0,1.0,0.2,0.0,1.0,0.0,0.405,-0.405,Chandler Hutchison,1610612764.0,WAS,F-G,25.0,1.0,1.0,0.8,2.0,4.0,0.5,0.496,0.004,Chandler Hutchison,1610612764.0,WAS,F-G,25.0,1.0,1.0,0.4,2.0,2.0,1.0,0.659,0.342,Chandler Hutchison,1610612764.0,WAS,F-G,25.0,1.0,1.0,0.4,2.0,2.0,1.0,0.587,0.413,Chandler Hutchison,1610612764.0,WAS,F-G,25.0,1.0,1.0,0.6,0.0,3.0,0.0,0.392,-0.392,Chandler Hutchison,1610612764.0,WAS,25.0,1.0,15.7,3.0,1.0,2.0,0.0,0.0,0.0,0.0,0.0,0.0,0.0,0.0,0.0,0.0,0.0,0.0,0.0,0.0,0.0,0.0,0.0,0.0,Chandler Hutchison,1610612764,WAS,1,0,1,15.7,21.0,1.0,1.0,1.0,1.0,0.0,0.0,0.0,2.0,2.0,0.0,0.0,0.0,0.0,0.0,0.0,0.0,0.0,Chandler Hutchison,1610612764,WAS,1,0,1,15.7,15.7,6401.0,1.21,0.67,0.54,4.3,4.82,3.74,2020_21
203991,Clint Capela,Clint,1610612737,ATL,27.0,1,1,0,1.0,27.966666666666665,7,7,1.0,0,0,0.0,3,5,0.6,1,10,11,0,2,0,2,0,1,5,17,10,34.2,1,0,32.0,1,1,1,1,45,18,66,1,65,95,65,23,17,51,26,4,4,89,16,54,7,1,29,9,25,13,23,1,1,23,,31,115.4,115.4,19.1,100.0,14,65,0.164,89,31,27,55,7.0,15.4,18.2,0.173,27,47,10,31,100.0,0.0,7.0,0.0,1.0,89,0.043,124,100.7,111.56,0.27,109.06,15.4,16,124,5,74,92.97,10,0.924,5,39,111.56,72,47,23,4,119.9,18,0.187,17.9,39,0.0,3,66,0.183,0.0,0,0,1,0.0,0.0,0,16,34,0,0,0,0.0,0.0,0.0,0,0,0,0.0,0.0,0,0,0.0,0.0,0,0,46,1.5,0,1.0,2,16,1.31,0.37,0.22,0.0,17,1.0,10,0.579,3.0,2.0,5.0,0.556,0.5,4.5,0.0,6.0,5.0,1.8,1.0,0.545,18.0,3.0,0.688,0.667,4.3,5.0,0.0,0.5,0.5,19.0,1.0,,,,,,,,,,,,,,,,,1.0,0.714,5.0,5.0,0.0,5.0,5.0,0.0,0.714,,0.0,1.0,1.0,1.0,2.0,0.0,2.0,1.0,0.0,2.0,0.286,0.0,,1.0,2.0,0.286,,,,,,,,,,,,,,,,,,0,0,0,,0,1.0,1.0,2,0,15,1.0,0.0,0.0,0.0,0.0,0.0,0.0,0.0,0.0,0.0,0.0,0.0,0.0,0.0,0.0,0.0,0.0,7.0,0.0,0.0,0.0,7.0,0.0,0.0,0.0,1.0,0.0,0.448,C,0.531,226.0,-0.095,426.0,0.626,0.0,0.0,0.0,7.0,0.0,,0.0,0.0,1.0,0.0,0.0,0.0,0.0,0.0,0.0,0.0,0.0,0.0,0.0,7.0,0.0,0.0,0.0,0.0,,,0.0,ATL,0,,,,0,,2021,20210512,False,22001042,Clint Capela,1610612737.0,ATL,C,27.0,1.0,1.0,1.0,2.0,10.0,0.2,0.537,-0.337,Clint Capela,1610612737.0,ATL,C,27.0,1.0,1.0,0.1,0.0,1.0,0.0,0.386,-0.386,Clint Capela,1610612737.0,ATL,C,27.0,1.0,1.0,0.9,2.0,9.0,0.222,0.583,-0.361,Clint Capela,1610612737.0,ATL,C,27.0,1.0,1.0,0.6,1.0,6.0,0.167,0.605,-0.439,Clint Capela,1610612737.0,ATL,C,27.0,1.0,1.0,0.8,2.0,8.0,0.25,0.595,-0.345,Clint Capela,1610612737.0,ATL,C,27.0,1.0,1.0,0.1,0.0,1.0,0.0,0.382,-0.382,Clint Capela,1610612737.0,ATL,27.0,1.0,28.0,9.0,9.0,0.0,0.0,0.0,8.0,18.0,0.0,0.0,0.0,0.0,0.0,0.0,4.0,4.0,4.0,2.0,0.0,1.0,1.0,0.5,Clint Capela,1610612737,ATL,1,1,0,28.0,46.0,0.0,0.0,0.0,0.0,0.0,0.0,0.0,0.0,0.0,0.0,0.0,0.0,0.0,0.0,0.0,0.0,0.0,Clint Capela,1610612737,ATL,1,1,0,27.97,27.97,10940.0,2.07,1.11,0.97,4.27,4.57,3.98,2020_21
1629655,Daniel Gafford,Daniel,1610612764,WAS,22.0,1,0,1,0.0,16.783333333333335,8,11,0.727,0,0,0.0,0,0,0.0,2,2,4,1,0,1,0,0,0,0,16,-3,25.3,0,0,23.0,1,67,67,67,93,14,33,13,65,95,65,73,74,73,14,67,51,60,65,16,35,1,1,92,27,84,40,14,1,44,,110,122.2,122.2,-5.7,127.0,11,36,0.282,57,84,107,55,8.0,-4.8,0.0,0.291,107,35,32,84,127.0,0.0,11.0,0.1,0.727,77,0.118,1,128.7,104.39,0.133,103.36,-4.8,58,1,41,16,86.99,58,0.727,41,15,104.39,17,35,81,24,123.0,14,0.194,0.0,34,8.3,22,33,0.125,0.0,1,0,0,0.045,0.045,2,16,22,0,0,0,0.0,0.0,0.0,0,0,0,0.0,0.0,0,0,0.0,0.0,0,0,33,1.273,2,0.0,0,17,1.45,0.485,0.39,1.0,16,0.8,11,0.5,0.0,4.0,1.0,0.5,0.5,3.9,0.0,3.0,1.0,2.6,1.0,0.75,4.0,0.0,0.5,0.5,3.3,1.0,0.0,0.5,0.5,8.0,2.0,1.0,WAS,0.091,1.0,1.0,1610612764.0,1.0,0.0,1.0,1.0,0.0,,1.0,0.091,1.0,0.0,0.667,0.818,9.0,6.0,0.0,6.0,9.0,0.0,0.818,,0.0,0.667,0.667,1.0,1.0,0.0,1.0,1.0,0.0,1.0,0.091,0.0,,1.0,1.0,0.091,,,,,,,,,,,,,,,,,,0,0,0,,2,0.7,0.0,0,0,14,0.727,0.5,0.0,0.0,0.0,3.0,3.0,0.0,0.0,0.0,0.0,0.0,0.0,0.0,0.0,0.0,0.0,5.0,0.0,0.0,0.0,8.0,1.0,0.0,0.0,0.625,0.0,0.521,F-C,0.538,126.0,-0.092,234.0,0.63,,0.0,3.0,8.0,0.0,,1.0,0.0,0.625,0.0,3.0,0.0,0.0,0.0,0.0,0.0,0.0,0.0,0.0,5.0,,,0.0,0.0,,,0.0,WAS,0,,,,0,,2021,20210512,False,22001042,Daniel Gafford,1610612764.0,WAS,F-C,22.0,1.0,1.0,1.0,4.0,8.0,0.5,0.606,-0.106,Daniel Gafford,1610612764.0,WAS,F-C,22.0,1.0,1.0,0.125,0.0,1.0,0.0,0.39,-0.39,Daniel Gafford,1610612764.0,WAS,F-C,22.0,1.0,1.0,0.875,4.0,7.0,0.571,0.632,-0.061,Daniel Gafford,1610612764.0,WAS,F-C,22.0,1.0,1.0,0.75,3.0,6.0,0.5,0.706,-0.206,Daniel Gafford,1610612764.0,WAS,F-C,22.0,1.0,1.0,0.75,3.0,6.0,0.5,0.65,-0.15,Daniel Gafford,1610612764.0,WAS,F-C,22.0,1.0,1.0,0.125,0.0,1.0,0.0,0.407,-0.407,Daniel Gafford,1610612764.0,WAS,22.0,1.0,16.8,4.0,3.0,1.0,2.0,0.0,1.0,3.0,0.0,0.0,0.0,0.0,0.0,0.0,0.0,0.0,0.0,0.0,0.0,0.0,0.0,0.0,Daniel Gafford,1610612764,WAS,1,0,1,16.8,33.0,2.0,1.0,2.0,0.5,0.0,0.0,0.0,2.0,1.0,0.0,0.0,0.0,0.0,0.0,0.0,0.0,0.0,Daniel Gafford,1610612764,WAS,1,0,1,16.78,16.78,6771.0,1.28,0.68,0.6,4.38,4.78,3.99,2020_21
201568,Danilo Gallinari,Danilo,1610612737,ATL,32.0,1,1,0,1.0,23.0,2,5,0.4,0,2,0.0,0,0,0.0,0,5,5,1,0,1,0,0,3,0,4,0,14.5,0,0,12.0,1,1,1,1,65,76,81,72,65,65,65,73,74,73,67,26,37,60,65,16,35,1,97,92,94,58,86,14,1,88,,81,112.0,112.0,0.8,112.0,95,50,0.089,80,62,72,55,2.0,0.0,0.0,0.093,72,59,50,62,112.0,0.0,5.0,0.05,0.4,50,0.0,1,114.7,104.35,0.208,101.59,0.0,29,1,42,111,86.96,74,0.4,42,67,104.35,110,59,63,90,115.4,76,0.046,0.0,50,16.7,81,81,0.106,0.0,1,0,2,0.048,0.048,2,12,21,0,0,0,0.0,0.0,0.0,0,0,0,0.0,0.0,0,0,0.0,0.0,0,0,28,0.0,3,0.0,0,12,2.38,0.143,0.89,1.333,4,1.1,0,0.833,0.0,1.0,4.0,1.0,0.0,6.0,0.0,1.0,1.0,0.0,0.0,0.2,5.0,0.0,0.833,1.0,6.0,4.0,0.0,0.0,0.2,6.0,0.0,1.0,ATL,0.2,1.0,1.0,1610612737.0,1.0,0.0,1.0,1.0,0.0,,1.0,0.2,1.0,0.0,,,,,,,,,,,,,,0.5,4.0,2.0,1.0,0.25,0.0,2.0,0.8,0.4,0.0,0.25,1.0,0.4,,,,,,,,,,,,,,0.5,,0.5,0.0,2,1,2,0.0,4,0.0,0.0,0,0,0,0.4,1.0,0.0,0.0,0.0,0.0,0.0,0.0,0.0,0.0,0.0,0.0,0.0,0.0,2.0,0.0,1.0,1.0,0.0,0.5,0.0,1.0,0.0,2.0,0.0,1.0,0.0,0.405,F,0.638,134.0,0.017,210.0,0.621,,0.0,1.0,1.0,0.0,,1.0,1.0,1.0,0.0,1.0,1.0,1.0,0.0,0.0,0.0,0.0,0.0,0.0,1.0,,,0.0,0.0,,,0.0,ATL,0,0.0,2.0,0.0,2,0.0,2021,20210512,False,22001042,Danilo Gallinari,1610612737.0,ATL,F,32.0,1.0,1.0,1.0,4.0,10.0,0.4,0.571,-0.171,Danilo Gallinari,1610612737.0,ATL,F,32.0,1.0,1.0,0.3,0.0,3.0,0.0,0.324,-0.324,Danilo Gallinari,1610612737.0,ATL,F,32.0,1.0,1.0,0.7,4.0,7.0,0.571,0.63,-0.059,Danilo Gallinari,1610612737.0,ATL,F,32.0,1.0,1.0,0.4,3.0,4.0,0.75,0.734,0.016,Danilo Gallinari,1610612737.0,ATL,F,32.0,1.0,1.0,0.4,3.0,4.0,0.75,0.714,0.036,Danilo Gallinari,1610612737.0,ATL,F,32.0,1.0,1.0,0.4,0.0,4.0,0.0,0.375,-0.375,Danilo Gallinari,1610612737.0,ATL,32.0,1.0,23.0,2.0,2.0,0.0,1.0,0.0,1.0,2.0,0.0,0.0,0.0,0.0,0.0,0.0,0.0,0.0,0.0,0.0,0.0,0.0,0.0,0.0,Danilo Gallinari,1610612737,ATL,1,1,0,23.0,28.0,3.0,2.0,2.0,1.0,0.0,0.0,0.0,4.0,1.333,1.0,0.333,0.0,0.0,0.0,0.0,0.0,0.0,Danilo Gallinari,1610612737,ATL,1,1,0,23.0,23.0,8539.0,1.62,0.88,0.74,3.93,4.45,3.42,2020_21
202722,Davis Bertans,Davis,1610612764,WAS,28.0,1,0,1,0.0,31.366666666666667,5,12,0.417,4,10,0.4,0,0,0.0,0,4,4,0,2,2,0,0,1,0,14,4,22.8,0,0,26.0,1,67,67,67,30,35,27,67,4,3,31,73,74,73,67,37,51,89,16,5,35,1,29,92,39,38,50,14,1,35,,51,104.1,104.1,-0.9,101.4,80,74,0.175,89,58,36,55,5.0,2.7,14.3,0.181,36,85,82,58,101.4,0.0,12.0,0.0,0.583,89,0.0,108,105.7,111.71,0.121,109.05,2.7,63,105,4,68,93.09,11,0.583,4,67,111.71,68,85,68,54,104.8,35,0.07,14.3,83,0.0,45,27,0.056,0.0,1,1,1,0.0,0.036,0,25,28,0,0,0,1.0,0.0,2.0,1,0,0,0.0,0.0,2,1,0.0,0.0,0,1,42,0.0,0,0.0,0,23,1.15,0.333,0.26,0.0,14,0.8,0,0.667,1.0,1.0,3.0,0.667,0.0,7.0,0.0,1.0,1.0,0.0,0.0,0.25,6.0,1.0,0.8,0.8,7.0,3.0,0.0,0.0,0.25,6.0,0.0,,,,,,,,,,,,,,,,,0.333,0.167,2.0,2.0,1.0,1.0,6.0,0.333,0.5,0.25,4.0,0.5,0.417,,5.0,5.0,0.0,0.9,3.0,0.0,0.417,0.417,0.6,0.6,3.0,0.0,0.083,0.0,0.083,0.0,0.0,0.0,0.0,,0.0,1.0,0.0,0.0,1.0,0.0,0.0,0.0,0.0,1,0,0,1.0,0,0.0,0.0,0,12,0,0.583,0.0,0.444,0.0,3.0,1.0,0.0,0.0,2.0,1.0,1.0,0.0,1.0,0.5,0.0,1.0,0.0,1.0,0.0,0.0,1.0,1.0,0.0,7.0,0.429,1.0,1.0,0.35,F,0.522,96.0,-0.075,184.0,0.596,0.0,2.0,0.0,2.0,0.0,,0.0,6.0,0.5,0.333,0.0,0.0,3.0,0.0,0.0,1.0,0.0,0.667,0.0,1.0,0.0,0.0,0.0,2.0,,,0.0,WAS,4,0.444,9.0,4.0,9,0.667,2021,20210512,False,22001042,Dāvis Bertāns,1610612764.0,WAS,F,28.0,1.0,1.0,1.0,2.0,5.0,0.4,0.463,-0.063,Dāvis Bertāns,1610612764.0,WAS,F,28.0,1.0,1.0,0.2,0.0,1.0,0.0,0.36,-0.36,Dāvis Bertāns,1610612764.0,WAS,F,28.0,1.0,1.0,0.8,2.0,4.0,0.5,0.489,0.012,Dāvis Bertāns,1610612764.0,WAS,F,28.0,1.0,1.0,0.2,0.0,1.0,0.0,0.695,-0.695,Dāvis Bertāns,1610612764.0,WAS,F,28.0,1.0,1.0,0.6,2.0,3.0,0.667,0.531,0.136,Dāvis Bertāns,1610612764.0,WAS,F,28.0,1.0,1.0,0.2,0.0,1.0,0.0,0.37,-0.37,Dāvis Bertāns,1610612764.0,WAS,28.0,1.0,31.4,4.0,4.0,0.0,2.0,0.0,3.0,7.0,0.0,1.0,1.0,0.0,1.0,0.0,0.0,0.0,0.0,0.0,0.0,0.0,0.0,0.0,Dāvis Bertāns,1610612764,WAS,1,0,1,31.4,42.0,0.0,0.0,0.0,0.0,0.0,0.0,0.0,0.0,0.0,0.0,0.0,0.0,0.0,0.0,0.0,0.0,0.0,Dāvis Bertāns,1610612764,WAS,1,0,1,31.37,31.37,12873.0,2.44,1.46,0.98,4.33,5.3,3.69,2020_21
1629726,Garrison Mathews,Garrison,1610612764,WAS,24.0,1,0,1,0.0,18.05,1,4,0.25,1,4,0.25,0,0,0.0,0,0,0,0,0,1,0,0,2,2,3,4,6.0,0,0,6.0,1,67,67,67,91,97,97,103,32,34,53,73,74,73,67,113,117,89,65,16,35,1,56,37,101,38,107,14,1,104,,73,119.5,119.5,14.0,109.8,120,41,0.087,89,40,59,55,1.0,9.8,0.0,0.091,59,40,117,40,109.8,0.0,4.0,0.0,0.375,89,0.0,1,112.1,109.03,0.0,105.09,9.8,113,1,11,113,90.86,45,0.375,11,67,109.03,113,40,34,96,126.0,97,-0.011,0.0,28,0.0,91,97,0.0,0.0,0,0,0,0.0,0.0,0,8,6,0,0,0,0.0,0.0,0.0,0,0,0,0.0,0.0,0,0,0.0,0.0,0,0,12,0.0,0,0.0,0,7,1.13,0.25,0.25,0.0,3,0.2,0,,,,,,,,,,,,,,,,,,,,,,,,,0.0,WAS,0.25,0.0,0.0,1610612764.0,1.0,0.0,1.0,0.0,0.25,0.0,0.0,0.0,,1.0,,,,,,,,,,,,,,,2.0,2.0,0.0,0.0,0.0,0.0,0.5,0.5,0.0,0.0,0.0,0.0,0.25,1.5,0.25,0.0,0.0,1.0,1.0,,1.0,1.0,0.0,1.0,1.0,0.0,0.0,0.0,0.0,1,0,0,1.0,0,0.0,0.0,0,3,0,0.375,0.0,0.333,1.0,0.0,0.0,0.0,,3.0,2.0,,,0.0,0.333,0.0,1.0,0.0,0.0,1.0,0.0,1.0,0.0,0.0,1.0,0.0,0.0,0.0,0.356,G,0.692,90.0,0.076,130.0,0.616,,1.0,0.0,0.0,0.0,,0.0,1.0,0.0,0.0,0.0,0.0,3.0,0.0,0.0,0.0,0.0,0.333,0.0,0.0,,,0.0,0.0,,,0.0,WAS,1,0.333,3.0,1.0,3,0.5,2021,20210512,False,22001042,Garrison Mathews,1610612764.0,WAS,G,24.0,1.0,1.0,1.0,3.0,5.0,0.6,0.495,0.105,Garrison Mathews,1610612764.0,WAS,G,24.0,1.0,1.0,0.4,0.0,2.0,0.0,0.375,-0.375,Garrison Mathews,1610612764.0,WAS,G,24.0,1.0,1.0,0.6,3.0,3.0,1.0,0.536,0.464,Garrison Mathews,1610612764.0,WAS,G,24.0,1.0,1.0,0.2,1.0,1.0,1.0,0.627,0.373,Garrison Mathews,1610612764.0,WAS,G,24.0,1.0,1.0,0.4,2.0,2.0,1.0,0.582,0.418,Garrison Mathews,1610612764.0,WAS,G,24.0,1.0,1.0,0.6,1.0,3.0,0.333,0.398,-0.064,Garrison Mathews,1610612764.0,WAS,24.0,1.0,18.1,2.0,1.0,1.0,1.0,0.0,0.0,0.0,0.0,0.0,0.0,0.0,0.0,0.0,0.0,0.0,0.0,0.0,0.0,0.0,0.0,0.0,Garrison Mathews,1610612764,WAS,1,0,1,18.1,12.0,0.0,0.0,0.0,0.0,0.0,0.0,0.0,0.0,0.0,0.0,0.0,0.0,0.0,0.0,0.0,0.0,0.0,Garrison Mathews,1610612764,WAS,1,0,1,18.05,18.05,7440.0,1.41,0.71,0.7,4.44,4.56,4.33,2020_21
202397,Ish Smith,Ish,1610612764,WAS,32.0,1,0,1,0.0,27.866666666666667,3,9,0.333,0,1,0.0,0,0,0.0,0,5,5,6,0,1,0,1,1,1,6,-12,24.0,0,0,19.0,1,67,67,67,46,61,49,84,65,83,65,73,74,73,67,26,37,11,65,16,35,92,29,54,79,120,44,14,1,62,,102,101.6,101.6,-24.1,121.0,63,62,0.13,16,106,95,55,3.0,-19.4,0.0,0.131,95,91,64,106,121.0,0.0,9.0,0.3,0.333,6,0.0,1,123.1,106.79,0.179,107.24,-19.4,40,1,24,89,89.0,22,0.333,24,67,106.79,92,91,108,104,99.1,61,0.088,0.0,96,40.0,96,49,0.078,0.0,6,0,9,0.13,0.13,14,42,46,0,12,0,0.2,0.0,0.118,17,0,0,0.0,0.706,2,5,0.118,0.0,2,1,56,0.0,0,0.0,0,16,5.0,0.107,4.98,0.0,6,4.7,0,0.714,0.0,2.0,4.0,1.0,0.0,5.4,0.0,1.0,1.0,0.0,0.0,0.2,5.0,0.0,0.714,1.0,5.4,4.0,0.0,0.0,0.2,7.0,0.0,,,,,,,,,,,,,,,,,0.2,0.556,5.0,1.0,0.0,1.0,5.0,0.0,0.556,,0.0,0.2,0.2,0.667,3.0,0.0,2.0,0.667,0.0,3.0,0.333,0.0,,0.667,2.0,0.333,0.111,0.0,0.111,0.0,0.0,0.0,0.0,,0.0,1.0,0.0,0.0,1.0,0.6,,0.6,0.0,5,3,6,0.0,0,0.0,0.0,0,0,0,0.333,0.0,0.0,0.0,0.0,3.0,1.0,0.0,1.0,1.0,0.0,0.0,0.0,0.0,3.0,0.0,2.0,0.0,0.0,0.667,0.0,2.0,0.333,0.0,0.0,0.0,0.0,0.279,G,0.614,54.0,-0.002,88.0,0.615,,0.0,0.0,2.0,0.0,,0.0,0.0,0.0,0.0,2.0,3.0,1.0,0.667,1.0,0.0,0.0,0.0,1.0,0.0,,,1.0,0.0,,,2.0,WAS,0,0.0,1.0,0.0,1,0.0,2021,20210512,False,22001042,Ish Smith,1610612764.0,WAS,G,32.0,1.0,1.0,1.0,5.0,11.0,0.455,0.433,0.021,Ish Smith,1610612764.0,WAS,G,32.0,1.0,1.0,0.455,2.0,5.0,0.4,0.349,0.051,Ish Smith,1610612764.0,WAS,G,32.0,1.0,1.0,0.545,3.0,6.0,0.5,0.477,0.023,,,,,,,,,,,,,,Ish Smith,1610612764.0,WAS,G,32.0,1.0,1.0,0.182,1.0,2.0,0.5,0.522,-0.022,Ish Smith,1610612764.0,WAS,G,32.0,1.0,1.0,0.545,2.0,6.0,0.333,0.366,-0.033,Ish Smith,1610612764.0,WAS,32.0,1.0,27.9,3.0,2.0,1.0,0.0,0.0,0.0,0.0,1.0,1.0,2.0,0.5,0.5,0.0,0.0,0.0,0.0,0.0,0.0,0.0,0.0,0.0,Ish Smith,1610612764,WAS,1,0,1,27.9,56.0,0.0,0.0,0.0,0.0,0.0,0.0,0.0,0.0,0.0,0.0,0.0,0.0,0.0,0.0,0.0,0.0,0.0,Ish Smith,1610612764,WAS,1,0,1,27.87,27.87,11741.0,2.22,1.26,0.97,4.47,4.93,4.38,2020_21
1628381,John Collins,John,1610612737,ATL,23.0,1,1,0,1.0,34.333333333333336,5,12,0.417,2,5,0.4,6,8,0.75,0,6,6,1,3,0,2,0,3,6,18,-3,29.7,0,0,31.0,1,1,1,1,15,35,27,67,22,23,31,6,3,36,67,19,27,60,9,54,7,1,97,7,21,84,31,14,1,25,,69,107.7,107.7,-4.5,110.1,79,78,0.235,84,75,65,54,5.0,-2.4,15.0,0.23,65,73,61,75,110.1,0.33,12.0,0.04,0.5,85,0.0,114,111.3,109.75,0.146,109.64,-2.4,53,114,9,38,91.46,8,0.58,9,67,109.75,46,73,76,56,106.8,35,0.071,15.4,80,5.0,55,27,0.083,0.0,1,0,1,0.031,0.031,2,33,32,0,0,0,0.667,0.0,1.333,3,0,0,0.0,0.0,4,3,0.0,0.0,0,2,51,1.333,6,1.0,1,31,1.7,0.353,0.37,0.333,18,1.4,3,0.429,2.0,4.0,5.0,0.6,0.0,3.8,0.0,1.0,1.0,0.0,0.0,0.167,10.0,2.0,0.5,0.75,3.8,5.0,0.0,0.0,0.167,14.0,0.0,,,,,,,,,,,,,,,,,0.5,0.5,6.0,3.0,0.0,3.0,6.0,0.0,0.5,,0.0,0.5,0.5,0.0,2.0,1.0,0.0,0.0,0.0,1.0,0.167,0.083,0.0,0.0,0.0,0.083,0.333,0.75,0.333,0.0,0.0,0.5,0.5,,2.0,4.0,0.0,2.0,4.0,1.0,,1.0,0.0,2,2,4,0.0,2,0.0,0.0,1,6,4,0.5,0.0,0.333,0.0,1.0,2.0,2.0,0.0,1.0,1.0,0.0,0.0,1.0,1.0,2.0,0.0,1.0,0.0,0.0,0.5,1.0,3.0,1.0,4.0,0.25,0.0,1.0,0.413,F-C,0.621,211.0,-0.004,340.0,0.624,0.0,2.0,2.0,3.0,0.0,,1.0,3.0,0.0,0.0,2.0,0.0,2.0,0.0,1.0,0.0,0.0,1.0,0.5,0.0,0.0,0.0,2.0,0.0,,,0.0,ATL,2,0.4,5.0,2.0,5,0.6,2021,20210512,False,22001042,John Collins,1610612737.0,ATL,F-C,23.0,1.0,1.0,1.0,8.0,18.0,0.444,0.541,-0.097,John Collins,1610612737.0,ATL,F-C,23.0,1.0,1.0,0.222,1.0,4.0,0.25,0.355,-0.105,John Collins,1610612737.0,ATL,F-C,23.0,1.0,1.0,0.778,7.0,14.0,0.5,0.598,-0.098,John Collins,1610612737.0,ATL,F-C,23.0,1.0,1.0,0.444,5.0,8.0,0.625,0.692,-0.067,John Collins,1610612737.0,ATL,F-C,23.0,1.0,1.0,0.5,6.0,9.0,0.667,0.672,-0.005,John Collins,1610612737.0,ATL,F-C,23.0,1.0,1.0,0.389,2.0,7.0,0.286,0.377,-0.092,John Collins,1610612737.0,ATL,23.0,1.0,34.3,14.0,9.0,5.0,2.0,0.0,5.0,11.0,0.0,1.0,1.0,0.0,1.0,0.0,1.0,1.0,1.0,0.0,0.0,1.0,1.0,0.0,John Collins,1610612737,ATL,1,1,0,34.3,51.0,6.0,0.0,2.0,0.0,2.0,4.0,0.5,2.0,0.333,0.0,0.0,0.0,0.0,0.0,0.0,2.0,0.333,John Collins,1610612737,ATL,1,1,0,34.33,34.33,13625.0,2.58,1.38,1.21,4.32,4.66,3.98,2020_21
1628989,Kevin Huerter,Kevin,1610612737,ATL,22.0,1,1,0,1.0,21.116666666666667,2,6,0.333,1,5,0.2,1,2,0.5,1,5,6,3,2,0,0,0,4,1,6,9,15.7,0,0,16.0,1,1,1,1,78,76,75,84,32,23,59,55,43,56,26,26,27,27,16,54,35,1,112,54,79,17,79,14,1,72,,12,106.5,106.5,22.5,83.3,94,46,0.184,31,19,13,30,2.0,23.2,16.7,0.184,13,79,36,19,83.3,1.5,6.0,0.2,0.417,25,0.053,122,86.0,106.84,0.167,104.2,23.2,43,118,23,66,89.03,48,0.436,23,35,106.84,67,79,19,84,108.5,76,0.048,16.8,71,25.0,79,75,0.122,0.0,3,0,5,0.167,0.167,8,20,18,0,2,1,1.0,0.0,0.5,4,0,0,0.25,0.5,2,1,0.25,0.0,1,1,28,0.0,0,0.0,0,16,3.06,0.214,2.5,0.0,6,1.4,0,0.75,1.0,1.0,4.0,0.714,1.0,6.3,0.0,1.0,1.0,30.8,0.0,0.167,7.0,1.0,0.857,0.833,10.4,5.0,1.0,1.0,0.2,8.0,0.0,,,,,,,,,,,,,,,,,1.0,0.167,1.0,1.0,0.0,1.0,1.0,0.0,0.167,,0.0,1.0,1.0,,1.0,1.0,0.0,0.0,0.0,0.0,0.167,0.167,0.0,0.0,0.0,0.0,0.667,0.375,0.667,0.0,0.0,0.25,0.25,,1.0,4.0,0.0,1.0,4.0,0.0,0.0,0.0,0.0,1,0,0,1.0,0,0.0,0.0,0,3,0,0.417,0.0,0.25,1.0,0.0,0.0,0.0,0.0,2.0,1.0,0.0,0.0,0.0,0.5,1.0,1.0,1.0,0.0,1.0,1.0,1.0,0.0,0.0,3.0,0.0,0.0,0.0,0.368,G-F,0.603,173.0,-0.001,287.0,0.604,,1.0,1.0,0.0,0.0,,1.0,2.0,0.0,0.0,1.0,0.0,3.0,0.0,0.0,0.0,0.0,0.333,0.0,0.0,,,0.0,0.0,,,0.0,ATL,1,0.25,4.0,1.0,4,0.375,2021,20210512,False,22001042,Kevin Huerter,1610612737.0,ATL,G-F,22.0,1.0,1.0,1.0,3.0,8.0,0.375,0.415,-0.04,Kevin Huerter,1610612737.0,ATL,G-F,22.0,1.0,1.0,0.625,2.0,5.0,0.4,0.365,0.035,Kevin Huerter,1610612737.0,ATL,G-F,22.0,1.0,1.0,0.375,1.0,3.0,0.333,0.467,-0.134,Kevin Huerter,1610612737.0,ATL,G-F,22.0,1.0,1.0,0.25,1.0,2.0,0.5,0.56,-0.06,Kevin Huerter,1610612737.0,ATL,G-F,22.0,1.0,1.0,0.375,1.0,3.0,0.333,0.523,-0.19,Kevin Huerter,1610612737.0,ATL,G-F,22.0,1.0,1.0,0.625,2.0,5.0,0.4,0.371,0.029,Kevin Huerter,1610612737.0,ATL,22.0,1.0,21.1,5.0,1.0,4.0,0.0,0.0,1.0,2.0,0.0,0.0,0.0,0.0,0.0,0.0,0.0,0.0,0.0,0.0,0.0,0.0,0.0,0.0,Kevin Huerter,1610612737,ATL,1,1,0,21.1,28.0,0.0,0.0,0.0,0.0,0.0,0.0,0.0,0.0,0.0,0.0,0.0,0.0,0.0,0.0,0.0,0.0,0.0,Kevin Huerter,1610612737,ATL,1,1,0,21.12,21.12,8214.0,1.56,0.8,0.75,4.36,4.69,4.07,2020_21
101150,Lou Williams,Lou,1610612737,ATL,34.0,1,1,0,1.0,13.05,1,5,0.2,0,0,0.0,2,2,1.0,0,2,2,5,1,0,0,0,2,1,4,2,12.9,0,0,11.0,1,1,1,1,101,97,81,107,65,95,65,33,43,1,67,67,81,16,34,54,35,1,56,54,94,51,88,14,1,91,,86,114.3,114.3,0.2,107.1,81,28,0.226,5,43,49,5,1.0,7.1,8.3,0.232,49,50,65,43,107.1,5.0,5.0,0.455,0.2,5,0.0,91,115.6,102.99,0.154,98.57,7.1,49,89,60,43,85.82,95,0.34,60,67,102.99,44,50,66,103,115.8,97,0.07,8.4,48,41.7,109,81,0.077,2.0,8,1,8,0.263,0.421,15,21,19,0,7,1,0.5,0.0,0.182,11,0,0,0.091,0.636,2,2,0.0,0.0,0,1,27,0.0,0,0.0,0,11,6.25,0.148,5.41,0.0,4,2.8,0,1.0,0.0,0.0,2.0,1.0,0.0,11.2,0.0,0.0,0.0,0.0,0.0,0.0,2.0,0.0,1.0,1.0,11.2,2.0,0.0,0.0,0.0,2.0,0.0,,,,,,,,,,,,,,,,,0.5,0.4,2.0,1.0,0.0,1.0,2.0,0.0,0.4,,0.0,0.5,0.5,0.0,3.0,0.0,0.0,0.0,0.0,3.0,0.6,0.0,,0.0,0.0,0.6,,,,,,,,,,,,,,0.25,,0.25,,4,1,2,,0,0.0,0.0,0,0,0,0.2,0.0,0.0,0.0,0.0,3.0,1.0,0.0,0.0,0.0,0.0,0.0,0.0,0.0,2.0,0.0,0.0,0.0,0.0,0.0,0.0,0.0,0.333,0.0,0.0,0.0,0.0,0.341,G,0.631,77.0,0.025,122.0,0.606,,0.0,0.0,0.0,0.0,,0.0,0.0,0.0,0.0,1.0,2.0,0.0,0.0,1.0,0.0,0.0,0.0,0.5,0.0,,,2.0,0.0,,,0.0,ATL,0,,,,0,,2021,20210512,False,22001042,Lou Williams,1610612737.0,ATL,G,34.0,1.0,1.0,1.0,1.0,2.0,0.5,0.416,0.084,,,,,,,,,,,,,,Lou Williams,1610612737.0,ATL,G,34.0,1.0,1.0,1.0,1.0,2.0,0.5,0.426,0.074,Lou Williams,1610612737.0,ATL,G,34.0,1.0,1.0,1.0,1.0,2.0,0.5,0.464,0.037,Lou Williams,1610612737.0,ATL,G,34.0,1.0,1.0,1.0,1.0,2.0,0.5,0.485,0.015,,,,,,,,,,,,,,,,,,,,,,,,,,,,,,,,,,,,,,,,,Lou Williams,1610612737,ATL,1,1,0,13.1,27.0,0.0,0.0,0.0,0.0,0.0,0.0,0.0,0.0,0.0,0.0,0.0,0.0,0.0,0.0,0.0,0.0,0.0,Lou Williams,1610612737,ATL,1,1,0,13.05,13.05,4927.0,0.93,0.54,0.39,3.9,4.24,3.54,2020_21
1630168,Onyeka Okongwu,Onyeka,1610612737,ATL,20.0,1,1,0,1.0,10.7,5,7,0.714,0,0,0.0,1,2,0.5,3,1,4,0,0,0,0,0,0,1,11,1,15.8,0,0,15.0,1,1,1,1,105,35,66,14,65,95,65,55,43,56,7,94,51,89,65,54,35,1,1,54,53,55,77,14,1,78,,41,108.7,108.7,16.3,100.0,8,23,0.286,89,41,27,55,5.0,8.7,0.0,0.304,27,70,16,41,100.0,0.0,7.0,0.0,0.714,89,0.231,1,103.4,105.42,0.083,98.87,8.7,84,1,34,15,87.85,93,0.698,34,2,105.42,14,70,27,29,119.7,35,0.208,0.0,40,0.0,24,66,0.16,0.0,0,0,0,0.0,0.0,0,6,3,0,0,0,0.0,0.0,0.0,0,0,0,0.0,0.0,0,0,0.0,0.0,0,0,11,1.125,0,2.0,2,9,1.4,1.0,0.64,0.0,11,0.3,8,0.4,0.0,7.0,1.0,0.333,0.429,5.7,0.0,2.0,0.0,3.6,0.667,0.5,3.0,0.0,0.4,0.333,4.2,2.0,1.0,0.429,0.0,10.0,2.0,0.0,ATL,0.286,0.0,0.0,1610612737.0,2.0,0.0,1.0,0.0,0.0,,2.0,0.286,0.0,0.0,1.0,0.429,3.0,3.0,0.0,3.0,3.0,0.0,0.429,,0.0,1.0,1.0,1.0,1.0,0.0,1.0,1.0,0.0,1.0,0.143,0.0,,1.0,1.0,0.143,0.143,1.0,0.0,1.0,1.0,,1.0,1.0,0.0,0.0,0.143,1.0,1.0,1.0,,1.0,,2,2,4,,0,0.667,1.0,4,0,9,0.714,0.0,0.0,0.0,0.0,2.0,2.0,0.0,0.0,0.0,0.0,0.0,0.0,0.0,0.0,0.0,0.0,3.0,0.0,0.0,0.0,5.0,1.0,0.0,0.0,0.6,0.0,0.421,F-C,0.636,75.0,0.008,118.0,0.628,,0.0,0.0,5.0,0.0,,0.0,0.0,0.6,0.0,0.0,0.0,0.0,0.0,2.0,0.0,0.0,0.0,1.0,3.0,,,2.0,0.0,,,0.0,ATL,0,,,,0,,2021,20210512,False,22001042,Onyeka Okongwu,1610612737.0,ATL,F-C,20.0,1.0,1.0,1.0,4.0,7.0,0.571,0.605,-0.033,Onyeka Okongwu,1610612737.0,ATL,F-C,20.0,1.0,1.0,0.143,0.0,1.0,0.0,0.386,-0.386,Onyeka Okongwu,1610612737.0,ATL,F-C,20.0,1.0,1.0,0.857,4.0,6.0,0.667,0.646,0.021,Onyeka Okongwu,1610612737.0,ATL,F-C,20.0,1.0,1.0,0.143,1.0,1.0,1.0,0.734,0.266,Onyeka Okongwu,1610612737.0,ATL,F-C,20.0,1.0,1.0,0.714,3.0,5.0,0.6,0.691,-0.091,Onyeka Okongwu,1610612737.0,ATL,F-C,20.0,1.0,1.0,0.143,0.0,1.0,0.0,0.382,-0.382,Onyeka Okongwu,1610612737.0,ATL,20.0,1.0,10.7,7.0,6.0,1.0,0.0,0.0,2.0,5.0,1.0,0.0,1.0,1.0,0.0,0.0,3.0,3.0,3.0,1.0,0.0,1.0,1.0,0.333,Onyeka Okongwu,1610612737,ATL,1,1,0,10.7,11.0,0.0,0.0,0.0,0.0,0.0,0.0,0.0,0.0,0.0,0.0,0.0,0.0,0.0,0.0,0.0,0.0,0.0,Onyeka Okongwu,1610612737,ATL,1,1,0,10.7,10.7,4230.0,0.8,0.39,0.41,4.23,4.45,4.05,2020_21
203526,Raul Neto,Raul,1610612764,WAS,29.0,1,0,1,0.0,28.83333333333333,5,10,0.5,0,2,0.0,4,4,1.0,1,2,3,2,0,0,0,1,5,5,14,-3,20.6,0,0,19.0,1,67,67,67,42,35,40,41,65,65,65,14,25,1,26,67,69,40,65,54,35,92,129,9,39,84,63,14,1,62,,67,107.7,107.7,-3.3,112.3,86,65,0.169,66,81,73,55,5.0,-4.6,0.0,0.17,73,73,84,81,112.3,0.0,10.0,0.087,0.5,57,0.029,1,110.5,108.21,0.08,109.31,-4.6,86,1,15,71,90.17,9,0.595,15,54,108.21,75,73,75,49,107.2,35,0.066,0.0,76,14.3,55,40,0.051,0.0,2,0,3,0.143,0.143,5,16,14,2,1,0,0.25,0.167,0.667,6,2,1,0.0,0.167,4,4,0.167,1.0,1,1,27,2.0,1,0.0,0,21,2.05,0.519,1.48,2.0,14,0.9,1,0.5,1.0,2.0,2.0,0.5,1.0,7.5,1.0,0.0,0.0,9.3,0.0,0.0,4.0,0.0,0.6,0.5,8.1,3.0,1.0,0.5,0.0,6.0,0.0,,,,,,,,,,,,,,,,,0.6,0.5,5.0,3.0,0.0,3.0,5.0,0.0,0.5,,0.0,0.6,0.6,1.0,3.0,2.0,1.0,0.333,0.0,1.0,0.3,0.2,0.0,0.333,1.0,0.1,0.2,0.5,0.0,2.0,1.0,,0.5,0.5,0.0,0.0,0.2,1.0,2.0,0.333,0.0,0.333,0.0,3,1,2,1.0,2,1.0,0.0,0,2,2,0.5,1.0,0.5,0.0,0.0,3.0,2.0,0.0,0.0,0.0,0.0,0.0,0.0,0.0,1.0,0.0,1.0,2.0,0.0,1.0,0.0,4.0,0.667,2.0,0.0,0.5,0.0,0.354,G,0.59,118.0,-0.015,200.0,0.605,0.0,0.0,2.0,4.0,0.0,,1.0,1.0,0.5,0.0,2.0,0.0,1.0,0.0,1.0,0.0,0.0,0.0,0.5,2.0,0.0,0.0,2.0,0.0,,,0.0,WAS,1,0.0,1.0,0.0,2,0.5,2021,20210512,False,22001042,Raul Neto,1610612764.0,WAS,G,29.0,1.0,1.0,1.0,12.0,21.0,0.571,0.464,0.108,Raul Neto,1610612764.0,WAS,G,29.0,1.0,1.0,0.333,1.0,7.0,0.143,0.379,-0.236,Raul Neto,1610612764.0,WAS,G,29.0,1.0,1.0,0.667,11.0,14.0,0.786,0.522,0.264,Raul Neto,1610612764.0,WAS,G,29.0,1.0,1.0,0.333,5.0,7.0,0.714,0.59,0.124,Raul Neto,1610612764.0,WAS,G,29.0,1.0,1.0,0.524,8.0,11.0,0.727,0.556,0.172,Raul Neto,1610612764.0,WAS,G,29.0,1.0,1.0,0.333,1.0,7.0,0.143,0.392,-0.249,Raul Neto,1610612764.0,WAS,29.0,1.0,28.8,3.0,0.0,3.0,1.0,0.0,0.0,0.0,0.0,0.0,0.0,0.0,0.0,0.0,0.0,0.0,0.0,0.0,0.0,0.0,0.0,0.0,Raul Neto,1610612764,WAS,1,0,1,28.8,27.0,1.0,1.0,1.0,1.0,0.0,0.0,0.0,2.0,2.0,0.0,0.0,0.0,0.0,0.0,0.0,0.0,0.0,Raul Neto,1610612764,WAS,1,0,1,28.83,28.83,11869.0,2.25,1.13,1.12,4.36,4.38,4.33,2020_21
201577,Robin Lopez,Robin,1610612764,WAS,33.0,1,0,1,0.0,7.283333333333333,2,5,0.4,0,0,0.0,0,0,0.0,0,0,0,0,1,0,0,0,0,0,4,-1,3.0,0,0,4.0,1,67,67,67,116,76,81,72,65,95,65,73,74,73,67,113,117,89,34,54,35,1,1,92,94,68,117,14,1,111,,62,88.9,88.9,-15.7,100.0,110,18,0.316,89,95,27,55,2.0,-11.1,16.7,0.33,27,114,117,95,100.0,0.0,5.0,0.0,0.4,89,0.0,118,108.7,115.33,0.0,108.21,-11.1,113,118,3,10,96.11,16,0.4,3,67,115.33,10,114,103,90,93.0,76,0.0,16.7,110,0.0,81,81,0.0,0.0,0,0,0,0.0,0.0,0,9,3,0,0,0,0.0,0.0,0.0,0,0,0,0.0,0.0,0,0,0.0,0.0,0,0,9,0.8,3,1.0,2,9,1.91,0.444,1.0,0.667,4,0.3,5,,,,,,,,,,,,,,,,,,,,,,,,,1.0,WAS,0.2,1.0,1.0,1610612764.0,1.0,0.0,1.0,1.0,0.0,,1.0,0.2,1.0,0.0,0.333,0.6,3.0,1.0,0.0,1.0,3.0,0.0,0.6,,0.0,0.333,0.333,,,,,,,,,,,,,,0.2,0.0,0.0,1.0,0.0,,0.0,0.0,0.0,0.0,0.2,0.0,1.0,,,,,0,0,0,,2,0.5,0.5,2,0,4,0.4,1.0,0.0,0.0,0.0,4.0,2.0,0.0,0.0,0.0,0.0,0.0,0.0,0.0,1.0,0.0,0.0,0.0,0.0,0.0,0.0,0.0,0.5,0.0,0.0,0.0,0.0,0.392,C,0.529,175.0,-0.097,331.0,0.625,,0.0,1.0,1.0,0.0,,0.333,0.0,1.0,0.0,3.0,0.0,0.0,0.0,0.0,0.0,0.0,0.0,0.0,1.0,,,1.0,0.0,,,0.0,WAS,0,,,,1,0.0,2021,20210512,False,22001042,Robin Lopez,1610612764.0,WAS,C,33.0,1.0,1.0,1.0,2.0,4.0,0.5,0.504,-0.004,Robin Lopez,1610612764.0,WAS,C,33.0,1.0,1.0,0.75,1.0,3.0,0.333,0.408,-0.075,Robin Lopez,1610612764.0,WAS,C,33.0,1.0,1.0,0.25,1.0,1.0,1.0,0.642,0.358,,,,,,,,,,,,,,,,,,,,,,,,,,,Robin Lopez,1610612764.0,WAS,C,33.0,1.0,1.0,0.75,1.0,3.0,0.333,0.402,-0.068,Robin Lopez,1610612764.0,WAS,33.0,1.0,7.3,3.0,1.0,2.0,0.0,0.0,0.0,0.0,0.0,0.0,0.0,0.0,0.0,0.0,1.0,1.0,1.0,0.0,0.0,1.0,1.0,0.0,Robin Lopez,1610612764,WAS,1,0,1,7.3,9.0,3.0,1.0,1.0,1.0,0.0,0.0,0.0,2.0,0.667,1.0,0.333,0.0,0.0,1.0,0.333,0.0,0.0,Robin Lopez,1610612764,WAS,1,0,1,7.28,7.28,2939.0,0.56,0.3,0.26,4.69,4.56,4.82,2020_21
1629060,Rui Hachimura,Rui,1610612764,WAS,23.0,1,0,1,0.0,30.383333333333333,5,11,0.455,1,2,0.5,0,0,0.0,2,4,6,3,0,0,0,2,2,2,11,-2,22.7,0,0,21.0,1,67,67,67,34,35,33,59,32,65,13,73,74,73,14,37,27,27,65,54,35,124,56,37,53,81,51,14,1,49,,82,110.4,110.4,-1.9,111.8,75,67,0.147,49,68,69,55,5.0,-1.3,0.0,0.152,69,65,55,68,111.8,0.0,11.0,0.12,0.5,40,0.057,1,114.9,106.64,0.148,104.01,-1.3,51,1,25,82,88.86,51,0.5,25,33,106.64,80,65,72,67,112.9,35,0.076,0.0,58,21.4,55,33,0.097,0.0,3,0,2,0.13,0.13,7,18,23,0,0,0,1.0,0.0,2.0,2,0,0,0.0,0.0,4,2,0.0,0.0,0,2,37,0.0,0,0.667,3,19,1.61,0.297,0.76,0.0,11,1.0,2,0.545,2.0,4.0,2.0,0.571,0.5,3.3,0.0,1.0,1.0,6.8,0.0,0.167,7.0,2.0,0.667,0.8,4.7,4.0,2.0,0.5,0.25,11.0,0.0,1.0,WAS,0.091,1.0,1.0,1610612764.0,1.0,0.0,1.0,1.0,0.0,,1.0,0.091,1.0,0.0,0.2,0.455,5.0,1.0,0.0,1.0,5.0,0.0,0.455,,0.0,0.2,0.2,0.5,2.0,0.0,1.0,0.5,0.0,2.0,0.182,0.0,,0.5,1.0,0.182,0.273,0.833,0.182,1.0,1.0,0.5,0.667,1.0,1.0,2.0,0.091,2.0,3.0,0.0,,0.0,0.0,2,0,0,0.0,0,0.0,0.333,2,5,0,0.5,0.0,0.5,0.0,1.0,1.0,0.0,0.0,0.0,0.0,0.0,0.0,0.0,0.0,3.0,0.0,1.0,3.0,0.0,0.333,0.0,5.0,0.0,2.0,0.5,0.6,0.0,0.344,F,0.576,133.0,-0.053,231.0,0.628,0.0,0.0,0.0,5.0,0.0,,0.0,2.0,0.6,0.5,0.0,3.0,0.0,0.333,0.0,0.0,0.0,0.0,0.0,3.0,0.0,0.0,1.0,1.0,,,1.0,WAS,2,0.5,2.0,1.0,4,0.625,2021,20210512,False,22001042,Rui Hachimura,1610612764.0,WAS,F,23.0,1.0,1.0,1.0,7.0,13.0,0.538,0.52,0.019,Rui Hachimura,1610612764.0,WAS,F,23.0,1.0,1.0,0.308,3.0,4.0,0.75,0.366,0.384,Rui Hachimura,1610612764.0,WAS,F,23.0,1.0,1.0,0.692,4.0,9.0,0.444,0.581,-0.136,Rui Hachimura,1610612764.0,WAS,F,23.0,1.0,1.0,0.462,3.0,6.0,0.5,0.678,-0.178,Rui Hachimura,1610612764.0,WAS,F,23.0,1.0,1.0,0.462,3.0,6.0,0.5,0.627,-0.127,Rui Hachimura,1610612764.0,WAS,F,23.0,1.0,1.0,0.462,4.0,6.0,0.667,0.387,0.28,Rui Hachimura,1610612764.0,WAS,23.0,1.0,30.4,6.0,3.0,3.0,2.0,0.0,1.0,2.0,0.0,0.0,0.0,0.0,0.0,1.0,0.0,1.0,0.0,0.0,1.0,0.0,0.0,0.0,Rui Hachimura,1610612764,WAS,1,0,1,30.4,37.0,0.0,0.0,0.0,0.0,0.0,0.0,0.0,0.0,0.0,0.0,0.0,0.0,0.0,0.0,0.0,0.0,0.0,Rui Hachimura,1610612764,WAS,1,0,1,30.38,30.38,11498.0,2.18,1.17,1.01,4.12,4.57,3.68,2020_21
201566,Russell Westbrook,Russell,1610612764,WAS,32.0,1,0,1,0.0,39.8,12,28,0.429,4,9,0.444,6,8,0.75,1,4,5,15,4,3,0,1,3,7,34,-4,67.5,1,0,64.0,1,67,67,67,2,1,1,63,4,6,27,6,3,36,26,37,37,1,4,1,35,92,97,4,1,94,1,1,1,1,,77,103.3,103.3,-9.4,107.8,19,90,0.364,1,79,50,10,12.0,-4.4,7.8,0.364,50,86,81,79,107.8,3.75,28.0,0.625,0.5,16,0.02,87,113.2,108.54,0.108,105.7,-4.4,70,88,13,7,90.45,37,0.539,13,66,108.54,7,86,91,64,103.8,1,0.178,7.9,85,29.4,55,1,0.057,1.0,16,0,30,0.231,0.246,36,93,65,8,11,1,0.333,0.154,0.462,26,6,4,0.038,0.423,12,9,0.115,0.75,3,3,106,0.0,1,0.0,0,33,6.31,0.321,5.79,2.0,34,11.1,1,0.625,0.0,2.0,4.0,0.667,0.5,9.8,0.0,1.0,0.0,1.0,1.0,0.2,6.0,0.0,0.625,0.667,8.1,4.0,0.0,0.5,0.0,8.0,1.0,0.0,WAS,0.036,0.0,0.0,1610612764.0,1.0,0.0,1.0,0.0,0.0,,1.0,0.036,0.0,0.0,0.364,0.357,10.0,4.0,0.0,4.0,11.0,0.036,0.393,0.0,1.0,0.4,0.364,0.5,12.0,4.0,4.0,0.583,2.0,8.0,0.429,0.143,0.5,0.5,6.0,0.286,0.143,0.75,0.143,0.0,0.0,0.5,0.5,,2.0,4.0,0.0,2.0,4.0,0.464,0.5,0.357,3.0,14,5,13,6.0,2,0.0,0.0,0,3,0,0.5,1.0,0.333,0.0,4.0,4.0,1.0,0.0,1.0,0.0,0.0,0.0,0.0,0.0,6.0,1.0,2.0,5.0,0.0,0.333,0.0,9.0,0.25,8.0,0.5,0.556,0.0,0.374,G,0.571,148.0,-0.04,259.0,0.611,0.0,0.0,1.0,9.0,0.0,,0.5,6.0,0.556,0.667,2.0,5.0,3.0,0.4,0.0,0.0,0.0,0.0,0.0,5.0,0.0,0.0,3.0,4.0,,,2.0,WAS,1,0.5,2.0,1.0,2,0.75,2021,20210512,False,22001042,Russell Westbrook,1610612764.0,WAS,G,32.0,1.0,1.0,1.0,7.0,11.0,0.636,0.461,0.175,Russell Westbrook,1610612764.0,WAS,G,32.0,1.0,1.0,0.455,2.0,5.0,0.4,0.391,0.009,Russell Westbrook,1610612764.0,WAS,G,32.0,1.0,1.0,0.545,5.0,6.0,0.833,0.53,0.303,Russell Westbrook,1610612764.0,WAS,G,32.0,1.0,1.0,0.182,1.0,2.0,0.5,0.588,-0.088,Russell Westbrook,1610612764.0,WAS,G,32.0,1.0,1.0,0.273,2.0,3.0,0.667,0.58,0.086,Russell Westbrook,1610612764.0,WAS,G,32.0,1.0,1.0,0.455,2.0,5.0,0.4,0.405,-0.005,Russell Westbrook,1610612764.0,WAS,32.0,1.0,39.8,2.0,0.0,2.0,6.0,0.0,0.0,0.0,0.0,0.0,0.0,0.0,0.0,0.0,0.0,0.0,0.0,0.0,0.0,0.0,0.0,0.0,Russell Westbrook,1610612764,WAS,1,0,1,39.8,106.0,1.0,1.0,1.0,1.0,0.0,0.0,0.0,2.0,2.0,0.0,0.0,0.0,0.0,0.0,0.0,0.0,0.0,Russell Westbrook,1610612764,WAS,1,0,1,39.8,39.8,15440.0,2.92,1.63,1.29,4.15,4.52,3.76,2020_21
203524,Solomon Hill,Solomon,1610612737,ATL,30.0,1,1,0,1.0,9.473333333333333,0,2,0.0,0,2,0.0,2,2,1.0,0,2,2,0,0,0,0,0,1,1,2,0,4.4,0,0,4.0,1,1,1,1,107,116,111,116,65,65,65,33,43,1,67,67,81,89,65,54,35,1,29,54,108,58,111,14,1,111,,8,82.6,82.6,5.5,76.0,103,23,0.125,89,45,6,55,0.0,6.6,0.0,0.127,6,118,70,45,76.0,0.0,2.0,0.0,0.0,89,0.0,1,82.3,121.6,0.133,113.29,6.6,58,1,2,94,101.34,3,0.347,2,67,121.6,95,118,49,102,87.8,116,0.03,0.0,117,0.0,116,111,0.074,0.0,0,0,1,0.0,0.0,0,5,6,0,0,0,0.0,0.0,0.0,0,0,0,0.0,0.0,0,0,0.0,0.0,0,0,9,0.0,0,0.0,0,5,1.45,0.222,0.33,0.0,2,0.2,0,0.5,1.0,0.0,1.0,0.5,0.0,4.0,0.0,1.0,1.0,0.0,0.0,0.5,4.0,1.0,0.667,0.667,4.0,1.0,0.0,0.0,0.5,4.0,0.0,,,,,,,,,,,,,,,,,,,,,,,,,,,,,,,1.0,1.0,0.0,0.0,0.0,0.0,0.5,0.5,0.0,0.0,0.0,0.0,0.5,0.0,0.5,0.0,0.0,0.0,0.0,,0.0,1.0,0.0,0.0,1.0,0.0,0.0,0.0,0.0,1,0,0,1.0,0,0.0,0.0,0,0,0,0.0,0.0,0.0,0.0,0.0,0.0,0.0,0.0,0.0,0.0,0.0,0.0,0.0,0.0,0.0,0.0,0.0,0.0,0.0,0.0,0.0,0.0,0.0,2.0,0.0,0.0,0.0,0.414,F,0.62,147.0,0.0,237.0,0.62,,0.0,0.0,0.0,0.0,,0.0,0.0,0.0,0.0,0.0,0.0,2.0,0.0,0.0,0.0,0.0,0.0,0.0,0.0,,,0.0,0.0,,,0.0,ATL,0,0.0,1.0,0.0,1,0.0,2021,20210512,False,22001042,Solomon Hill,1610612737.0,ATL,F,30.0,1.0,1.0,1.0,1.0,2.0,0.5,0.414,0.087,,,,,,,,,,,,,,Solomon Hill,1610612737.0,ATL,F,30.0,1.0,1.0,1.0,1.0,2.0,0.5,0.435,0.066,Solomon Hill,1610612737.0,ATL,F,30.0,1.0,1.0,1.0,1.0,2.0,0.5,0.482,0.018,Solomon Hill,1610612737.0,ATL,F,30.0,1.0,1.0,1.0,1.0,2.0,0.5,0.482,0.019,,,,,,,,,,,,,,Solomon Hill,1610612737.0,ATL,30.0,1.0,9.5,2.0,2.0,0.0,1.0,0.0,1.0,2.0,0.0,0.0,0.0,0.0,0.0,0.0,0.0,0.0,0.0,0.0,0.0,0.0,0.0,0.0,Solomon Hill,1610612737,ATL,1,1,0,9.5,9.0,0.0,0.0,0.0,0.0,0.0,0.0,0.0,0.0,0.0,0.0,0.0,0.0,0.0,0.0,0.0,0.0,0.0,Solomon Hill,1610612737,ATL,1,1,0,9.47,9.47,3781.0,0.72,0.37,0.35,4.18,4.89,4.68,2020_21
203503,Tony Snell,Tony,1610612737,ATL,29.0,1,1,0,1.0,23.48333333333333,2,2,1.0,1,1,1.0,0,0,0.0,2,3,5,0,0,0,0,0,1,0,5,-13,11.0,0,0,11.0,1,1,1,1,64,76,111,1,32,83,1,73,74,73,14,47,37,89,65,54,35,1,29,92,83,122,96,14,1,91,,112,105.6,105.6,-20.9,127.3,87,54,0.034,89,108,109,55,2.0,-21.7,0.0,0.035,109,81,49,108,127.3,0.0,2.0,0.0,1.25,89,0.087,1,130.2,111.4,0.13,108.25,-21.7,61,1,6,124,92.83,15,1.25,6,24,111.4,124,81,106,1,109.3,76,0.06,0.0,68,0.0,1,111,0.109,0.0,0,0,1,0.0,0.0,0,8,14,0,0,0,1.0,0.0,2.0,1,0,0,0.0,0.0,2,1,0.0,0.0,0,1,17,0.0,0,0.0,1,11,1.78,0.294,0.94,0.0,5,0.5,1,0.714,0.0,2.0,3.0,0.6,1.0,10.0,0.0,0.0,0.0,18.6,0.0,0.0,5.0,0.0,0.714,0.6,13.5,5.0,2.0,1.0,0.0,7.0,0.0,,,,,,,,,,,,,,,,,1.0,0.5,1.0,1.0,0.0,1.0,1.0,0.0,0.5,,0.0,1.0,1.0,,,,,,,,,,,,,,0.5,1.5,0.5,0.0,0.0,1.0,1.0,,1.0,1.0,0.0,1.0,1.0,,,,0.0,0,0,0,0.0,0,0.0,0.0,0,3,0,1.25,0.0,1.0,1.0,0.0,0.0,0.0,0.0,1.0,0.0,0.0,0.0,0.0,1.0,0.0,1.0,0.0,1.0,1.0,0.0,1.0,1.0,0.0,0.0,0.0,1.0,0.0,0.349,G,0.63,80.0,0.015,127.0,0.615,0.0,1.0,0.0,1.0,0.0,,0.0,0.0,1.0,0.0,0.0,0.0,1.0,0.0,0.0,0.0,0.0,1.0,0.0,1.0,0.0,0.0,0.0,0.0,,,0.0,ATL,1,1.0,1.0,1.0,1,1.5,2021,20210512,False,22001042,Tony Snell,1610612737.0,ATL,G,29.0,1.0,1.0,1.0,12.0,18.0,0.667,0.459,0.208,Tony Snell,1610612737.0,ATL,G,29.0,1.0,1.0,0.333,5.0,6.0,0.833,0.332,0.501,Tony Snell,1610612737.0,ATL,G,29.0,1.0,1.0,0.667,7.0,12.0,0.583,0.507,0.077,Tony Snell,1610612737.0,ATL,G,29.0,1.0,1.0,0.389,6.0,7.0,0.857,0.612,0.245,Tony Snell,1610612737.0,ATL,G,29.0,1.0,1.0,0.389,6.0,7.0,0.857,0.58,0.278,Tony Snell,1610612737.0,ATL,G,29.0,1.0,1.0,0.556,6.0,10.0,0.6,0.366,0.234,Tony Snell,1610612737.0,ATL,29.0,1.0,23.5,10.0,6.0,4.0,1.0,0.0,0.0,0.0,1.0,0.0,1.0,1.0,0.0,0.0,0.0,0.0,0.0,0.0,0.0,0.0,0.0,0.0,Tony Snell,1610612737,ATL,1,1,0,23.5,17.0,0.0,0.0,0.0,0.0,0.0,0.0,0.0,0.0,0.0,0.0,0.0,0.0,0.0,0.0,0.0,0.0,0.0,Tony Snell,1610612737,ATL,1,1,0,23.48,23.48,8935.0,1.69,0.92,0.77,4.11,4.18,4.03,2020_21
1629027,Trae Young,Trae,1610612737,ATL,22.0,1,1,0,1.0,36.74333333333333,12,25,0.48,2,8,0.25,7,7,1.0,0,8,8,9,5,0,0,1,2,5,33,2,51.1,0,0,52.0,1,1,1,1,9,1,3,57,22,12,53,3,11,1,67,10,16,5,1,54,35,92,56,9,2,51,4,14,1,4,,68,113.4,113.4,2.9,109.6,20,82,0.375,7,56,58,27,12.0,3.8,11.9,0.381,58,56,51,56,109.6,1.8,25.0,0.391,0.52,40,0.0,99,110.6,107.77,0.19,107.25,3.8,36,99,18,5,89.81,21,0.588,18,67,107.77,6,56,56,53,113.5,1,0.174,11.9,55,21.4,54,3,0.105,2.0,11,0,19,0.173,0.212,24,73,52,0,10,2,0.6,0.0,0.704,27,0,0,0.074,0.37,19,15,0.185,0.0,5,9,88,0.0,0,0.0,0,22,6.01,0.375,5.43,0.0,33,8.8,2,0.8,0.0,1.0,8.0,0.889,0.0,9.5,0.0,0.0,0.0,0.0,0.0,0.0,9.0,0.0,0.8,0.889,9.5,8.0,0.0,0.0,0.0,10.0,0.0,,,,,,,,,,,,,,,,,0.583,0.48,12.0,7.0,0.0,7.0,12.0,0.0,0.48,,0.0,0.583,0.583,0.333,6.0,3.0,1.0,0.167,0.0,3.0,0.24,0.12,0.0,0.167,1.0,0.12,0.28,0.714,0.2,2.0,2.0,0.4,0.571,1.0,2.0,5.0,0.08,4.0,7.0,0.538,0.25,0.462,2.0,13,6,14,8.0,0,0.0,0.0,0,0,0,0.52,0.0,0.0,0.0,2.0,13.0,8.0,0.0,0.0,0.0,0.0,0.0,0.0,0.0,1.0,0.0,1.0,1.0,0.0,1.0,0.0,3.0,0.615,8.0,0.25,0.333,0.0,0.384,G,0.65,165.0,0.057,254.0,0.593,0.0,1.0,2.0,3.0,0.0,,0.5,5.0,0.333,0.2,4.0,1.0,2.0,1.0,6.0,0.0,0.0,0.5,0.667,1.0,1.0,0.0,9.0,1.0,,,1.0,ATL,0,,0.0,0.0,0,,2021,20210512,False,22001042,Trae Young,1610612737.0,ATL,G,22.0,1.0,1.0,1.0,7.0,13.0,0.538,0.478,0.06,Trae Young,1610612737.0,ATL,G,22.0,1.0,1.0,0.231,0.0,3.0,0.0,0.378,-0.378,Trae Young,1610612737.0,ATL,G,22.0,1.0,1.0,0.769,7.0,10.0,0.7,0.525,0.175,Trae Young,1610612737.0,ATL,G,22.0,1.0,1.0,0.385,4.0,5.0,0.8,0.593,0.207,Trae Young,1610612737.0,ATL,G,22.0,1.0,1.0,0.615,5.0,8.0,0.625,0.573,0.052,Trae Young,1610612737.0,ATL,G,22.0,1.0,1.0,0.308,1.0,4.0,0.25,0.381,-0.131,Trae Young,1610612737.0,ATL,22.0,1.0,36.8,2.0,2.0,0.0,0.0,0.0,0.0,0.0,1.0,0.0,1.0,1.0,0.0,0.0,0.0,0.0,0.0,0.0,0.0,0.0,0.0,0.0,Trae Young,1610612737,ATL,1,1,0,36.8,88.0,0.0,0.0,0.0,0.0,0.0,0.0,0.0,0.0,0.0,0.0,0.0,0.0,0.0,0.0,0.0,0.0,0.0,Trae Young,1610612737,ATL,1,1,0,36.75,36.75,14374.0,2.72,1.47,1.25,4.18,4.73,3.64,2020_21
