EntityId,TeamId,Name,ShortName,RowId,TeamAbbreviation,SecondsPlayed,GamesPlayed,Minutes,PlusMinus,OffPoss,TotalPoss,AtRimFGM,AtRimFGA,FG2M,FG2A,Points,PtsUnassisted2s,Blocked2s,BlockedShortMidRange,Blocks,FirstChancePoints,Fg2Pct,EfgPct,TsPct,Pace,SecondsPerPossOff,SecondsExcludingORebsPerPossOff,AtRimFrequency,AtRimAccuracy,UnblockedAtRimAccuracy,AtRimFG3AFrequency,ShotQualityAvg,Avg2ptShotDistance,DefPoss,SecondChanceOffPoss,SecondChanceAtRimFGA,ShortMidRangeFGM,ShortMidRangeFGA,LongMidRangeFGA,FtPoints,SecondChanceFG2M,SecondChanceFG2A,SecondChancePoints,Fg2aBlocked,OffTwoPtRebounds,DefTwoPtRebounds,DefRebounds,OffRebounds,Rebounds,FoulsDrawn,FTA,TwoPtShootingFoulsDrawn,BlockedAtRim,RecoveredBlocks,SecondChanceFg2Pct,SecondChanceEfgPct,SecondChanceTsPct,FG2APctBlocked,AtRimPctBlocked,DefTwoPtReboundPct,OffTwoPtReboundPct,DefFGReboundPct,OffFGReboundPct,OffAtRimReboundPct,OffShortMidRangeReboundPct,DefAtRimReboundPct,DefShortMidRangeReboundPct,BlocksRecoveredPct,SecondsPerPossDef,SecondsExcludingORebsPerPossDef,ShortMidRangeFrequency,ShortMidRangeAccuracy,UnblockedShortMidRangeAccuracy,LongMidRangeFrequency,SecondChanceAtRimFrequency,SecondChanceShotQualityAvg,ShootingFoulsDrawnPct,TwoPtShootingFoulsDrawnPct,SecondChancePointsPct,PenaltyOffPoss,Blocked3s,BlockedArc3,PenaltyOffPossExcludingTakeFouls,PenaltyOffPossPct,DefLongMidRangeReboundPct,LiveBallTurnovers,BadPassOutOfBoundsTurnovers,BadPassTurnovers,DeadBallTurnovers,Turnovers,LiveBallTurnoverPct,PenaltyDefPoss,Arc3FGM,Arc3FGA,PenaltyArc3FGA,FG3M,FG3A,OpponentPoints,SecondChanceFtPoints,PenaltyFG2M,PenaltyFG2A,PenaltyFG3A,PenaltyPoints,PtsUnassisted3s,NonHeaveArc3FGA,NonHeaveArc3FGM,DefThreePtRebounds,ShootingFouls,Fouls,PenaltyPointsExcludingTakeFouls,Fg3Pct,NonHeaveFg3Pct,PenaltyFg2Pct,PenaltyEfgPct,PenaltyTsPct,FG3APct,DefThreePtReboundPct,OffLongMidRangeReboundPct,DefArc3ReboundPct,Arc3Frequency,Arc3Accuracy,UnblockedArc3Accuracy,PenaltyArc3Frequency,NonHeaveArc3Accuracy,PenaltyShotQualityAvg,PenaltyPointsPct,Avg3ptShotDistance,SecondChanceAtRimFGM,PenaltyAtRimFGM,PenaltyAtRimFGA,LongMidRangeFGM,Corner3FGM,Corner3FGA,SecondChanceCorner3FGM,SecondChanceCorner3FGA,SecondChanceArc3FGM,SecondChanceArc3FGA,PenaltyArc3FGM,SecondChanceFG3M,SecondChanceFG3A,PenaltyFG3M,PenaltyFtPoints,PtsAssisted2s,PtsAssisted3s,PtsPutbacks,TwoPtAssists,ThreePtAssists,Assists,Arc3Assists,Corner3Assists,AtRimAssists,ShortMidRangeAssists,AssistPoints,OffThreePtRebounds,FTDefRebounds,SelfOReb,Steals,BadPassSteals,LostBallSteals,LostBallOutOfBoundsTurnovers,LostBallTurnovers,StepOutOfBoundsTurnovers,Travels,SecondChanceTurnovers,PenaltyTurnovers,BlockingFouls,Charge Fouls,Loose Ball Fouls,Charge Fouls Drawn,Loose Ball Fouls Drawn,Offensive Fouls Drawn,2pt And 1 Free Throw Trips,Technical Free Throw Trips,ThreePtShootingFoulsDrawn,NonShootingFoulsDrawn,NonShootingPenaltyNonTakeFouls,NonShootingPenaltyNonTakeFoulsDrawn,Assisted2sPct,NonPutbacksAssisted2sPct,Assisted3sPct,SecondChanceFg3Pct,PenaltyFg3Pct,DefFTReboundPct,OffThreePtReboundPct,OffArc3ReboundPct,OffCorner3ReboundPct,DefCorner3ReboundPct,SelfORebPct,AtRimPctAssisted,ShortMidRangePctAssisted,LongMidRangeAccuracy,UnblockedLongMidRangeAccuracy,Corner3Frequency,Corner3Accuracy,UnblockedCorner3Accuracy,Corner3PctAssisted,Arc3PctAssisted,SecondChanceAtRimAccuracy,SecondChanceAtRimPctAssisted,SecondChanceCorner3Frequency,SecondChanceCorner3Accuracy,SecondChanceCorner3PctAssisted,SecondChanceArc3Frequency,SecondChanceArc3Accuracy,SecondChanceArc3PctAssisted,PenaltyAtRimFrequency,PenaltyAtRimAccuracy,PenaltyArc3Accuracy,ThreePtShootingFoulsDrawnPct,Offensive Fouls,LongMidRangeAssists,LongMidRangePctAssisted,PenaltyCorner3FGA,PenaltyCorner3Frequency,HeaveAttempts,PenaltyCorner3FGM,Fg3aBlocked,BlockingFoulsDrawn,FG3APctBlocked,Arc3PctBlocked,PenaltyCorner3Accuracy,BlockedCorner3,ShortMidRangePctBlocked,LongMidRangePctBlocked,FTOffRebounds,OffFTReboundPct,team_id,year,season,team_vs
1627734-201566-201959-203460-203518,1610612760,"Domantas Sabonis, Russell Westbrook, Taj Gibson, Andre Roberson, Alex Abrines","Sabonis, Westbrook, Gibson, Roberson, Abrines",1627734-201566-201959-203460-203518,OKC,33.0,1,1.0,2.0,1.0,1.0,1.0,1.0,1.0,1.0,2.0,2.0,1.0,1.0,1.0,2.0,1.0,1.0,1.0,43.63636363636363,15.0,15.0,1.0,1.0,1.0,1.0,0.4801,2.4,,,,,,,,,,,,,,,,,,,,,,,,,,,,,,,,,,,,,,,,,,,,,,,,,,,,,,,,,,,,,,,,,,,,,,,,,,,,,,,,,,,,,,,,,,,,,,,,,,,,,,,,,,,,,,,,,,,,,,,,,,,,,,,,,,,,,,,,,,,,,,,,,,,,,,,,,,,,,,,,,,,,,,,,,,,,,,,,,,,,,,,,,,,,,,,,,,1610612760,2017,2016-17,True
1627734-201566-202713-203506-203926,1610612760,"Domantas Sabonis, Russell Westbrook, Kyle Singler, Victor Oladipo, Doug McDermott","Sabonis, Westbrook, Singler, Oladipo, McDermott",1627734-201566-202713-203506-203926,OKC,91.0,1,2.0,3.0,4.0,7.0,,2.0,1.0,5.0,3.0,2.0,2.0,1.0,2.0,1.0,0.2,0.2,0.25,110.76923076923077,12.5,7.0,0.4,,,0.4,0.38374,7.12,3.0,2.0,1.0,1.0,2.0,1.0,1.0,1.0,2.0,2.0,1.0,2.0,3.0,3.0,2.0,5.0,2.0,2.0,1.0,1.0,2.0,0.5,0.5,0.5,0.2,0.5,1.0,0.5,1.0,0.5,0.5,1.0,1.0,1.0,1.0,13.666666666666666,13.666666666666666,0.4,0.5,0.5,0.2,0.5,0.36955,0.16666666666666666,0.16666666666666666,0.6666666666666666,,,,,,,,,,,,,,,,,,,,,,,,,,,,,,,,,,,,,,,,,,,,,,,,,,,,,,,,,,,,,,,,,,,,,,,,,,,,,,,,,,,,,,,,,,,,,,,,,,,,,,,,,,,,,,,,,,,,,,,,,,,,,,,,,,,,,,,,,,,,,,,,,,,,1610612760,2017,2016-17,True
1627734-201566-203460-203506-203924,1610612760,"Domantas Sabonis, Russell Westbrook, Andre Roberson, Victor Oladipo, Jerami Grant","Sabonis, Westbrook, Roberson, Oladipo, Grant",1627734-201566-203460-203506-203924,OKC,1.0,1,,,1.0,1.0,,,,,,,,,1.0,,,,,1440.0,,,,,,,,,,,,,,,,,,,,,,,,,,,,,,,,,,,,,,,,,,,,,,,,,,,,,,,1.0,1.0,1.0,1.0,1.0,,,,,,,,,,,,,,,,,,,,,,,,,,,,,,,,,,,,,,,,,,,,,,,,,,,,,,,,,,,,,,,,,,,,,,,,,,,,,,,,,,,,,,,,,,,,,,,,,,,,,,,,,,,,,,,,,,,,,,,,,,,,,,,,,,,,,,,,,,,,,,,1610612760,2017,2016-17,True
1627734-201566-203460-203518-203924,1610612760,"Domantas Sabonis, Russell Westbrook, Andre Roberson, Alex Abrines, Jerami Grant","Sabonis, Westbrook, Roberson, Abrines, Grant",1627734-201566-203460-203518-203924,OKC,16.0,1,,,,1.0,,,,,,,,,,,,,,90.0,,,,,,,,,1.0,,,,,,,,,,,,1.0,1.0,,1.0,2.0,2.0,1.0,,,,,,,,1.0,,1.0,,,,,,,4.0,,,,,,,,1.0,1.0,,,,,,,1.0,,,,,,,,,,,,,,,,,,,,,,,,,,,,,,,,,,,,,,,,,,,,,,,,,,,,,,,,,,,,,,,,,,,,,,,,,,,,,,,,,,,,,,,,,,,,,,,,,,,,,,,,,,,,,,,,,,,,,,,,,,,,,,,,,,,,,,,,,,,,,,1610612760,2017,2016-17,True
1627734-203506-203518-203902-203924,1610612760,"Domantas Sabonis, Victor Oladipo, Alex Abrines, Semaj Christon, Jerami Grant","Sabonis, Oladipo, Abrines, Christon, Grant",1627734-203506-203518-203902-203924,OKC,42.0,1,1.0,,2.0,3.0,,,,,,,,,,,,,,102.85714285714286,9.5,9.5,,,,,,,1.0,,,,,,,,,,,,1.0,1.0,,1.0,,,,,,,,,,,1.0,,1.0,,,,1.0,,,23.0,23.0,,,,,,,,,,,,,,,,1.0,1.0,1.0,1.0,2.0,0.5,,,,,,,,,,,,,,,,,,,,,,,,,,,,,,,,,,,,,,,,,,,,,,,,,,,,,,,,,,,,,,,,,,,,,,,,,,,,,,,,,,,,,,,,,,,,,,,,,,,,,,,,,,,,,,,,,,,,,,,,,,,,,,,,,,,,,,,,1610612760,2017,2016-17,True
1627734-203518-203902-203924-203926,1610612760,"Domantas Sabonis, Alex Abrines, Semaj Christon, Jerami Grant, Doug McDermott","Sabonis, Abrines, Christon, Grant, McDermott",1627734-203518-203902-203924-203926,OKC,176.0,1,3.0,-1.0,6.0,12.0,,,1.0,2.0,6.0,2.0,,,,5.0,0.5,0.5,0.5,98.18181818181819,16.0,15.333333333333334,,,,0.6,0.43865,16.25,6.0,1.0,,1.0,1.0,1.0,1.0,,,1.0,,1.0,2.0,3.0,1.0,4.0,1.0,2.0,1.0,,,,,0.5,,,1.0,1.0,1.0,0.3333333333333333,,,,,,13.333333333333334,13.333333333333334,0.2,1.0,1.0,0.2,,,0.16666666666666666,0.3333333333333333,0.16666666666666666,3.0,,,3.0,0.5,1.0,,,,,,,4.0,1.0,3.0,1.0,1.0,3.0,7.0,1.0,1.0,1.0,1.0,2.0,3.0,3.0,1.0,1.0,2.0,2.0,2.0,0.3333333333333333,0.3333333333333333,1.0,0.5,0.5,0.6,1.0,1.0,1.0,0.6,0.3333333333333333,0.3333333333333333,0.5,0.3333333333333333,0.39035,0.3333333333333333,25.333333333333332,,,,,,,,,,,,,,,,,,,,,,,,,,,,,,,,,,,,,,,,,,,,,,,,,,,,,,,,,,,,,,,,,,,,,,,,,,,,,,,,,,,,,,,,,,,,,,,,,,,,1610612760,2017,2016-17,True
201566-201959-202683-203460-203506,1610612760,"Russell Westbrook, Taj Gibson, Enes Kanter, Andre Roberson, Victor Oladipo","Westbrook, Gibson, Kanter, Roberson, Oladipo",201566-201959-202683-203460-203506,OKC,61.0,1,1.0,-1.0,1.0,2.0,1.0,1.0,1.0,1.0,2.0,2.0,,,,2.0,1.0,1.0,1.0,47.21311475409836,27.0,27.0,1.0,1.0,1.0,1.0,0.4789,2.1,1.0,,,,,,,,,,,,,,,,,,,,,,,,,,,,,,,,,,,34.0,34.0,,,,,,,,,,,,,,,,,,,,,,,,,,,,3.0,,,,,,,,,,,1.0,,,,,,,,,,,,,,,,,,,,,,,,,,,,,,,,,,,,,,,,,,,,,,,,,,,,,,,,,,,,,,,,,,,,,,,,,,,,,,,,,,,,,,,,,,,,,,,,,,,,,,,,,,,,,,,,,,,,,,1610612760,2017,2016-17,True
201566-201959-202683-203460-203926,1610612760,"Russell Westbrook, Taj Gibson, Enes Kanter, Andre Roberson, Doug McDermott","Westbrook, Gibson, Kanter, Roberson, McDermott",201566-201959-202683-203460-203926,OKC,11.0,1,,-2.0,1.0,2.0,,,,,,,,,,,,,,261.8181818181818,,,,,,,,,1.0,,,,,,,,,,,,,,,,,,,,,,,,,,,,,,,,,,,11.0,11.0,,,,,,,,,,,,,,,,,,,,,,,,,,,,2.0,,,,,,,,,,1.0,1.0,,,,,,,,,,,,,,,,,,,,,,,,,,,,,,,,,,,,,,,,,,,,,,,,,,,,,,,,,,,,,,,,,,,,,,,,,,,,,,,,,,,,,,,,,,,,,,,,,,,,,,,,,,,,,,,,,,,,,,1610612760,2017,2016-17,True
201566-201959-202713-203460-203924,1610612760,"Russell Westbrook, Taj Gibson, Kyle Singler, Andre Roberson, Jerami Grant","Westbrook, Gibson, Singler, Roberson, Grant",201566-201959-202713-203460-203924,OKC,55.0,1,1.0,,1.0,3.0,,,,1.0,,,,,,,,,,78.54545454545455,8.0,8.0,,,,,0.4199,13.3,2.0,,,,1.0,,,,,,,,,1.0,,1.0,,,,,,,,,,,,,0.5,,,,,,,23.5,14.0,1.0,,,,,,,,,1.0,,,1.0,1.0,,,,,,,,2.0,,,,,,,,,1.0,,,,,,1.0,,,,,,,,,,1.0,,1.0,,,,,,0.4199,,,,,,,,,,,,,,,,,,,,,,,,,,,,,,,,,,,,,,,,,,,,,,,,,,,,,,,,,,,,,,,,,,,,,,,,,,,,,,,,,,,,,,,,,,,,,,,,,,,,,,1610612760,2017,2016-17,True
201566-201959-203460-203500-203506,1610612760,"Russell Westbrook, Taj Gibson, Andre Roberson, Steven Adams, Victor Oladipo","Westbrook, Gibson, Roberson, Adams, Oladipo",201566-201959-203460-203500-203506,OKC,4869.0,5,81.0,-32.0,163.0,326.0,34.0,64.0,42.0,85.0,157.0,48.0,6.0,,6.0,124.0,0.49411764705882355,0.39215686274509803,0.4588235294117647,96.41404805914972,16.41717791411043,15.325153374233128,0.41830065359477125,0.53125,0.6938775510204082,0.8627450980392157,0.5555382352941176,4.278823529411764,163.0,26.0,16.0,5.0,11.0,10.0,37.0,8.0,17.0,33.0,15.0,18.0,32.0,50.0,31.0,81.0,36.0,46.0,15.0,6.0,4.0,0.47058823529411764,0.5384615384615384,0.5892857142857143,0.17647058823529413,0.234375,0.7272727272727273,0.42857142857142855,0.734375,0.3163265306122449,0.4482758620689655,0.5,0.75,0.6428571428571429,0.6666666666666666,13.45398773006135,12.865030674846626,0.0718954248366013,0.45454545454545453,0.45454545454545453,0.06535947712418301,0.6153846153846154,0.5472029411764706,0.1242603550295858,0.15789473684210525,0.21019108280254778,25.0,,,25.0,0.15337423312883436,0.8,18.0,2.0,11.0,8.0,26.0,0.6923076923076923,29.0,7.0,52.0,12.0,12.0,68.0,189.0,5.0,11.0,18.0,12.0,34.0,9.0,52.0,7.0,15.0,19.0,35.0,34.0,0.17647058823529413,0.17647058823529413,0.6111111111111112,0.4166666666666667,0.4852941176470588,0.4444444444444444,0.75,0.2857142857142857,0.8461538461538461,0.33986928104575165,0.1346153846153846,0.1346153846153846,0.4,0.1346153846153846,0.5291066666666667,0.21656050955414013,24.920588235294115,7.0,8.0,14.0,3.0,5.0,16.0,2.0,3.0,2.0,6.0,1.0,4.0,9.0,1.0,9.0,36.0,27.0,10.0,18.0,9.0,27.0,4.0,5.0,15.0,3.0,63.0,13.0,3.0,1.0,17.0,8.0,9.0,1.0,7.0,2.0,1.0,4.0,1.0,3.0,1.0,2.0,1.0,2.0,1.0,5.0,1.0,6.0,1.0,1.0,1.0,0.42857142857142855,0.4864864864864865,0.75,0.4444444444444444,0.08333333333333333,0.6,0.23214285714285715,0.2222222222222222,0.2727272727272727,0.5714285714285714,0.011904761904761904,0.4411764705882353,0.6,0.3,0.3,0.10457516339869281,0.3125,0.3125,1.0,0.5714285714285714,0.4375,0.2857142857142857,0.11538461538461539,0.6666666666666666,1.0,0.23076923076923078,0.3333333333333333,0.5,0.4666666666666667,0.5714285714285714,0.08333333333333333,0.08108108108108109,,,,,,,,,,,,,,,,,,1610612760,2017,2016-17,True
201566-201959-203460-203500-203518,1610612760,"Russell Westbrook, Taj Gibson, Andre Roberson, Steven Adams, Alex Abrines","Westbrook, Gibson, Roberson, Adams, Abrines",201566-201959-203460-203500-203518,OKC,551.0,2,9.0,-4.0,20.0,40.0,6.0,9.0,6.0,10.0,17.0,8.0,,,,17.0,0.6,0.35294117647058826,0.425,104.53720508166968,15.7,15.05,0.5294117647058824,0.6666666666666666,0.75,0.9411764705882353,0.6038205882352942,2.3600000000000003,20.0,2.0,1.0,,,1.0,5.0,,1.0,,1.0,1.0,2.0,8.0,3.0,11.0,4.0,6.0,3.0,,,,,,0.1,0.1111111111111111,1.0,0.25,1.0,0.2727272727272727,0.3333333333333333,,,1.0,,11.85,11.55,,,,0.058823529411764705,0.5,0.48285,0.15,0.23076923076923078,,12.0,,,12.0,0.6,1.0,,1.0,,3.0,3.0,,8.0,,7.0,5.0,,7.0,21.0,,2.0,4.0,5.0,6.0,,7.0,,5.0,2.0,6.0,6.0,,,0.5,0.2222222222222222,0.3,0.4117647058823529,1.0,,1.0,0.4117647058823529,,,0.5555555555555556,,0.5394333333333333,0.35294117647058826,25.142857142857142,,2.0,3.0,,,,,,,1.0,,,1.0,,2.0,4.0,,,2.0,,2.0,,,2.0,,4.0,2.0,1.0,,2.0,2.0,,,,,1.0,1.0,2.0,,,,,,,,,,,,,0.3333333333333333,0.3333333333333333,,,,0.5,0.2857142857142857,0.2857142857142857,,,,0.3333333333333333,,,,,,,,,,,,,,0.5,,,0.3333333333333333,0.6666666666666666,,,1.0,,,,,,,,,,,,,,,,,1610612760,2017,2016-17,True
201566-201959-203460-203506-203924,1610612760,"Russell Westbrook, Taj Gibson, Andre Roberson, Victor Oladipo, Jerami Grant","Westbrook, Gibson, Roberson, Oladipo, Grant",201566-201959-203460-203506-203924,OKC,788.0,3,13.0,-3.0,24.0,47.0,6.0,8.0,6.0,9.0,24.0,8.0,1.0,1.0,1.0,22.0,0.6666666666666666,0.5,0.6,85.88832487309645,17.458333333333332,17.166666666666668,0.4444444444444444,0.75,0.75,0.9444444444444444,0.5485333333333333,2.8444444444444446,23.0,3.0,1.0,,,1.0,6.0,1.0,1.0,2.0,,2.0,4.0,7.0,3.0,10.0,3.0,6.0,2.0,,1.0,1.0,0.5,0.5,,,0.5714285714285714,0.6666666666666666,0.5384615384615384,0.3,0.5,,0.25,1.0,1.0,16.043478260869566,13.608695652173912,,,,0.05555555555555555,0.5,0.35505,0.15,0.2,0.08333333333333333,15.0,,,15.0,0.625,1.0,3.0,2.0,3.0,4.0,7.0,0.42857142857142855,4.0,2.0,9.0,5.0,2.0,9.0,27.0,,3.0,5.0,5.0,15.0,6.0,9.0,2.0,3.0,3.0,7.0,15.0,0.2222222222222222,0.2222222222222222,0.6,0.6,0.6818181818181818,0.5,0.5,1.0,1.0,0.5,0.2222222222222222,0.2222222222222222,0.5,0.2222222222222222,0.521195,0.625,26.033333333333335,1.0,3.0,4.0,,,,,,,1.0,2.0,,1.0,2.0,3.0,4.0,,,2.0,,2.0,,,2.0,,4.0,1.0,,,2.0,1.0,1.0,,,,,1.0,5.0,1.0,,,,,,1.0,,1.0,,,,0.3333333333333333,0.3333333333333333,,,0.4,,0.14285714285714285,0.14285714285714285,,0.25,,0.3333333333333333,,,,,,,,,1.0,1.0,,,,0.5,,,0.4,0.75,0.4,0.1,1.0,,,,,,,,,,,,,,,,,1610612760,2017,2016-17,True
201566-201959-203460-203518-203924,1610612760,"Russell Westbrook, Taj Gibson, Andre Roberson, Alex Abrines, Jerami Grant","Westbrook, Gibson, Roberson, Abrines, Grant",201566-201959-203460-203518-203924,OKC,114.0,1,2.0,5.0,3.0,6.0,2.0,2.0,2.0,2.0,7.0,4.0,,,,7.0,1.0,1.1666666666666667,1.1666666666666667,75.78947368421053,17.666666666666668,17.666666666666668,0.6666666666666666,1.0,1.0,1.0,0.5787166666666667,1.45,3.0,,,,,,,,,,,,,1.0,,1.0,,,,,,,,,,,,,1.0,,,,,,,20.333333333333332,20.333333333333332,,,,,,,,,,,,,,,,,,,,,,,1.0,1.0,,1.0,1.0,2.0,,,,,,3.0,1.0,1.0,1.0,,1.0,,1.0,1.0,,,,0.3333333333333333,1.0,,,0.3333333333333333,1.0,1.0,,1.0,,,25.0,,,,,,,,,,,,,,,,,,,,,,,,,,,,,,,,,,,,,,,,,,,,,,,,,,,,,,,,,,,,1.0,,,,,,,,,,,,,,,,,,,,,,,,,,,,,,,,,,,,,,,,1610612760,2017,2016-17,True
201566-201959-203460-203518-203926,1610612760,"Russell Westbrook, Taj Gibson, Andre Roberson, Alex Abrines, Doug McDermott","Westbrook, Gibson, Roberson, Abrines, McDermott",201566-201959-203460-203518-203926,OKC,125.0,1,2.0,-1.0,4.0,8.0,,,1.0,1.0,5.0,,,,,5.0,1.0,1.25,1.25,92.16,12.25,12.25,,,,0.5,0.484225,14.8,4.0,,,,,1.0,,,,,,,1.0,1.0,,1.0,,,,,,,,,,,1.0,,0.3333333333333333,,,,,1.0,,19.0,14.25,,,,0.5,,,,,,,,,,,,2.0,,1.0,,2.0,1.0,,1.0,1.0,,1.0,1.0,6.0,,,,,,,1.0,1.0,,1.0,2.0,,1.0,1.0,,,,0.5,,,,0.5,1.0,1.0,,1.0,,,25.7,,,,1.0,,,,,,,,,,,,2.0,3.0,,1.0,1.0,2.0,1.0,,,,5.0,,,,,,,,1.0,,,,,,,,,,,,,,,,,1.0,1.0,1.0,,,,,,,,,,,1.0,1.0,,,,,1.0,,,,,,,,,,,,,,1.0,1.0,,,,,,,,,,,,,,,1610612760,2017,2016-17,True
201566-201959-203460-203924-203926,1610612760,"Russell Westbrook, Taj Gibson, Andre Roberson, Jerami Grant, Doug McDermott","Westbrook, Gibson, Roberson, Grant, McDermott",201566-201959-203460-203924-203926,OKC,41.0,1,1.0,4.0,2.0,3.0,1.0,1.0,1.0,1.0,4.0,2.0,,,,4.0,1.0,1.0,1.0,105.36585365853658,11.5,11.5,1.0,1.0,1.0,1.0,0.5301,2.1,1.0,,,,,,2.0,,,,,,1.0,1.0,,1.0,1.0,2.0,1.0,,,,,,,,1.0,,1.0,,,,,,,18.0,18.0,,,,,,,0.5,0.5,,2.0,,,2.0,1.0,1.0,,,,,,,,,,,,,,,1.0,1.0,,4.0,,,,,,,4.0,,,1.0,1.0,1.0,,,,,,,,,,0.5301,1.0,,,1.0,1.0,,,,,,,,,,,,2.0,,,,,,,,,,,,,,,,,,,,,,,,,,,,,,,,,,,,,,,,,,,,,,,,,,,,,,,,,,,,,,,,1.0,1.0,,,,,,,,,,,,,,,,,,,,1610612760,2017,2016-17,True
201566-201959-203500-203506-203518,1610612760,"Russell Westbrook, Taj Gibson, Steven Adams, Victor Oladipo, Alex Abrines","Westbrook, Gibson, Adams, Oladipo, Abrines",201566-201959-203500-203506-203518,OKC,6.0,1,,,,,,,,,,,,,,,,,,,,,,,,,,,,,,,,,,,,,,,,,,,,,,,,,,,,,,,,,,,,,,,,,,,,,,,,,,,,,,,,,,,,,,,,,,,,,,,,,,,,,,1.0,,,,,,,,,,,,,,,,,,,,,,,,,,,,,,,,,,,,,,,,,,,,,,,,,,,,,,,,,,,,,,,,,,,1.0,,,,,,,,,,,,,,,,,,,,,,,,,,,,,,,,,,,,,,,,,,,,,,,,,,,1610612760,2017,2016-17,True
201566-201959-203500-203506-203924,1610612760,"Russell Westbrook, Taj Gibson, Steven Adams, Victor Oladipo, Jerami Grant","Westbrook, Gibson, Adams, Oladipo, Grant",201566-201959-203500-203506-203924,OKC,94.0,1,2.0,1.0,4.0,7.0,1.0,1.0,1.0,1.0,6.0,2.0,,,,4.0,1.0,0.625,0.6,107.23404255319149,14.75,14.75,0.25,1.0,1.0,1.0,0.5326125,1.7,3.0,1.0,1.0,,,,1.0,1.0,1.0,2.0,,,,,1.0,1.0,1.0,2.0,,,,1.0,1.0,1.0,,,,,,0.5,,,,,,11.666666666666666,11.666666666666666,,,,,1.0,,,,0.3333333333333333,4.0,,,4.0,1.0,,,,,,,,3.0,1.0,2.0,2.0,1.0,3.0,5.0,,1.0,1.0,3.0,6.0,3.0,2.0,1.0,,,,6.0,0.3333333333333333,0.3333333333333333,1.0,0.625,0.6,0.75,,,,0.5,0.5,0.5,0.5,0.5,0.5326125,1.0,23.666666666666668,1.0,1.0,1.0,,,1.0,,,,,1.0,,,1.0,1.0,,,2.0,,,,,,,,,1.0,,,1.0,1.0,,,,,,,,,,,,,,,,,1.0,,1.0,,,,,0.3333333333333333,,0.5,1.0,,,,,,,,0.25,,,,,1.0,,,,,,,,0.25,1.0,0.5,,,,,1.0,0.25,,,,,,,,,,,,,1610612760,2017,2016-17,True
201566-201959-203506-203924-203926,1610612760,"Russell Westbrook, Taj Gibson, Victor Oladipo, Jerami Grant, Doug McDermott","Westbrook, Gibson, Oladipo, Grant, McDermott",201566-201959-203506-203924-203926,OKC,144.0,1,2.0,-2.0,4.0,9.0,2.0,3.0,2.0,3.0,7.0,2.0,,,,3.0,0.6666666666666666,0.5833333333333334,0.5833333333333334,90.0,16.5,14.75,0.5,0.6666666666666666,0.6666666666666666,1.0,0.5866166666666667,1.2333333333333334,5.0,2.0,2.0,,,,,2.0,2.0,4.0,,1.0,,1.0,2.0,3.0,,,,,,1.0,1.0,1.0,,,,1.0,0.5,0.6666666666666666,1.0,,,,,15.6,14.4,,,,,1.0,0.5703,,,0.5714285714285714,,,,,,,,,,,,,,1.0,3.0,,1.0,3.0,9.0,,,,,,,3.0,1.0,1.0,1.0,2.0,,0.3333333333333333,0.3333333333333333,,,,0.5,0.5,,0.5,0.5,0.3333333333333333,0.3333333333333333,,0.3333333333333333,,,25.733333333333334,2.0,,,,,,,,,,,,,,,2.0,3.0,2.0,1.0,1.0,2.0,1.0,,1.0,,5.0,1.0,,1.0,,,,,,,,,,1.0,,,,,,,,,,,,0.5,1.0,1.0,,,,0.5,0.5,,,0.3333333333333333,0.5,,,,,,,,1.0,1.0,0.5,,,,,,,,,,,,,,,,,,,,,,,,,,,,1610612760,2017,2016-17,True
201566-202683-202708-203506-203924,1610612760,"Russell Westbrook, Enes Kanter, Norris Cole, Victor Oladipo, Jerami Grant","Westbrook, Kanter, Cole, Oladipo, Grant",201566-202683-202708-203506-203924,OKC,127.0,1,2.0,2.0,5.0,10.0,,,1.0,1.0,4.0,2.0,,,,2.0,1.0,0.3333333333333333,0.5,113.38582677165354,13.2,13.2,,,,0.6666666666666666,0.5147666666666667,16.7,5.0,1.0,,,,1.0,2.0,,,2.0,,,3.0,3.0,1.0,4.0,1.0,2.0,1.0,,,,,1.0,,,1.0,,0.75,0.5,,,1.0,1.0,,12.2,11.2,,,,0.3333333333333333,,,0.25,0.5,0.5,,,,,,1.0,,1.0,,2.0,2.0,,,,2.0,,,2.0,2.0,2.0,,,,,,2.0,,,,,,,,,,,0.6666666666666666,,,,0.6666666666666666,,,,,,,25.6,,,,1.0,,,,,,,,,,,,,,,,,,,,,,,1.0,,,,,,1.0,,,,,,,,,,,,,,,,,,,,,,,,0.5,0.5,,,,,,1.0,1.0,,,,,,,,,,,,,,,,,,,,,,,,,,,,,,,,,,,1610612760,2017,2016-17,True
201566-202683-202708-203518-203924,1610612760,"Russell Westbrook, Enes Kanter, Norris Cole, Alex Abrines, Jerami Grant","Westbrook, Kanter, Cole, Abrines, Grant",201566-202683-202708-203518-203924,OKC,111.0,1,2.0,2.0,4.0,8.0,2.0,3.0,2.0,3.0,6.0,2.0,1.0,,1.0,2.0,0.6666666666666666,0.5,0.6,103.78378378378378,13.75,11.5,0.75,0.6666666666666666,0.6666666666666666,1.0,0.6252625,1.1666666666666667,4.0,2.0,2.0,,,,2.0,2.0,2.0,4.0,,1.0,1.0,3.0,2.0,5.0,1.0,3.0,,1.0,1.0,1.0,1.0,1.0,,,0.5,1.0,0.75,1.0,1.0,,0.5,,1.0,14.0,14.0,,,,,1.0,0.5258,0.2,,0.6666666666666666,,,,,,,1.0,,1.0,,1.0,1.0,,,1.0,,,1.0,4.0,,,,,,,1.0,,2.0,1.0,1.0,,,,,,,0.25,1.0,,1.0,0.25,,,,,,,25.1,2.0,,,,,,,,,,,,,,,2.0,,2.0,1.0,,1.0,,,1.0,,2.0,1.0,,1.0,,,,,,,,,,1.0,,,,,,,,1.0,,,,0.5,1.0,,,,,1.0,1.0,,,0.5,0.5,,,,,,,,,1.0,0.5,,,,,,,,,,0.5,,,,,,,,,,,,,,,,,,1610612760,2017,2016-17,True
201566-202683-202713-203506-203926,1610612760,"Russell Westbrook, Enes Kanter, Kyle Singler, Victor Oladipo, Doug McDermott","Westbrook, Kanter, Singler, Oladipo, McDermott",201566-202683-202713-203506-203926,OKC,106.0,1,2.0,2.0,4.0,9.0,,1.0,1.0,2.0,7.0,2.0,1.0,1.0,1.0,7.0,0.5,0.8333333333333334,0.875,122.26415094339623,10.25,10.25,0.3333333333333333,,,0.6666666666666666,0.48009999999999997,9.35,5.0,,,,,1.0,2.0,,,,1.0,,1.0,2.0,,2.0,2.0,2.0,1.0,,1.0,,,,0.5,1.0,1.0,,1.0,,,,,1.0,1.0,13.0,13.0,,,,0.3333333333333333,,,0.25,0.3333333333333333,,,,,,,,,,,,,,,,,,1.0,1.0,5.0,,,,,,,,,1.0,1.0,1.0,,1.0,1.0,,,,0.3333333333333333,1.0,,1.0,,,,,,,,23.2,,,,1.0,1.0,1.0,,,,,,,,,,,3.0,,,1.0,1.0,,1.0,,,3.0,,,,1.0,,1.0,,,,,,,,,,,,,,,,,,,,,1.0,,,,,,,,,,,1.0,1.0,0.3333333333333333,1.0,1.0,1.0,,,,,,,,,,,,,,,,,,,,,,,,,,,,,,,1610612760,2017,2016-17,True
201566-202683-203460-203506-203924,1610612760,"Russell Westbrook, Enes Kanter, Andre Roberson, Victor Oladipo, Jerami Grant","Westbrook, Kanter, Roberson, Oladipo, Grant",201566-202683-203460-203506-203924,OKC,47.0,1,1.0,2.0,2.0,4.0,1.0,2.0,1.0,3.0,2.0,2.0,,,,,0.3333333333333333,0.3333333333333333,0.3333333333333333,122.55319148936171,11.5,11.5,0.6666666666666666,0.5,0.5,0.6666666666666666,0.5275666666666666,2.733333333333333,2.0,1.0,1.0,,1.0,,,1.0,1.0,2.0,,1.0,1.0,1.0,1.0,2.0,,,,,,1.0,1.0,1.0,,,1.0,0.5,1.0,0.5,,1.0,,,,12.0,12.0,0.3333333333333333,,,,1.0,0.6008,,,1.0,,,,,,1.0,,,,,,,,,,,,,,,,,,,,,,,,,,,,,,,,,,,,,,,,,,,1.0,,,,,,,,,,,,,,,,,2.0,,,,,,,,,,,,,,,,,,,,,,,,,,,,,,,,,,,,,,,,,,,,,,,,,,,,,1.0,,,,,,,,,,,,,,,,,,,,,,,,,,,,,1610612760,2017,2016-17,True
201566-202683-203460-203518-203924,1610612760,"Russell Westbrook, Enes Kanter, Andre Roberson, Alex Abrines, Jerami Grant","Westbrook, Kanter, Roberson, Abrines, Grant",201566-202683-203460-203518-203924,OKC,105.0,1,2.0,2.0,4.0,8.0,3.0,4.0,3.0,4.0,7.0,2.0,,,,7.0,0.75,0.75,0.875,109.71428571428571,9.75,9.75,1.0,0.75,0.75,1.0,0.605325,1.875,4.0,,,,,,1.0,,,,,,,,,,1.0,1.0,1.0,,,,,,,,,,,,,,,,,16.5,16.5,,,,,,,0.25,0.25,,1.0,,,1.0,0.25,,,,,,,,2.0,,,,,,5.0,,1.0,1.0,,2.0,,,,,,,2.0,,,1.0,1.0,1.0,,,,,,,,,,0.6457,0.2857142857142857,,,1.0,1.0,,,,,,,,,,,,,4.0,,,2.0,,2.0,,,2.0,,4.0,,,,1.0,,1.0,,,,,,,,,,,,,1.0,,,,,,0.6666666666666666,0.6666666666666666,,,,,,,,,,0.6666666666666666,,,,,,,,,,,,,,,,,1.0,1.0,,,,,,,,,,,,,,,,,,,,1610612760,2017,2016-17,True
201566-202683-203460-203924-203926,1610612760,"Russell Westbrook, Enes Kanter, Andre Roberson, Jerami Grant, Doug McDermott","Westbrook, Kanter, Roberson, Grant, McDermott",201566-202683-203460-203924-203926,OKC,78.0,1,1.0,,2.0,4.0,1.0,1.0,1.0,1.0,2.0,2.0,,,,2.0,1.0,0.5,0.5,73.84615384615384,16.5,16.5,0.5,1.0,1.0,1.0,0.574675,1.2,2.0,,,,,,,,,,,,,1.0,,1.0,,,,,,,,,,,,,0.5,,,,,,,22.5,22.5,,,,,,,,,,2.0,,,2.0,1.0,,,,,,,,,,1.0,1.0,,1.0,2.0,,1.0,1.0,1.0,2.0,,1.0,,1.0,,,2.0,,,1.0,0.5,0.5,0.5,1.0,,1.0,0.5,,,0.5,,0.574675,1.0,27.3,,1.0,1.0,,,,,,,,,,,,,,,,,,,,,,,,,,,,,,,,,,,,,,,,,,,,,,,,,,,,,,,,,,,,,,,,,,,,,,,,,,,,0.5,1.0,,,,,,,,,,,,,,,,,,,,1610612760,2017,2016-17,True
201566-202683-203506-203518-203926,1610612760,"Russell Westbrook, Enes Kanter, Victor Oladipo, Alex Abrines, Doug McDermott","Westbrook, Kanter, Oladipo, Abrines, McDermott",201566-202683-203506-203518-203926,OKC,127.0,1,2.0,1.0,4.0,9.0,,1.0,1.0,2.0,6.0,2.0,,,,6.0,0.5,0.8333333333333334,0.6,102.04724409448819,17.0,17.0,0.3333333333333333,,,0.6666666666666666,0.50335,3.8,5.0,,,1.0,1.0,,1.0,,,,,,2.0,3.0,,3.0,2.0,4.0,1.0,,,,,,,,1.0,,1.0,,,,,1.0,,11.8,11.8,0.3333333333333333,1.0,1.0,,,,0.25,0.3333333333333333,,,,,,,1.0,,,,,,,,,,,1.0,1.0,5.0,,,,,,,,,1.0,,,,1.0,1.0,,,,0.3333333333333333,1.0,,1.0,,,,,,,,23.1,,,,,1.0,1.0,,,,,,,,,,,3.0,,,1.0,1.0,,1.0,,,3.0,,,,,,,,,,,,,,,,,,,,,,1.0,,,,,1.0,,,,,,,,,,,,,0.3333333333333333,1.0,1.0,1.0,,,,,,,,,,,,,,,,,,,,,,,,,,,,,,,1610612760,2017,2016-17,True
201566-202683-203506-203924-203926,1610612760,"Russell Westbrook, Enes Kanter, Victor Oladipo, Jerami Grant, Doug McDermott","Westbrook, Kanter, Oladipo, Grant, McDermott",201566-202683-203506-203924-203926,OKC,348.0,3,6.0,1.0,14.0,26.0,1.0,4.0,3.0,7.0,17.0,4.0,,,,13.0,0.42857142857142855,0.5769230769230769,0.6071428571428571,107.58620689655173,12.214285714285714,12.0,0.3076923076923077,0.25,0.5,0.7692307692307693,0.49587692307692305,5.3428571428571425,12.0,2.0,1.0,2.0,2.0,1.0,2.0,1.0,1.0,4.0,2.0,1.0,4.0,5.0,2.0,7.0,2.0,2.0,1.0,,,1.0,1.0,1.0,0.2857142857142857,0.5,1.0,0.25,1.0,0.2857142857142857,0.3333333333333333,,1.0,1.0,,14.75,14.75,0.15384615384615385,1.0,1.0,0.07692307692307693,1.0,0.568,0.07142857142857142,0.125,0.23529411764705882,5.0,,,5.0,0.35714285714285715,1.0,1.0,,,1.0,2.0,0.5,,3.0,6.0,3.0,3.0,6.0,16.0,2.0,1.0,2.0,3.0,8.0,,6.0,3.0,1.0,1.0,3.0,8.0,0.5,0.5,0.5,0.8,0.8,0.46153846153846156,1.0,,,0.46153846153846156,0.5,0.5,0.6,0.5,0.49394,0.47058823529411764,25.066666666666666,1.0,,1.0,,,,,,,,2.0,,,2.0,,2.0,9.0,2.0,1.0,3.0,4.0,3.0,,,1.0,11.0,1.0,,1.0,,,,,1.0,,,,,,,1.0,,,,,,,,,,0.3333333333333333,0.5,1.0,,0.6666666666666666,,0.3333333333333333,0.3333333333333333,,1.0,0.2,,0.5,,,,,,,1.0,1.0,,,,,,,,0.2,,0.6666666666666666,,1.0,,,,,,,,,,,,,,,,,1610612760,2017,2016-17,True
201566-202708-203460-203500-203924,1610612760,"Russell Westbrook, Norris Cole, Andre Roberson, Steven Adams, Jerami Grant","Westbrook, Cole, Roberson, Adams, Grant",201566-202708-203460-203500-203924,OKC,107.0,1,2.0,8.0,3.0,6.0,,,1.0,1.0,8.0,,,,,5.0,1.0,1.0,1.0,80.74766355140187,20.333333333333332,16.0,,,,0.75,0.522525,7.3,3.0,1.0,,1.0,1.0,,,,,3.0,,,2.0,3.0,1.0,4.0,,,,,,,1.5,1.5,,,1.0,,1.0,1.0,,,,1.0,,15.333333333333334,15.333333333333334,0.25,1.0,1.0,,,,,,0.375,,,,,,1.0,,,,,,,,2.0,3.0,,2.0,3.0,,,,,,,6.0,3.0,2.0,,,,,0.6666666666666666,0.6666666666666666,,,,0.75,,,,0.75,0.6666666666666666,0.6666666666666666,,0.6666666666666666,,,25.233333333333334,,,,,,,,,1.0,1.0,,1.0,1.0,,,2.0,,,1.0,,1.0,,,,1.0,2.0,1.0,1.0,,,,,,,,,,,,,,,,,,,,,,,1.0,1.0,,1.0,,1.0,1.0,1.0,,,,,1.0,,,,,,,,,,,,,1.0,1.0,,,,,,,,,,,,,,,,,,,,,,,1610612760,2017,2016-17,True
201566-202713-203460-203506-203924,1610612760,"Russell Westbrook, Kyle Singler, Andre Roberson, Victor Oladipo, Jerami Grant","Westbrook, Singler, Roberson, Oladipo, Grant",201566-202713-203460-203506-203924,OKC,69.0,1,1.0,,2.0,5.0,1.0,2.0,1.0,2.0,2.0,,,,,2.0,0.5,0.3333333333333333,0.3333333333333333,104.34782608695653,15.5,15.5,0.6666666666666666,0.5,1.0,1.0,0.66975,1.05,3.0,,,,,,,,,,1.0,,,1.0,,1.0,,,,,,,,,0.5,0.5,,,1.0,,,,,,,12.666666666666666,12.666666666666666,,,,,,,,,,2.0,,,2.0,1.0,,,,,,,,3.0,,1.0,1.0,,1.0,2.0,,1.0,2.0,1.0,2.0,,,,1.0,,,2.0,,,0.5,0.3333333333333333,0.3333333333333333,0.3333333333333333,1.0,,1.0,0.3333333333333333,,,0.3333333333333333,,0.66975,1.0,46.3,,1.0,2.0,,,,,,,,,,,,,2.0,,,1.0,,1.0,,,1.0,,2.0,,,,1.0,1.0,,,,,,,,,,,,,,,,,,,,1.0,1.0,,,,,,,,,,1.0,,,,,,,,,,,,,,,,,0.6666666666666666,0.5,,,,,,,,1.0,,,,,,,,,,,,1610612760,2017,2016-17,True
201566-202713-203500-203506-203926,1610612760,"Russell Westbrook, Kyle Singler, Steven Adams, Victor Oladipo, Doug McDermott","Westbrook, Singler, Adams, Oladipo, McDermott",201566-202713-203500-203506-203926,OKC,164.0,1,3.0,-10.0,5.0,12.0,1.0,2.0,2.0,3.0,4.0,,,,,4.0,0.6666666666666666,0.6666666666666666,0.6666666666666666,105.36585365853658,19.0,19.0,0.6666666666666666,0.5,1.0,0.6666666666666666,0.4808666666666667,4.3,7.0,,,1.0,1.0,,,,,,1.0,,,1.0,,1.0,1.0,,,,,,,,0.3333333333333333,0.5,,,1.0,,,,,,,9.857142857142858,9.857142857142858,0.3333333333333333,1.0,1.0,,,,,,,,,,,,,1.0,,1.0,1.0,2.0,0.5,,,,,,,14.0,,,,,,,,,1.0,1.0,1.0,,,,,,,,1.0,,1.0,,,,,,,,,,,,,,,,,,,,,,,,4.0,,,2.0,,2.0,,,1.0,1.0,4.0,,,,,,,,,,1.0,,,,,,,,,,,,,,,1.0,1.0,,,,,,,,,,1.0,1.0,,,,,,,,,,,,,,,,,,,,,,,,,,,,,,,,,,,,,1610612760,2017,2016-17,True
201566-203460-203500-203506-203518,1610612760,"Russell Westbrook, Andre Roberson, Steven Adams, Victor Oladipo, Alex Abrines","Westbrook, Roberson, Adams, Oladipo, Abrines",201566-203460-203500-203506-203518,OKC,67.0,1,1.0,1.0,2.0,4.0,,,1.0,1.0,2.0,2.0,,,,2.0,1.0,1.0,1.0,85.97014925373134,15.5,15.5,,,,,0.2839,15.1,2.0,,,,,1.0,,,,,,,,1.0,,1.0,,,,,,,,,,,,,0.5,,,,,,,18.0,16.0,,,,1.0,,,,,,2.0,,,2.0,1.0,,1.0,,1.0,,1.0,1.0,2.0,,,,,,1.0,,1.0,1.0,,2.0,,,,1.0,,1.0,2.0,,,1.0,1.0,1.0,,0.5,,0.5,,,,,,0.2839,1.0,,,,,1.0,,,,,,,,,,,,,,,,,,,,,,,,,,1.0,1.0,,,,,,,1.0,,,,,,,,,,,,,,,,,,,,,,,,,,1.0,1.0,,,,,,,,,,,,,,,,,,,,,,,,,,,,,,,,,,,1610612760,2017,2016-17,True
201566-203460-203500-203506-203924,1610612760,"Russell Westbrook, Andre Roberson, Steven Adams, Victor Oladipo, Jerami Grant","Westbrook, Roberson, Adams, Oladipo, Grant",201566-203460-203500-203506-203924,OKC,1242.0,5,21.0,,43.0,91.0,4.0,7.0,6.0,12.0,41.0,2.0,,,,39.0,0.5,0.4,0.5125,105.5072463768116,15.093023255813954,14.930232558139535,0.23333333333333334,0.5714285714285714,1.0,0.8333333333333334,0.5052568965517241,6.1499999999999995,48.0,3.0,,,2.0,3.0,17.0,1.0,2.0,2.0,3.0,2.0,8.0,21.0,3.0,24.0,15.0,22.0,5.0,,,0.5,0.5,0.5,0.25,0.42857142857142855,0.6666666666666666,0.4,0.5925925925925926,0.1875,0.3333333333333333,0.5,0.6,0.3333333333333333,,12.354166666666666,10.604166666666666,0.06666666666666667,,,0.1,,0.3463,0.17142857142857143,0.3125,0.04878048780487805,28.0,,,26.0,0.6511627906976745,1.0,6.0,,4.0,4.0,10.0,0.6,29.0,2.0,14.0,11.0,4.0,18.0,41.0,,4.0,7.0,12.0,29.0,3.0,13.0,2.0,8.0,5.0,11.0,27.0,0.2222222222222222,0.23529411764705882,0.5714285714285714,0.4473684210526316,0.5370370370370371,0.6,0.5333333333333333,,0.5833333333333334,0.4666666666666667,0.14285714285714285,0.16666666666666666,0.5789473684210527,0.15384615384615385,0.4776583333333333,0.7073170731707317,26.666666666666668,,3.0,4.0,2.0,2.0,4.0,,,,,2.0,,,3.0,12.0,10.0,9.0,,5.0,3.0,8.0,1.0,2.0,3.0,,19.0,1.0,5.0,,4.0,3.0,1.0,,2.0,,1.0,2.0,6.0,,,,,,,1.0,,1.0,5.0,2.0,3.0,0.8333333333333334,0.8333333333333334,0.75,,0.25,0.7142857142857143,0.09090909090909091,0.1111111111111111,,0.3333333333333333,,0.75,,0.6666666666666666,0.6666666666666666,0.13333333333333333,0.5,0.5,1.0,0.5,,,,,,,,,0.21052631578947367,0.75,0.18181818181818182,0.05263157894736842,,2.0,1.0,1.0,0.05263157894736842,1.0,1.0,2.0,1.0,0.1111111111111111,0.14285714285714285,1.0,,,,,,1610612760,2017,2016-17,True
201566-203460-203500-203506-203926,1610612760,"Russell Westbrook, Andre Roberson, Steven Adams, Victor Oladipo, Doug McDermott","Westbrook, Roberson, Adams, Oladipo, McDermott",201566-203460-203500-203506-203926,OKC,318.0,3,5.0,4.0,11.0,20.0,4.0,5.0,4.0,6.0,14.0,2.0,,,,11.0,0.6666666666666666,0.6111111111111112,0.7,90.56603773584906,12.0,10.545454545454545,0.5555555555555556,0.8,0.8,0.8888888888888888,0.5969833333333333,3.6666666666666665,9.0,1.0,,,,1.0,3.0,,,3.0,,,4.0,5.0,1.0,6.0,1.0,3.0,,,,,1.5,1.5,,,1.0,,1.0,0.3333333333333333,,,1.0,1.0,,20.666666666666668,20.666666666666668,,,,0.1111111111111111,,0.5538,0.1,,0.21428571428571427,2.0,,,2.0,0.18181818181818182,1.0,1.0,,,,1.0,1.0,1.0,,1.0,1.0,1.0,3.0,10.0,,,,1.0,,,1.0,,1.0,2.0,4.0,,0.3333333333333333,0.3333333333333333,,,,0.3333333333333333,1.0,,1.0,0.1111111111111111,,,1.0,,0.37695,,23.766666666666666,,,,,1.0,2.0,1.0,1.0,,,,1.0,1.0,,,6.0,3.0,,3.0,1.0,4.0,,1.0,3.0,,9.0,1.0,,,,,,,1.0,,,,,,,,,,,,,1.0,,,,0.75,0.75,1.0,1.0,,,1.0,,1.0,,,0.75,,,,0.2222222222222222,0.5,0.5,1.0,,,,1.0,1.0,1.0,,,,,,,0.25,,,,,,,,,,,,,,,,,,1610612760,2017,2016-17,True
201566-203460-203500-203518-203924,1610612760,"Russell Westbrook, Andre Roberson, Steven Adams, Alex Abrines, Jerami Grant","Westbrook, Roberson, Adams, Abrines, Grant",201566-203460-203500-203518-203924,OKC,534.0,4,9.0,13.0,21.0,38.0,4.0,6.0,6.0,9.0,34.0,8.0,1.0,,1.0,29.0,0.6666666666666666,0.75,0.85,102.47191011235955,13.80952380952381,13.285714285714286,0.375,0.6666666666666666,1.0,0.8125,0.552284375,3.2,17.0,2.0,1.0,2.0,3.0,,10.0,1.0,1.0,5.0,2.0,2.0,2.0,5.0,2.0,7.0,5.0,10.0,4.0,1.0,1.0,1.0,1.25,1.25,0.2222222222222222,0.3333333333333333,0.5,0.6666666666666666,0.5555555555555556,0.3333333333333333,1.0,,0.5,,1.0,14.352941176470589,13.705882352941176,0.1875,0.6666666666666666,0.6666666666666666,,0.5,0.6565,0.25,0.3333333333333333,0.14705882352941177,9.0,,,9.0,0.42857142857142855,1.0,2.0,,1.0,,2.0,1.0,4.0,2.0,4.0,1.0,4.0,7.0,21.0,,4.0,5.0,2.0,15.0,6.0,4.0,2.0,3.0,4.0,5.0,15.0,0.5714285714285714,0.5714285714285714,0.8,0.7857142857142857,0.8333333333333334,0.4375,0.6,,0.6,0.25,0.5,0.5,0.14285714285714285,0.5,0.6163357142857143,0.4411764705882353,24.75714285714286,1.0,3.0,4.0,,2.0,3.0,1.0,1.0,,,,1.0,1.0,1.0,4.0,4.0,6.0,,2.0,2.0,4.0,1.0,1.0,2.0,,10.0,,,,1.0,1.0,,,1.0,,,,,,,,,,,1.0,,1.0,,,,0.3333333333333333,0.3333333333333333,0.5,1.0,0.5,,,,,,,0.5,,,,0.1875,0.6666666666666666,0.6666666666666666,0.5,0.5,1.0,1.0,0.5,1.0,1.0,,,,0.5714285714285714,0.75,,0.125,,,,1.0,0.14285714285714285,,1.0,,,,,1.0,,,,,,1610612760,2017,2016-17,True
201566-203460-203500-203518-203926,1610612760,"Russell Westbrook, Andre Roberson, Steven Adams, Alex Abrines, Doug McDermott","Westbrook, Roberson, Adams, Abrines, McDermott",201566-203460-203500-203518-203926,OKC,760.0,3,13.0,-8.0,25.0,50.0,5.0,11.0,6.0,13.0,21.0,8.0,,,1.0,18.0,0.46153846153846156,0.47368421052631576,0.4772727272727273,94.73684210526316,14.08,14.08,0.5789473684210527,0.45454545454545453,0.7142857142857143,0.8947368421052632,0.5590342105263159,2.0538461538461537,25.0,2.0,1.0,1.0,2.0,,3.0,1.0,1.0,3.0,4.0,2.0,9.0,10.0,3.0,13.0,4.0,7.0,2.0,,,1.0,1.0,0.75,0.3076923076923077,0.36363636363636365,0.8181818181818182,0.2857142857142857,0.5882352941176471,0.2727272727272727,0.3333333333333333,,0.8333333333333334,0.5,,16.32,14.4,0.10526315789473684,0.5,0.5,,1.0,0.4895,0.1,0.14285714285714285,0.14285714285714285,14.0,1.0,1.0,14.0,0.56,1.0,4.0,,3.0,2.0,6.0,0.6666666666666666,15.0,2.0,6.0,3.0,2.0,6.0,29.0,1.0,4.0,9.0,3.0,12.0,,6.0,2.0,1.0,2.0,9.0,12.0,0.3333333333333333,0.3333333333333333,0.4444444444444444,0.4583333333333333,0.46153846153846156,0.3157894736842105,0.16666666666666666,,0.16666666666666666,0.3157894736842105,0.3333333333333333,0.3333333333333333,0.25,0.3333333333333333,0.5786541666666667,0.5714285714285714,24.816666666666666,1.0,4.0,9.0,,,,,,,,1.0,,,1.0,1.0,4.0,6.0,2.0,2.0,2.0,4.0,2.0,,2.0,,10.0,1.0,,,1.0,,1.0,1.0,1.0,,,,3.0,1.0,,2.0,,,,1.0,,,2.0,2.0,1.0,0.3333333333333333,0.4,1.0,,0.3333333333333333,,0.25,0.25,,,,0.4,,,,,,,,1.0,1.0,,,,,,,,0.75,0.4444444444444444,0.3333333333333333,,1.0,,,,,,,,,,,,,,,,,1610612760,2017,2016-17,True
201566-203460-203506-203924-203926,1610612760,"Russell Westbrook, Andre Roberson, Victor Oladipo, Jerami Grant, Doug McDermott","Westbrook, Roberson, Oladipo, Grant, McDermott",201566-203460-203506-203924-203926,OKC,75.0,1,1.0,2.0,3.0,6.0,,,,,3.0,,,,,3.0,,0.5,0.5,115.2,12.333333333333334,12.333333333333334,,,,1.0,0.51305,,3.0,,,,,,,,,,,,1.0,1.0,,1.0,,,,,,,,,,,1.0,,1.0,,,,,1.0,,12.666666666666666,12.666666666666666,,,,,,,,,,,,,,,,,,,,,,,1.0,2.0,,1.0,3.0,1.0,,,,,,3.0,2.0,1.0,,1.0,1.0,,0.3333333333333333,0.3333333333333333,,,,1.0,,,,0.6666666666666666,0.5,0.5,,0.5,,,25.733333333333334,,,,,,1.0,,,,,,,,,,,,,,,,,,,,,,,,1.0,,1.0,,,,,,,,,,,,,,,,,,,,,,,,,,,,,,,,,,0.3333333333333333,,,,,,,,,,,,,,,,,,,,,,,,,,,,,,,,,,1610612760,2017,2016-17,True
201566-203500-203506-203518-203924,1610612760,"Russell Westbrook, Steven Adams, Victor Oladipo, Alex Abrines, Jerami Grant","Westbrook, Adams, Oladipo, Abrines, Grant",201566-203500-203506-203518-203924,OKC,103.0,2,2.0,1.0,4.0,9.0,1.0,1.0,1.0,1.0,5.0,2.0,,,,5.0,1.0,1.0,0.8333333333333334,125.8252427184466,9.75,9.75,1.0,1.0,1.0,1.0,0.6619,1.2,5.0,,,,,,3.0,,,,,,,1.0,,1.0,2.0,4.0,1.0,,,,,,,,,,0.25,,,,,,,12.8,10.2,,,,,,,0.5,0.5,,4.0,,,3.0,1.0,,,,,,,,5.0,,,,,,4.0,,1.0,1.0,,5.0,,,,1.0,2.0,2.0,3.0,,,1.0,1.0,0.8333333333333334,,0.3333333333333333,,0.3333333333333333,,,,,,0.6619,1.0,,,1.0,1.0,,,,,,,,,,,,3.0,,,,,,,,,,,,,,,1.0,,1.0,,,,,,,1.0,,,,,,,,,1.0,,,,,,,,,,,,,,,,,,,,,,,,,,,,,,,1.0,1.0,,,,,,,,,,,,,,,,,,,,1610612760,2017,2016-17,True
201566-203500-203506-203518-203926,1610612760,"Russell Westbrook, Steven Adams, Victor Oladipo, Alex Abrines, Doug McDermott","Westbrook, Adams, Oladipo, Abrines, McDermott",201566-203500-203506-203518-203926,OKC,8.0,1,,,1.0,3.0,,,,,2.0,,,,,2.0,,,1.0,540.0,2.0,2.0,,,,,,,2.0,,,,,,2.0,,,,,,,1.0,,1.0,1.0,2.0,,,,,,,,,,,1.0,,,,,,,3.0,3.0,,,,,,,,,,1.0,,,,1.0,,,,,,,,2.0,,,,,,2.0,,,,,2.0,,,,1.0,,,,,,,,1.0,,1.0,,1.0,,,,,,,1.0,,,,,,,,,,,,,,,,2.0,,,,,,,,,,,,,,,,,,,,,,,,,,,,,,,,,1.0,,,,,,,,,,,,,,,,,,,,,,,,,,,,,,,,,,,,,,,,,,,,,,,,,,,,1610612760,2017,2016-17,True
201566-203500-203506-203924-203926,1610612760,"Russell Westbrook, Steven Adams, Victor Oladipo, Jerami Grant, Doug McDermott","Westbrook, Adams, Oladipo, Grant, McDermott",201566-203500-203506-203924-203926,OKC,104.0,1,2.0,-2.0,3.0,6.0,1.0,1.0,2.0,2.0,4.0,2.0,,,,4.0,1.0,0.6666666666666666,0.6666666666666666,83.07692307692308,17.0,17.0,0.3333333333333333,1.0,1.0,0.6666666666666666,0.5985166666666667,5.4,3.0,,,1.0,1.0,,,,,,,,,,,,,,,,,,,,,,,,,,,,,,,17.666666666666668,17.666666666666668,0.3333333333333333,1.0,1.0,,,,,,,,,,,,,,,,,,,,,1.0,,,1.0,6.0,,,,,,,1.0,,,1.0,1.0,,,,,,,0.3333333333333333,,,,0.3333333333333333,,,,,,,24.3,,,,,,,,,,,,,,,,2.0,,,1.0,,1.0,,,1.0,,2.0,,,,,,,,,,,,,,,,,,,,,,,,,0.5,0.5,,,,,,,,,,1.0,,,,,,,,,,,,,,,,,,,,,,,,,,,,,,,,,,,,,,1610612760,2017,2016-17,True
201566-203506-203518-203924-203926,1610612760,"Russell Westbrook, Victor Oladipo, Alex Abrines, Jerami Grant, Doug McDermott","Westbrook, Oladipo, Abrines, Grant, McDermott",201566-203506-203518-203924-203926,OKC,70.0,2,1.0,-6.0,2.0,5.0,,,,,2.0,,,,,2.0,,,0.5,102.85714285714285,15.5,15.5,,,,1.0,0.5244,,3.0,,,,,,2.0,,,,,,,,,,1.0,2.0,1.0,,,,,,,,,,,,,,,,,13.0,13.0,,,,,,,0.5,1.0,,,,,,,,,,,,,,,,1.0,,,1.0,8.0,,,,,,,1.0,,,,2.0,,,,,,,1.0,,,,1.0,,,,,,,25.1,,,,,,,,,,,,,,,,,,,,,,,,,,,,,,,,,,,,,,,,,,,,,,,,,,,,,,,,,,,,,,,,,,,,,,,,,,,,,,,,,,,,,,,,,,,1.0,,,,,,,,,1610612760,2017,2016-17,True
201959-202708-203460-203506-203518,1610612760,"Taj Gibson, Norris Cole, Andre Roberson, Victor Oladipo, Alex Abrines","Gibson, Cole, Roberson, Oladipo, Abrines",201959-202708-203460-203506-203518,OKC,69.0,1,1.0,3.0,3.0,5.0,,,,,5.0,,,,,5.0,,1.5,1.25,104.34782608695653,13.333333333333334,13.333333333333334,,,,1.0,0.4821,,2.0,,,,,,2.0,,,,,,,,,,1.0,2.0,1.0,,,,,,,,,,,,,,,,,14.5,14.5,,,,,,,0.5,1.0,,2.0,,,2.0,0.6666666666666666,,,,,,,,2.0,1.0,1.0,1.0,1.0,1.0,2.0,,,,1.0,3.0,,1.0,1.0,,,,3.0,1.0,1.0,,1.5,1.5,1.0,,,,1.0,1.0,1.0,1.0,1.0,0.4821,0.6,24.2,,,,,,,,,,,1.0,,,1.0,,,3.0,,,1.0,1.0,1.0,,,,3.0,,,,1.0,1.0,,,,,,,,,,,,,,,,,,,,,,1.0,,1.0,,,,,,,,,,,,,,,1.0,,,,,,,,,,,1.0,,,,,,,,,,,,,,,,,,,1610612760,2017,2016-17,True
201959-203460-203518-203902-203924,1610612760,"Taj Gibson, Andre Roberson, Alex Abrines, Semaj Christon, Jerami Grant","Gibson, Roberson, Abrines, Christon, Grant",201959-203460-203518-203902-203924,OKC,37.0,1,1.0,1.0,1.0,2.0,,,,,3.0,,,,,3.0,,1.5,1.5,77.83783783783784,19.0,19.0,,,,1.0,0.44025,,1.0,,,,,,,,,,,,,,,,,,,,,,,,,,,,,,,,,,,18.0,18.0,,,,,,,,,,1.0,,,1.0,1.0,,,,,,,,1.0,1.0,1.0,1.0,1.0,1.0,2.0,,,,1.0,3.0,,1.0,1.0,,,,3.0,1.0,1.0,,1.5,1.5,1.0,,,,1.0,1.0,1.0,1.0,1.0,0.44025,1.0,24.7,,,,,,,,,,,1.0,,,1.0,,,3.0,,,1.0,1.0,1.0,,,,3.0,,,,,,,,,,,,,,,,,,,,,,,,,,,1.0,,1.0,,,,,,,,,,,,,,,1.0,,,,,,,,,,,1.0,,,,,,,,,,,,,,,,,,,1610612760,2017,2016-17,True
201959-203506-203518-203924-203926,1610612760,"Taj Gibson, Victor Oladipo, Alex Abrines, Jerami Grant, Doug McDermott","Gibson, Oladipo, Abrines, Grant, McDermott",201959-203506-203518-203924-203926,OKC,102.0,1,2.0,5.0,4.0,7.0,1.0,1.0,2.0,2.0,9.0,4.0,,,,9.0,1.0,1.0,1.125,98.82352941176471,13.0,13.0,0.5,1.0,1.0,0.5,0.5094,3.75,3.0,,,1.0,1.0,,5.0,,,,,,,1.0,,1.0,2.0,5.0,1.0,,,,,,,,,,1.0,,,,,,,16.666666666666668,16.666666666666668,0.5,1.0,1.0,,,,0.5,0.3333333333333333,,,,,,,,,,,,,,,,,,,,4.0,,,,,,,,,1.0,,,,,,,,,,1.0,,1.0,,,,,,,,,,,,,,,,,,,,,,,,,,,,,,,,,,,,,,,,,,,,,,,,,,,,,,,1.0,,,,,,,,,,,,,,,,,,,,,,,,,,,,,,,,,,,1.0,,,,,,,,,1.0,,,,,,,,,1610612760,2017,2016-17,True
202683-202708-203506-203518-203924,1610612760,"Enes Kanter, Norris Cole, Victor Oladipo, Alex Abrines, Jerami Grant","Kanter, Cole, Oladipo, Abrines, Grant",202683-202708-203506-203518-203924,OKC,340.0,2,6.0,5.0,11.0,20.0,1.0,2.0,2.0,5.0,18.0,2.0,,,,15.0,0.4,0.6666666666666666,0.75,84.70588235294117,16.90909090909091,15.454545454545455,0.16666666666666666,0.5,1.0,0.75,0.49495416666666664,8.58,9.0,2.0,1.0,1.0,2.0,1.0,2.0,,1.0,3.0,1.0,,2.0,2.0,2.0,4.0,3.0,2.0,2.0,,,,0.75,0.75,0.2,0.5,0.6666666666666666,,0.6666666666666666,0.3333333333333333,,,,1.0,,17.11111111111111,17.0,0.16666666666666666,0.5,0.5,0.08333333333333333,0.5,,0.16666666666666666,0.4,0.16666666666666666,,,,,,,,,,1.0,1.0,,,3.0,6.0,,4.0,7.0,13.0,,,,,,6.0,6.0,3.0,,,1.0,,0.5714285714285714,0.5714285714285714,,,,0.5833333333333334,,,,0.5,0.5,0.5,,0.5,,,24.47142857142857,,,,,1.0,1.0,1.0,1.0,,,,1.0,1.0,,,2.0,6.0,,1.0,2.0,3.0,1.0,1.0,1.0,,8.0,2.0,,,1.0,1.0,,,,,,,,,,,,,,2.0,,,,,,0.5,0.5,0.5,1.0,,,0.6666666666666666,0.6666666666666666,,,,1.0,,,,0.08333333333333333,1.0,1.0,1.0,0.3333333333333333,,,0.5,1.0,1.0,,,,,,,,1.0,,,,,,,,,,,,,,,,,1610612760,2017,2016-17,True
202683-202708-203506-203924-203926,1610612760,"Enes Kanter, Norris Cole, Victor Oladipo, Jerami Grant, Doug McDermott","Kanter, Cole, Oladipo, Grant, McDermott",202683-202708-203506-203924-203926,OKC,314.0,2,5.0,5.0,9.0,20.0,2.0,4.0,5.0,10.0,14.0,6.0,1.0,,2.0,10.0,0.5,0.5,0.6363636363636364,91.71974522292993,14.555555555555555,12.777777777777779,0.4,0.5,0.6666666666666666,0.4,0.47072,6.21,11.0,3.0,2.0,3.0,5.0,1.0,4.0,2.0,3.0,4.0,2.0,3.0,4.0,6.0,3.0,9.0,3.0,4.0,1.0,1.0,1.0,0.6666666666666666,0.6666666666666666,0.6666666666666666,0.2,0.25,0.8,0.6,0.75,0.6,0.5,1.0,0.75,1.0,0.5,16.636363636363637,16.181818181818183,0.5,0.6,0.75,0.1,0.6666666666666666,0.5222666666666667,0.18181818181818182,0.1,0.2857142857142857,,1.0,,,,,,,,1.0,1.0,,,,,,,,9.0,,,,,,,,,2.0,,2.0,,,,,,,,0.6666666666666666,,1.0,,,,,,,,,2.0,,,,,,,,,,,,,,,4.0,,2.0,2.0,,2.0,,,1.0,1.0,4.0,,,,,,,,,,1.0,,,,,,,,,1.0,,1.0,,,,0.4,0.5,,,,,,,,,,0.5,0.3333333333333333,,,,,,,,1.0,0.5,,,,,,,,,,1.0,,,,,,,,,,,,,1.0,0.2,,,,1610612760,2017,2016-17,True
202683-203460-203518-203902-203924,1610612760,"Enes Kanter, Andre Roberson, Alex Abrines, Semaj Christon, Jerami Grant","Kanter, Roberson, Abrines, Christon, Grant",202683-203460-203518-203902-203924,OKC,260.0,1,4.0,1.0,9.0,19.0,3.0,3.0,3.0,7.0,10.0,4.0,,,,8.0,0.42857142857142855,0.375,0.5,105.23076923076924,16.555555555555557,16.333333333333332,0.375,1.0,1.0,0.5,0.4713,6.857142857142857,10.0,1.0,1.0,,2.0,2.0,4.0,1.0,1.0,2.0,1.0,1.0,2.0,2.0,1.0,3.0,3.0,4.0,2.0,,,1.0,1.0,1.0,0.14285714285714285,,1.0,0.25,1.0,0.2,,0.5,,1.0,,11.1,11.1,0.25,,,0.25,1.0,0.572,0.2,0.2222222222222222,0.2,9.0,,,9.0,1.0,1.0,,,,,,,7.0,,1.0,1.0,,1.0,9.0,,3.0,7.0,1.0,10.0,,1.0,,,,1.0,10.0,,,0.42857142857142855,0.375,0.5,0.125,,,,0.125,,,0.125,,0.4713,1.0,25.3,1.0,3.0,3.0,,,,,,,,,,,,4.0,2.0,,,1.0,,1.0,,,1.0,,2.0,,,,,,,,,,,,,,,,1.0,,,,,,,,,0.3333333333333333,0.3333333333333333,,,,,,,,,,0.3333333333333333,,,,,,,,,1.0,1.0,,,,,,,0.375,1.0,,,,,,,,,,,,,,,,,0.5,,,1610612760,2017,2016-17,True
202683-203506-203518-203902-203924,1610612760,"Enes Kanter, Victor Oladipo, Alex Abrines, Semaj Christon, Jerami Grant","Kanter, Oladipo, Abrines, Christon, Grant",202683-203506-203518-203902-203924,OKC,325.0,1,5.0,4.0,11.0,21.0,5.0,6.0,6.0,9.0,14.0,8.0,1.0,,1.0,10.0,0.6666666666666666,0.6,0.5833333333333334,93.04615384615384,12.818181818181818,12.545454545454545,0.6,0.8333333333333334,0.8333333333333334,0.7,0.5873700000000001,5.588888888888889,10.0,2.0,2.0,1.0,1.0,2.0,2.0,2.0,2.0,4.0,,1.0,4.0,5.0,2.0,7.0,2.0,4.0,2.0,1.0,1.0,1.0,1.0,1.0,,,1.0,0.3333333333333333,1.0,0.25,1.0,,1.0,,1.0,18.4,18.4,0.1,1.0,1.0,0.2,1.0,0.69875,0.16666666666666666,0.18181818181818182,0.2857142857142857,,,,,,1.0,1.0,,1.0,,1.0,1.0,,,1.0,,,1.0,10.0,,,,,,,1.0,,1.0,1.0,3.0,,,,,,,0.1,1.0,,1.0,0.1,,,,,,,25.3,2.0,,,,,,,,,,,,,,,4.0,,2.0,2.0,,2.0,,,2.0,,4.0,,,,,,,,,,,,,,,,,,,,,,,,,0.3333333333333333,0.4,,,,,,,,,,0.4,,,,,,,,,1.0,,,,,,,,,,,,,,,,,,,,,,,,,,,1.0,1.0,1610612760,2017,2016-17,True
202683-203506-203518-203924-203926,1610612760,"Enes Kanter, Victor Oladipo, Alex Abrines, Jerami Grant, Doug McDermott","Kanter, Oladipo, Abrines, Grant, McDermott",202683-203506-203518-203924-203926,OKC,202.0,1,3.0,6.0,8.0,16.0,2.0,2.0,4.0,5.0,11.0,6.0,2.0,,2.0,11.0,0.8,0.6666666666666666,0.6875,114.05940594059406,9.75,9.75,0.3333333333333333,1.0,1.0,0.5,0.48959166666666665,3.12,8.0,,,2.0,3.0,,3.0,,,,,,6.0,6.0,,6.0,2.0,4.0,2.0,2.0,2.0,,,,,,1.0,,1.0,,,,1.0,1.0,1.0,15.5,15.5,0.5,0.6666666666666666,0.6666666666666666,,,,0.25,0.2857142857142857,,,,,,,1.0,,,,,,,,,1.0,,,1.0,5.0,,,,,,,1.0,,,,,,,,,,,0.16666666666666666,,,,0.16666666666666666,,,,,,,25.9,,,,,,,,,,,,,,,,2.0,,,1.0,,1.0,,,1.0,,2.0,,,,,,,,,,,,,,,,,,,,,,,,,0.25,0.25,,,,,,,,,,0.5,,,,,,,,,,,,,,,,,,,,,,,,,,,,,,,,,,,,,,1610612760,2017,2016-17,True
202683-203506-203902-203924-203926,1610612760,"Enes Kanter, Victor Oladipo, Semaj Christon, Jerami Grant, Doug McDermott","Kanter, Oladipo, Christon, Grant, McDermott",202683-203506-203902-203924-203926,OKC,166.0,1,3.0,3.0,6.0,11.0,4.0,6.0,4.0,6.0,9.0,6.0,1.0,,1.0,7.0,0.6666666666666666,0.6666666666666666,0.6428571428571429,95.42168674698796,11.666666666666666,11.666666666666666,1.0,0.6666666666666666,0.8,1.0,0.5479666666666666,1.9666666666666668,5.0,1.0,1.0,,,,1.0,1.0,1.0,2.0,1.0,1.0,2.0,2.0,1.0,3.0,1.0,2.0,1.0,1.0,,1.0,1.0,1.0,0.16666666666666666,0.16666666666666666,0.6666666666666666,0.5,0.6666666666666666,0.5,0.5,,0.6666666666666666,,,19.2,19.0,,,,,1.0,0.5235,0.14285714285714285,0.14285714285714285,0.2222222222222222,,,,,,,,,,,,,,,,,,,6.0,,,,,,,,,,,1.0,,,,,,,,,,,,,,,,,,,1.0,,,,,,,,,,,,,,,2.0,,2.0,1.0,,1.0,,,1.0,,2.0,,,1.0,,,,,,,,,,,,,,,,,,,,,,0.25,0.3333333333333333,,,,,,,,,1.0,0.25,,,,,,,,,1.0,,,,,,,,,,,,,,,,,,,,,,,,,,,,,1610612760,2017,2016-17,True
202708-203460-203500-203506-203518,1610612760,"Norris Cole, Andre Roberson, Steven Adams, Victor Oladipo, Alex Abrines","Cole, Roberson, Adams, Oladipo, Abrines",202708-203460-203500-203506-203518,OKC,20.0,1,,,,1.0,,,,,,,,,,,,,,72.0,,,,,,,,,1.0,,,,,,,,,,,,,,,,,,,,,,,,,,,,,,,,,,,20.0,20.0,,,,,,,,,,,,,,,,,,,,,,1.0,,,,,,,,,,,,,,,,,,,,,,,,,,,,,,,,,,,,,,,,,,,,,,,,,,,,,,,,,,,,,,,,,,,,,,,,,,,,,,,,,,,,,,,,,,,,,,,,,,,,,,,,,,,,,,,,,,,,,,,,,,,,,,,,,,,,,,,1610612760,2017,2016-17,True
202708-203460-203500-203518-203926,1610612760,"Norris Cole, Andre Roberson, Steven Adams, Alex Abrines, Doug McDermott","Cole, Roberson, Adams, Abrines, McDermott",202708-203460-203500-203518-203926,OKC,382.0,2,6.0,6.0,13.0,27.0,2.0,3.0,4.0,5.0,14.0,8.0,1.0,,1.0,11.0,0.8,0.6111111111111112,0.7,101.78010471204189,13.846153846153847,12.538461538461538,0.3333333333333333,0.6666666666666666,1.0,0.7777777777777778,0.4769611111111111,4.46,14.0,2.0,1.0,2.0,2.0,,3.0,1.0,1.0,3.0,1.0,1.0,6.0,9.0,1.0,10.0,2.0,3.0,2.0,1.0,1.0,1.0,0.5,0.75,0.2,0.3333333333333333,1.0,1.0,0.875,0.25,1.0,,1.0,1.0,1.0,14.428571428571429,13.071428571428571,0.2222222222222222,1.0,1.0,,0.5,0.59205,0.2,0.3333333333333333,0.21428571428571427,7.0,,,7.0,0.5384615384615384,1.0,,1.0,,4.0,4.0,,6.0,1.0,4.0,2.0,1.0,4.0,8.0,1.0,2.0,3.0,2.0,7.0,,4.0,1.0,1.0,1.0,4.0,7.0,0.25,0.25,0.6666666666666666,0.4,0.5833333333333334,0.4444444444444444,0.5,,0.5,0.4444444444444444,0.25,0.25,0.4,0.25,0.49518000000000006,0.5,25.55,1.0,2.0,3.0,,,,,,,1.0,,,1.0,,3.0,,3.0,,,1.0,1.0,1.0,,,,3.0,,2.0,,1.0,,1.0,,,,,,2.0,,,,,,,1.0,,,,,,,,1.0,,,0.6666666666666666,,,,,,,,,,,,,,1.0,1.0,,,,,0.5,,,0.6,0.6666666666666666,,,2.0,,,,,,,,,,,,,,,,,1610612760,2017,2016-17,True
202708-203500-203506-203518-203924,1610612760,"Norris Cole, Steven Adams, Victor Oladipo, Alex Abrines, Jerami Grant","Cole, Adams, Oladipo, Abrines, Grant",202708-203500-203506-203518-203924,OKC,1.0,1,,2.0,1.0,1.0,,,,,2.0,,,,,2.0,,,1.0,1440.0,1.0,1.0,,,,,,,,,,,,,2.0,,,,,,,,,,1.0,2.0,,,,,,,,,,,,,,,,,,,,,,,,,,,,,1.0,,,,1.0,,,,,,,,,,,,,,,,,,,2.0,,,,,,,,,,,,1.0,,,,,,,,,,,1.0,,,,,,,,,,,,,,,,2.0,,,,,,,,,,,,,,,,,,,,,,,,,,,,,,,,,1.0,,,,,,,,,,,,,,,,,,,,,,,,,,,,,,,,,,,,,,,,,,,,,,,,,,,,1610612760,2017,2016-17,True
202713-203460-203506-203902-203924,1610612760,"Kyle Singler, Andre Roberson, Victor Oladipo, Semaj Christon, Jerami Grant","Singler, Roberson, Oladipo, Christon, Grant",202713-203460-203506-203902-203924,OKC,141.0,1,2.0,9.0,5.0,10.0,2.0,2.0,3.0,3.0,12.0,4.0,1.0,1.0,1.0,12.0,1.0,1.2,1.2,102.12765957446808,13.8,13.8,0.4,1.0,1.0,0.8,0.41531,2.9,5.0,,,1.0,1.0,,,,,,,,2.0,3.0,,3.0,,,,,1.0,,,,,,1.0,,1.0,,,,,1.0,1.0,14.4,14.4,0.2,1.0,1.0,,,,,,,5.0,,,5.0,1.0,1.0,,,,,,,5.0,2.0,2.0,2.0,2.0,2.0,3.0,,3.0,3.0,2.0,12.0,6.0,2.0,2.0,1.0,,,12.0,1.0,1.0,1.0,1.2,1.2,0.4,1.0,,1.0,0.4,1.0,1.0,0.4,1.0,0.41531,1.0,26.5,,2.0,2.0,,,,,,,,2.0,,,2.0,,2.0,,,1.0,,1.0,,,1.0,,2.0,,,,,,,,,,,,,,,,,,,,,,,,,0.3333333333333333,0.3333333333333333,,,1.0,,,,,,,0.5,,,,,,,,,,,,,,,,,0.4,1.0,1.0,,,,,,,,,,,,,,,,,,,1610612760,2017,2016-17,True
203460-203500-203506-203902-203924,1610612760,"Andre Roberson, Steven Adams, Victor Oladipo, Semaj Christon, Jerami Grant","Roberson, Adams, Oladipo, Christon, Grant",203460-203500-203506-203902-203924,OKC,36.0,1,1.0,2.0,1.0,3.0,1.0,1.0,1.0,1.0,2.0,2.0,,,,2.0,1.0,1.0,1.0,120.0,10.0,10.0,1.0,1.0,1.0,1.0,0.6538,1.2,2.0,,,,,,,,,,,,1.0,2.0,,2.0,,,,,,,,,,,1.0,,1.0,,,,1.0,,,13.0,13.0,,,,,,,,,,,,,,,,,,,,,,,,,,,,,,,,,,,,,1.0,,,,,,,,,,1.0,,1.0,,,,,,,,,,,,,,,,,,,,,,,,,,,,,,,,,,,,,,,,,,,,,,,,,,,,,,,,,,,,,,,,,,,,,,,,,,,,,,,,,,,,,,,,,,,,,,,,,,,,,,,,,,,,1610612760,2017,2016-17,True
203460-203500-203518-203902-203924,1610612760,"Andre Roberson, Steven Adams, Alex Abrines, Semaj Christon, Jerami Grant","Roberson, Adams, Abrines, Christon, Grant",203460-203500-203518-203902-203924,OKC,54.0,1,1.0,2.0,2.0,4.0,,1.0,,1.0,3.0,,,,,1.0,,,0.5,106.66666666666666,9.0,8.0,1.0,,,1.0,0.3861,2.9,2.0,1.0,,,,,3.0,,,2.0,1.0,1.0,1.0,2.0,1.0,3.0,2.0,4.0,1.0,,,,,1.0,1.0,1.0,1.0,1.0,1.0,1.0,1.0,,,,,18.0,9.0,,,,,,,0.5,0.5,0.6666666666666666,2.0,,,2.0,1.0,1.0,,,,,,,2.0,,,,,,1.0,2.0,,1.0,,3.0,,,,1.0,,1.0,3.0,,,,,0.5,,1.0,,1.0,,,,,,0.3861,1.0,,,,1.0,,,,,,,,,,,,3.0,,,,,,,,,,,,,,,,,,,,,,,,,,,,,,,,,1.0,1.0,1.0,,,,,,,,,,,,,,,,,,,,,,,,,,,,,1.0,,,,,,,,,,,,,,,,,,,,,1610612760,2017,2016-17,True
203460-203506-203518-203924-203926,1610612760,"Andre Roberson, Victor Oladipo, Alex Abrines, Jerami Grant, Doug McDermott","Roberson, Oladipo, Abrines, Grant, McDermott",203460-203506-203518-203924-203926,OKC,63.0,1,1.0,5.0,2.0,4.0,1.0,1.0,1.0,1.0,5.0,2.0,2.0,,2.0,5.0,1.0,1.25,1.25,91.42857142857143,15.0,15.0,0.5,1.0,1.0,1.0,0.57965,0.5,2.0,,,,,,,,,,,,2.0,2.0,,2.0,,,,2.0,2.0,,,,,,1.0,,1.0,,,,1.0,,1.0,16.5,16.5,,,,,,,,,,,,,,,,,,,,,,,1.0,1.0,,1.0,1.0,,,,,,,3.0,1.0,1.0,,,,,1.0,1.0,,,,0.5,,,,0.5,1.0,1.0,,1.0,,,26.1,,,,,,,,,,,,,,,,,,,,,,,,,,,,,,,,,,,,,,,,,,,,,,,,,,,,,,,,,,,,,,,,,,,,,,,,,,,,,,,,,,,,,,,,,,,,,,,,,,,,1610612760,2017,2016-17,True
