PLAYER_ID,overall_def_PLAYER_NAME,overall_def_PLAYER_LAST_TEAM_ID,overall_def_PLAYER_LAST_TEAM_ABBREVIATION,overall_def_PLAYER_POSITION,overall_def_AGE,overall_def_GP,overall_def_G,overall_def_FREQ,overall_def_D_FGM,overall_def_D_FGA,overall_def_D_FG_PCT,overall_def_NORMAL_FG_PCT,overall_def_PCT_PLUSMINUS,three_pt_def_PLAYER_NAME,three_pt_def_PLAYER_LAST_TEAM_ID,three_pt_def_PLAYER_LAST_TEAM_ABBREVIATION,three_pt_def_PLAYER_POSITION,three_pt_def_AGE,three_pt_def_GP,three_pt_def_G,three_pt_def_FREQ,three_pt_def_FG3M,three_pt_def_FG3A,three_pt_def_FG3_PCT,three_pt_def_NS_FG3_PCT,three_pt_def_PLUSMINUS,two_pt_def_PLAYER_NAME,two_pt_def_PLAYER_LAST_TEAM_ID,two_pt_def_PLAYER_LAST_TEAM_ABBREVIATION,two_pt_def_PLAYER_POSITION,two_pt_def_AGE,two_pt_def_GP,two_pt_def_G,two_pt_def_FREQ,two_pt_def_FG2M,two_pt_def_FG2A,two_pt_def_FG2_PCT,two_pt_def_NS_FG2_PCT,two_pt_def_PLUSMINUS,less_6ft_def_PLAYER_NAME,less_6ft_def_PLAYER_LAST_TEAM_ID,less_6ft_def_PLAYER_LAST_TEAM_ABBREVIATION,less_6ft_def_PLAYER_POSITION,less_6ft_def_AGE,less_6ft_def_GP,less_6ft_def_G,less_6ft_def_FREQ,less_6ft_def_FGM_LT_06,less_6ft_def_FGA_LT_06,less_6ft_def_LT_06_PCT,less_6ft_def_NS_LT_06_PCT,less_6ft_def_PLUSMINUS,less_10ft_def_PLAYER_NAME,less_10ft_def_PLAYER_LAST_TEAM_ID,less_10ft_def_PLAYER_LAST_TEAM_ABBREVIATION,less_10ft_def_PLAYER_POSITION,less_10ft_def_AGE,less_10ft_def_GP,less_10ft_def_G,less_10ft_def_FREQ,less_10ft_def_FGM_LT_10,less_10ft_def_FGA_LT_10,less_10ft_def_LT_10_PCT,less_10ft_def_NS_LT_10_PCT,less_10ft_def_PLUSMINUS,more_15ft_def_PLAYER_NAME,more_15ft_def_PLAYER_LAST_TEAM_ID,more_15ft_def_PLAYER_LAST_TEAM_ABBREVIATION,more_15ft_def_PLAYER_POSITION,more_15ft_def_AGE,more_15ft_def_GP,more_15ft_def_G,more_15ft_def_FREQ,more_15ft_def_FGM_GT_15,more_15ft_def_FGA_GT_15,more_15ft_def_GT_15_PCT,more_15ft_def_NS_GT_15_PCT,more_15ft_def_PLUSMINUS,hustle_PLAYER_NAME,hustle_TEAM_ID,hustle_TEAM_ABBREVIATION,hustle_AGE,hustle_G,hustle_MIN,hustle_CONTESTED_SHOTS,hustle_CONTESTED_SHOTS_2PT,hustle_CONTESTED_SHOTS_3PT,hustle_DEFLECTIONS,hustle_CHARGES_DRAWN,hustle_SCREEN_ASSISTS,hustle_SCREEN_AST_PTS,hustle_OFF_LOOSE_BALLS_RECOVERED,hustle_DEF_LOOSE_BALLS_RECOVERED,hustle_LOOSE_BALLS_RECOVERED,hustle_PCT_LOOSE_BALLS_RECOVERED_OFF,hustle_PCT_LOOSE_BALLS_RECOVERED_DEF,hustle_OFF_BOXOUTS,hustle_DEF_BOXOUTS,hustle_BOX_OUTS,hustle_BOX_OUT_PLAYER_TEAM_REBS,hustle_BOX_OUT_PLAYER_REBS,hustle_PCT_BOX_OUTS_OFF,hustle_PCT_BOX_OUTS_DEF,hustle_PCT_BOX_OUTS_TEAM_REB,hustle_PCT_BOX_OUTS_REB,post_touch_PLAYER_NAME,post_touch_TEAM_ID,post_touch_TEAM_ABBREVIATION,post_touch_GP,post_touch_W,post_touch_L,post_touch_MIN,post_touch_TOUCHES,post_touch_POST_TOUCHES,post_touch_POST_TOUCH_FGM,post_touch_POST_TOUCH_FGA,post_touch_POST_TOUCH_FG_PCT,post_touch_POST_TOUCH_FTM,post_touch_POST_TOUCH_FTA,post_touch_POST_TOUCH_FT_PCT,post_touch_POST_TOUCH_PTS,post_touch_POST_TOUCH_PTS_PCT,post_touch_POST_TOUCH_PASSES,post_touch_POST_TOUCH_PASSES_PCT,post_touch_POST_TOUCH_AST,post_touch_POST_TOUCH_AST_PCT,post_touch_POST_TOUCH_TOV,post_touch_POST_TOUCH_TOV_PCT,post_touch_POST_TOUCH_FOULS,post_touch_POST_TOUCH_FOULS_PCT,speed_distance_PLAYER_NAME,speed_distance_TEAM_ID,speed_distance_TEAM_ABBREVIATION,speed_distance_GP,speed_distance_W,speed_distance_L,speed_distance_MIN,speed_distance_MIN1,speed_distance_DIST_FEET,speed_distance_DIST_MILES,speed_distance_DIST_MILES_OFF,speed_distance_DIST_MILES_DEF,speed_distance_AVG_SPEED,speed_distance_AVG_SPEED_OFF,speed_distance_AVG_SPEED_DEF,date,season
201143,Al Horford,1610612738.0,BOS,C-F,33.0,1.0,1.0,1.0,11.0,23.0,0.478,0.482,-0.004,Al Horford,1610612738.0,BOS,C-F,33.0,1.0,1.0,0.348,2.0,8.0,0.25,0.346,-0.096,Al Horford,1610612738.0,BOS,C-F,33.0,1.0,1.0,0.652,9.0,15.0,0.6,0.537,0.063,Al Horford,1610612738.0,BOS,C-F,33.0,1.0,1.0,0.348,4.0,8.0,0.5,0.584,-0.084,Al Horford,1610612738.0,BOS,C-F,33.0,1.0,1.0,0.522,8.0,12.0,0.667,0.573,0.094,Al Horford,1610612738.0,BOS,C-F,33.0,1.0,1.0,0.435,3.0,10.0,0.3,0.367,-0.067,Al Horford,1610612738.0,BOS,33.0,1.0,32.7,20.0,16.0,4.0,0.0,0.0,5.0,11.0,1.0,0.0,1.0,1.0,0.0,0.0,14.0,14.0,7.0,0.0,0.0,1.0,0.875,0.0,Al Horford,1610612738,BOS,1,1,0,32.7,55.0,3.0,1.0,3.0,0.333,0.0,0.0,0.0,2.0,0.667,0.0,0.0,0.0,0.0,0.0,0.0,0.0,0.0,Al Horford,1610612738,BOS,1,1,0,32.72,32.72,11748.0,2.23,1.11,1.12,3.82,4.33,3.41,20181108,2018_19
203477,Isaiah Canaan,1610612749.0,MIL,G,28.0,1.0,1.0,1.0,9.0,22.0,0.409,0.471,-0.062,Isaiah Canaan,1610612749.0,MIL,G,28.0,1.0,1.0,0.455,6.0,10.0,0.6,0.378,0.222,Isaiah Canaan,1610612749.0,MIL,G,28.0,1.0,1.0,0.545,3.0,12.0,0.25,0.519,-0.269,Isaiah Canaan,1610612749.0,MIL,G,28.0,1.0,1.0,0.318,3.0,7.0,0.429,0.602,-0.173,Isaiah Canaan,1610612749.0,MIL,G,28.0,1.0,1.0,0.318,3.0,7.0,0.429,0.575,-0.146,Isaiah Canaan,1610612749.0,MIL,G,28.0,1.0,1.0,0.455,6.0,10.0,0.6,0.411,0.189,Isaiah Canaan,1610612749.0,MIL,28.0,1.0,41.9,5.0,2.0,3.0,2.0,0.0,1.0,2.0,1.0,0.0,1.0,1.0,0.0,0.0,3.0,3.0,3.0,0.0,0.0,1.0,1.0,0.0,Isaiah Canaan,1610612749,MIL,1,0,1,41.9,90.0,0.0,0.0,0.0,0.0,0.0,0.0,0.0,0.0,0.0,0.0,0.0,0.0,0.0,0.0,0.0,0.0,0.0,Isaiah Canaan,1610612749,MIL,1,0,1,41.9,41.9,15559.0,2.95,1.71,1.24,3.93,4.09,3.73,20181108,2018_19
1628983,Shai Gilgeous-Alexander,1610612746.0,LAC,G,20.0,1.0,1.0,1.0,8.0,20.0,0.4,0.444,-0.044,Shai Gilgeous-Alexander,1610612746.0,LAC,G,20.0,1.0,1.0,0.35,3.0,7.0,0.429,0.361,0.067,Shai Gilgeous-Alexander,1610612746.0,LAC,G,20.0,1.0,1.0,0.65,5.0,13.0,0.385,0.493,-0.108,Shai Gilgeous-Alexander,1610612746.0,LAC,G,20.0,1.0,1.0,0.2,0.0,4.0,0.0,0.55,-0.55,Shai Gilgeous-Alexander,1610612746.0,LAC,G,20.0,1.0,1.0,0.35,1.0,7.0,0.143,0.512,-0.369,Shai Gilgeous-Alexander,1610612746.0,LAC,G,20.0,1.0,1.0,0.55,7.0,11.0,0.636,0.399,0.238,Shai Gilgeous-Alexander,1610612746.0,LAC,20.0,1.0,35.4,16.0,11.0,5.0,2.0,0.0,0.0,0.0,0.0,1.0,1.0,0.0,1.0,0.0,2.0,2.0,1.0,0.0,0.0,1.0,1.0,0.0,Shai Gilgeous-Alexander,1610612746,LAC,1,0,1,35.4,62.0,0.0,0.0,0.0,0.0,0.0,0.0,0.0,0.0,0.0,0.0,0.0,0.0,0.0,0.0,0.0,0.0,0.0,Shai Gilgeous-Alexander,1610612746,LAC,1,0,1,35.35,35.35,15163.0,2.87,1.41,1.47,4.57,4.62,4.53,20181108,2018_19
1626149,Montrezl Harrell,1610612746.0,LAC,F-C,25.0,1.0,1.0,1.0,10.0,19.0,0.526,0.434,0.093,Montrezl Harrell,1610612746.0,LAC,F-C,25.0,1.0,1.0,0.263,2.0,5.0,0.4,0.389,0.011,Montrezl Harrell,1610612746.0,LAC,F-C,25.0,1.0,1.0,0.737,8.0,14.0,0.571,0.461,0.11,Montrezl Harrell,1610612746.0,LAC,F-C,25.0,1.0,1.0,0.368,5.0,7.0,0.714,0.558,0.156,Montrezl Harrell,1610612746.0,LAC,F-C,25.0,1.0,1.0,0.368,5.0,7.0,0.714,0.535,0.18,Montrezl Harrell,1610612746.0,LAC,F-C,25.0,1.0,1.0,0.526,5.0,10.0,0.5,0.409,0.091,Montrezl Harrell,1610612746.0,LAC,25.0,1.0,25.0,15.0,11.0,4.0,1.0,0.0,3.0,6.0,1.0,0.0,1.0,1.0,0.0,0.0,9.0,9.0,3.0,1.0,0.0,1.0,0.75,0.25,Montrezl Harrell,1610612746,LAC,1,0,1,25.0,50.0,3.0,1.0,1.0,1.0,0.0,0.0,0.0,2.0,0.667,2.0,0.667,1.0,0.333,0.0,0.0,0.0,0.0,Montrezl Harrell,1610612746,LAC,1,0,1,25.03,25.03,9551.0,1.81,0.91,0.9,3.98,4.24,3.75,20181108,2018_19
203500,Steven Adams,1610612760.0,OKC,C,25.0,1.0,1.0,1.0,7.0,19.0,0.368,0.472,-0.103,Steven Adams,1610612760.0,OKC,C,25.0,1.0,1.0,0.421,1.0,8.0,0.125,0.337,-0.212,Steven Adams,1610612760.0,OKC,C,25.0,1.0,1.0,0.579,6.0,11.0,0.545,0.587,-0.042,Steven Adams,1610612760.0,OKC,C,25.0,1.0,1.0,0.474,5.0,9.0,0.556,0.636,-0.08,Steven Adams,1610612760.0,OKC,C,25.0,1.0,1.0,0.474,5.0,9.0,0.556,0.615,-0.06,Steven Adams,1610612760.0,OKC,C,25.0,1.0,1.0,0.421,1.0,8.0,0.125,0.343,-0.218,Steven Adams,1610612760.0,OKC,25.0,1.0,32.3,13.0,6.0,7.0,2.0,0.0,5.0,11.0,1.0,0.0,1.0,1.0,0.0,5.0,5.0,10.0,5.0,3.0,0.5,0.5,1.0,0.6,Steven Adams,1610612760,OKC,1,1,0,32.3,55.0,19.0,4.0,9.0,0.444,3.0,6.0,0.5,11.0,0.579,4.0,0.211,1.0,0.053,1.0,0.053,3.0,0.158,Steven Adams,1610612760,OKC,1,1,0,32.28,32.28,11853.0,2.24,1.18,1.07,3.82,4.13,3.86,20181108,2018_19
202323,Evan Turner,1610612757.0,POR,G-F,30.0,1.0,1.0,1.0,10.0,19.0,0.526,0.481,0.045,Evan Turner,1610612757.0,POR,G-F,30.0,1.0,1.0,0.263,1.0,5.0,0.2,0.371,-0.171,Evan Turner,1610612757.0,POR,G-F,30.0,1.0,1.0,0.737,9.0,14.0,0.643,0.516,0.127,Evan Turner,1610612757.0,POR,G-F,30.0,1.0,1.0,0.474,6.0,9.0,0.667,0.607,0.06,Evan Turner,1610612757.0,POR,G-F,30.0,1.0,1.0,0.579,8.0,11.0,0.727,0.568,0.159,Evan Turner,1610612757.0,POR,G-F,30.0,1.0,1.0,0.421,2.0,8.0,0.25,0.376,-0.126,Evan Turner,1610612757.0,POR,30.0,1.0,29.5,8.0,4.0,4.0,2.0,0.0,0.0,0.0,1.0,0.0,1.0,1.0,0.0,0.0,1.0,1.0,0.0,0.0,0.0,1.0,0.0,0.0,Evan Turner,1610612757,POR,1,1,0,29.5,55.0,2.0,1.0,1.0,1.0,0.0,0.0,0.0,2.0,1.0,1.0,0.5,0.0,0.0,0.0,0.0,0.0,0.0,Evan Turner,1610612757,POR,1,1,0,29.45,29.45,10864.0,2.06,1.16,0.9,3.94,4.12,3.72,20181108,2018_19
202691,Klay Thompson,1610612744.0,GSW,G,29.0,1.0,1.0,1.0,7.0,17.0,0.412,0.475,-0.063,Klay Thompson,1610612744.0,GSW,G,29.0,1.0,1.0,0.176,0.0,3.0,0.0,0.398,-0.398,Klay Thompson,1610612744.0,GSW,G,29.0,1.0,1.0,0.824,7.0,14.0,0.5,0.576,-0.076,Klay Thompson,1610612744.0,GSW,G,29.0,1.0,1.0,0.765,7.0,13.0,0.538,0.644,-0.105,Klay Thompson,1610612744.0,GSW,G,29.0,1.0,1.0,0.824,7.0,14.0,0.5,0.613,-0.113,Klay Thompson,1610612744.0,GSW,G,29.0,1.0,1.0,0.176,0.0,3.0,0.0,0.4,-0.4,Klay Thompson,1610612744.0,GSW,29.0,1.0,33.3,9.0,7.0,2.0,2.0,0.0,0.0,0.0,1.0,0.0,1.0,1.0,0.0,1.0,0.0,1.0,1.0,1.0,1.0,0.0,1.0,1.0,Klay Thompson,1610612744,GSW,1,0,1,33.3,40.0,2.0,1.0,1.0,1.0,1.0,2.0,0.5,3.0,1.5,0.0,0.0,0.0,0.0,0.0,0.0,1.0,0.5,Klay Thompson,1610612744,GSW,1,0,1,33.28,33.28,13529.0,2.56,1.42,1.14,4.38,4.72,3.71,20181108,2018_19
1629028,Deandre Ayton,1610612756.0,PHX,C,20.0,1.0,1.0,1.0,7.0,16.0,0.438,0.467,-0.029,Deandre Ayton,1610612756.0,PHX,C,20.0,1.0,1.0,0.313,1.0,5.0,0.2,0.388,-0.188,Deandre Ayton,1610612756.0,PHX,C,20.0,1.0,1.0,0.688,6.0,11.0,0.545,0.518,0.028,Deandre Ayton,1610612756.0,PHX,C,20.0,1.0,1.0,0.5,5.0,8.0,0.625,0.603,0.022,Deandre Ayton,1610612756.0,PHX,C,20.0,1.0,1.0,0.5,5.0,8.0,0.625,0.575,0.05,Deandre Ayton,1610612756.0,PHX,C,20.0,1.0,1.0,0.438,1.0,7.0,0.143,0.396,-0.254,Deandre Ayton,1610612756.0,PHX,20.0,1.0,38.3,12.0,10.0,2.0,0.0,0.0,8.0,19.0,0.0,2.0,2.0,0.0,1.0,0.0,8.0,8.0,2.0,1.0,0.0,1.0,1.0,0.5,Deandre Ayton,1610612756,PHX,1,0,1,38.3,65.0,7.0,1.0,2.0,0.5,0.0,0.0,0.0,2.0,0.286,4.0,0.571,0.0,0.0,0.0,0.0,0.0,0.0,Deandre Ayton,1610612756,PHX,1,0,1,38.3,38.3,13869.0,2.63,1.53,1.1,3.85,3.93,3.75,20181108,2018_19
203933,T.J. Warren,1610612756.0,PHX,F,25.0,1.0,1.0,1.0,6.0,16.0,0.375,0.473,-0.098,T.J. Warren,1610612756.0,PHX,F,25.0,1.0,1.0,0.438,3.0,7.0,0.429,0.357,0.072,T.J. Warren,1610612756.0,PHX,F,25.0,1.0,1.0,0.563,3.0,9.0,0.333,0.547,-0.214,T.J. Warren,1610612756.0,PHX,F,25.0,1.0,1.0,0.313,2.0,5.0,0.4,0.607,-0.207,T.J. Warren,1610612756.0,PHX,F,25.0,1.0,1.0,0.438,2.0,7.0,0.286,0.584,-0.298,T.J. Warren,1610612756.0,PHX,F,25.0,1.0,1.0,0.563,4.0,9.0,0.444,0.378,0.066,T.J. Warren,1610612756.0,PHX,25.0,1.0,41.7,15.0,8.0,7.0,4.0,0.0,2.0,4.0,0.0,3.0,3.0,0.0,1.0,0.0,6.0,6.0,1.0,0.0,0.0,1.0,1.0,0.0,T.J. Warren,1610612756,PHX,1,0,1,41.7,75.0,0.0,0.0,0.0,0.0,0.0,0.0,0.0,0.0,0.0,0.0,0.0,0.0,0.0,0.0,0.0,0.0,0.0,T.J. Warren,1610612756,PHX,1,0,1,41.7,41.7,16470.0,3.12,1.77,1.35,4.19,4.38,3.96,20181108,2018_19
201976,Patrick Beverley,1610612746.0,LAC,G,30.0,1.0,1.0,1.0,5.0,15.0,0.333,0.455,-0.121,Patrick Beverley,1610612746.0,LAC,G,30.0,1.0,1.0,0.2,0.0,3.0,0.0,0.361,-0.361,Patrick Beverley,1610612746.0,LAC,G,30.0,1.0,1.0,0.8,5.0,12.0,0.417,0.507,-0.09,Patrick Beverley,1610612746.0,LAC,G,30.0,1.0,1.0,0.4,4.0,6.0,0.667,0.562,0.105,Patrick Beverley,1610612746.0,LAC,G,30.0,1.0,1.0,0.467,4.0,7.0,0.571,0.553,0.019,Patrick Beverley,1610612746.0,LAC,G,30.0,1.0,1.0,0.333,0.0,5.0,0.0,0.395,-0.395,Patrick Beverley,1610612746.0,LAC,30.0,1.0,35.3,8.0,5.0,3.0,1.0,0.0,0.0,0.0,0.0,2.0,2.0,0.0,1.0,0.0,0.0,0.0,0.0,0.0,0.0,0.0,0.0,0.0,Patrick Beverley,1610612746,LAC,1,0,1,35.3,40.0,0.0,0.0,0.0,0.0,0.0,0.0,0.0,0.0,0.0,0.0,0.0,0.0,0.0,0.0,0.0,0.0,0.0,Patrick Beverley,1610612746,LAC,1,0,1,35.28,35.28,14273.0,2.7,1.35,1.35,4.27,4.78,4.13,20181108,2018_19
203994,Jusuf Nurkić,1610612757.0,POR,C,24.0,1.0,1.0,1.0,4.0,15.0,0.267,0.488,-0.221,Jusuf Nurkić,1610612757.0,POR,C,24.0,1.0,1.0,0.2,2.0,3.0,0.667,0.419,0.248,Jusuf Nurkić,1610612757.0,POR,C,24.0,1.0,1.0,0.8,2.0,12.0,0.167,0.523,-0.357,Jusuf Nurkić,1610612757.0,POR,C,24.0,1.0,1.0,0.4,0.0,6.0,0.0,0.631,-0.631,Jusuf Nurkić,1610612757.0,POR,C,24.0,1.0,1.0,0.533,0.0,8.0,0.0,0.594,-0.594,Jusuf Nurkić,1610612757.0,POR,C,24.0,1.0,1.0,0.4,4.0,6.0,0.667,0.4,0.266,Jusuf Nurkić,1610612757.0,POR,24.0,1.0,23.3,18.0,16.0,2.0,0.0,0.0,6.0,14.0,0.0,0.0,0.0,0.0,0.0,1.0,7.0,8.0,3.0,2.0,0.125,0.875,0.75,0.5,Jusuf Nurkić,1610612757,POR,1,1,0,23.3,53.0,5.0,1.0,4.0,0.25,0.0,0.0,0.0,2.0,0.4,1.0,0.2,0.0,0.0,0.0,0.0,0.0,0.0,Jusuf Nurkić,1610612757,POR,1,1,0,23.27,23.27,9090.0,1.72,0.99,0.73,4.13,4.7,3.51,20181108,2018_19
203991,Clint Capela,1610612745.0,HOU,C,25.0,1.0,1.0,1.0,10.0,15.0,0.667,0.457,0.209,Clint Capela,1610612745.0,HOU,C,25.0,1.0,1.0,0.067,0.0,1.0,0.0,0.319,-0.319,Clint Capela,1610612745.0,HOU,C,25.0,1.0,1.0,0.933,10.0,14.0,0.714,0.505,0.21,Clint Capela,1610612745.0,HOU,C,25.0,1.0,1.0,0.6,7.0,9.0,0.778,0.568,0.209,Clint Capela,1610612745.0,HOU,C,25.0,1.0,1.0,0.6,7.0,9.0,0.778,0.541,0.237,Clint Capela,1610612745.0,HOU,C,25.0,1.0,1.0,0.4,3.0,6.0,0.5,0.383,0.117,Clint Capela,1610612745.0,HOU,25.0,1.0,33.8,11.0,10.0,1.0,1.0,0.0,0.0,0.0,0.0,1.0,1.0,0.0,1.0,0.0,11.0,11.0,3.0,1.0,0.0,1.0,1.0,0.333,Clint Capela,1610612745,HOU,1,0,1,33.8,57.0,1.0,0.0,1.0,0.0,0.0,0.0,0.0,0.0,0.0,0.0,0.0,0.0,0.0,0.0,0.0,0.0,0.0,Clint Capela,1610612745,HOU,1,0,1,33.77,33.77,12444.0,2.36,1.25,1.11,3.99,4.04,3.6,20181108,2018_19
203471,Dennis Schröder,1610612760.0,OKC,G,25.0,1.0,1.0,1.0,5.0,14.0,0.357,0.487,-0.13,Dennis Schröder,1610612760.0,OKC,G,25.0,1.0,1.0,0.143,0.0,2.0,0.0,0.36,-0.36,Dennis Schröder,1610612760.0,OKC,G,25.0,1.0,1.0,0.857,5.0,12.0,0.417,0.549,-0.133,Dennis Schröder,1610612760.0,OKC,G,25.0,1.0,1.0,0.5,2.0,7.0,0.286,0.614,-0.329,Dennis Schröder,1610612760.0,OKC,G,25.0,1.0,1.0,0.643,3.0,9.0,0.333,0.575,-0.242,Dennis Schröder,1610612760.0,OKC,G,25.0,1.0,1.0,0.214,0.0,3.0,0.0,0.363,-0.363,Dennis Schröder,1610612760.0,OKC,25.0,1.0,33.7,10.0,9.0,1.0,0.0,0.0,0.0,0.0,0.0,1.0,1.0,0.0,1.0,0.0,1.0,1.0,0.0,0.0,0.0,1.0,0.0,0.0,Dennis Schröder,1610612760,OKC,1,1,0,33.7,80.0,0.0,0.0,0.0,0.0,0.0,0.0,0.0,0.0,0.0,0.0,0.0,0.0,0.0,0.0,0.0,0.0,0.0,Dennis Schröder,1610612760,OKC,1,1,0,33.72,33.72,12343.0,2.34,1.31,1.03,3.82,4.32,3.32,20181108,2018_19
1627759,Jaylen Brown,1610612738.0,BOS,G,22.0,1.0,1.0,1.0,6.0,14.0,0.429,0.446,-0.018,Jaylen Brown,1610612738.0,BOS,G,22.0,1.0,1.0,0.5,3.0,7.0,0.429,0.318,0.11,Jaylen Brown,1610612738.0,BOS,G,22.0,1.0,1.0,0.5,3.0,7.0,0.429,0.522,-0.094,Jaylen Brown,1610612738.0,BOS,G,22.0,1.0,1.0,0.143,1.0,2.0,0.5,0.622,-0.122,Jaylen Brown,1610612738.0,BOS,G,22.0,1.0,1.0,0.286,2.0,4.0,0.5,0.536,-0.036,Jaylen Brown,1610612738.0,BOS,G,22.0,1.0,1.0,0.643,4.0,9.0,0.444,0.353,0.091,Jaylen Brown,1610612738.0,BOS,22.0,1.0,38.6,8.0,4.0,4.0,0.0,0.0,0.0,0.0,0.0,0.0,0.0,0.0,0.0,1.0,2.0,3.0,1.0,1.0,0.333,0.667,1.0,1.0,Jaylen Brown,1610612738,BOS,1,1,0,38.6,32.0,2.0,1.0,2.0,0.5,0.0,0.0,0.0,2.0,1.0,0.0,0.0,0.0,0.0,0.0,0.0,0.0,0.0,Jaylen Brown,1610612738,BOS,1,1,0,38.62,38.62,15686.0,2.97,1.37,1.6,4.38,4.81,4.07,20181108,2018_19
1627745,Damian Jones,1610612744.0,GSW,C,24.0,1.0,1.0,1.0,6.0,14.0,0.429,0.455,-0.026,Damian Jones,1610612744.0,GSW,C,24.0,1.0,1.0,0.214,0.0,3.0,0.0,0.377,-0.377,Damian Jones,1610612744.0,GSW,C,24.0,1.0,1.0,0.786,6.0,11.0,0.545,0.55,-0.005,Damian Jones,1610612744.0,GSW,C,24.0,1.0,1.0,0.5,4.0,7.0,0.571,0.629,-0.058,Damian Jones,1610612744.0,GSW,C,24.0,1.0,1.0,0.643,5.0,9.0,0.556,0.609,-0.053,Damian Jones,1610612744.0,GSW,C,24.0,1.0,1.0,0.286,0.0,4.0,0.0,0.359,-0.359,Damian Jones,1610612744.0,GSW,24.0,1.0,23.3,12.0,8.0,4.0,3.0,0.0,3.0,7.0,1.0,0.0,1.0,1.0,0.0,0.0,2.0,2.0,0.0,0.0,0.0,1.0,0.0,0.0,Damian Jones,1610612744,GSW,1,0,1,23.3,33.0,0.0,0.0,0.0,0.0,0.0,0.0,0.0,0.0,0.0,0.0,0.0,0.0,0.0,0.0,0.0,0.0,0.0,Damian Jones,1610612744,GSW,1,0,1,23.3,23.3,9891.0,1.87,0.95,0.93,4.63,4.38,4.37,20181108,2018_19
203114,Khris Middleton,1610612749.0,MIL,F,27.0,1.0,1.0,1.0,6.0,14.0,0.429,0.517,-0.089,Khris Middleton,1610612749.0,MIL,F,27.0,1.0,1.0,0.071,0.0,1.0,0.0,0.347,-0.347,Khris Middleton,1610612749.0,MIL,F,27.0,1.0,1.0,0.929,6.0,13.0,0.462,0.573,-0.111,Khris Middleton,1610612749.0,MIL,F,27.0,1.0,1.0,0.286,1.0,4.0,0.25,0.676,-0.426,Khris Middleton,1610612749.0,MIL,F,27.0,1.0,1.0,0.429,2.0,6.0,0.333,0.638,-0.305,Khris Middleton,1610612749.0,MIL,F,27.0,1.0,1.0,0.357,2.0,5.0,0.4,0.41,-0.01,Khris Middleton,1610612749.0,MIL,27.0,1.0,28.9,6.0,5.0,1.0,4.0,0.0,0.0,0.0,0.0,2.0,2.0,0.0,1.0,0.0,3.0,3.0,1.0,0.0,0.0,1.0,0.5,0.0,Khris Middleton,1610612749,MIL,1,1,0,28.9,52.0,1.0,0.0,1.0,0.0,0.0,0.0,0.0,0.0,0.0,0.0,0.0,0.0,0.0,0.0,0.0,0.0,0.0,Khris Middleton,1610612749,MIL,1,1,0,28.92,28.92,11756.0,2.23,1.17,1.05,4.26,4.64,4.28,20181108,2018_19
1628395,Jordan Bell,1610612744.0,GSW,F,24.0,1.0,1.0,1.0,7.0,13.0,0.538,0.484,0.055,Jordan Bell,1610612744.0,GSW,F,24.0,1.0,1.0,0.231,2.0,3.0,0.667,0.356,0.31,Jordan Bell,1610612744.0,GSW,F,24.0,1.0,1.0,0.769,5.0,10.0,0.5,0.566,-0.066,Jordan Bell,1610612744.0,GSW,F,24.0,1.0,1.0,0.462,4.0,6.0,0.667,0.662,0.005,Jordan Bell,1610612744.0,GSW,F,24.0,1.0,1.0,0.538,4.0,7.0,0.571,0.615,-0.044,Jordan Bell,1610612744.0,GSW,F,24.0,1.0,1.0,0.308,2.0,4.0,0.5,0.341,0.159,Jordan Bell,1610612744.0,GSW,24.0,1.0,21.6,12.0,9.0,3.0,2.0,0.0,1.0,2.0,0.0,0.0,0.0,0.0,0.0,0.0,1.0,1.0,0.0,0.0,0.0,1.0,0.0,0.0,Jordan Bell,1610612744,GSW,1,0,1,21.6,43.0,2.0,0.0,0.0,0.0,0.0,0.0,0.0,0.0,0.0,2.0,1.0,1.0,0.5,0.0,0.0,0.0,0.0,Jordan Bell,1610612744,GSW,1,0,1,21.6,21.6,8652.0,1.64,0.84,0.8,4.22,4.49,3.99,20181108,2018_19
1626164,Devin Booker,1610612756.0,PHX,G,22.0,1.0,1.0,1.0,6.0,13.0,0.462,0.452,0.01,Devin Booker,1610612756.0,PHX,G,22.0,1.0,1.0,0.154,0.0,2.0,0.0,0.344,-0.344,Devin Booker,1610612756.0,PHX,G,22.0,1.0,1.0,0.846,6.0,11.0,0.545,0.518,0.027,Devin Booker,1610612756.0,PHX,G,22.0,1.0,1.0,0.692,6.0,9.0,0.667,0.605,0.061,Devin Booker,1610612756.0,PHX,G,22.0,1.0,1.0,0.769,6.0,10.0,0.6,0.571,0.029,Devin Booker,1610612756.0,PHX,G,22.0,1.0,1.0,0.154,0.0,2.0,0.0,0.341,-0.341,Devin Booker,1610612756.0,PHX,22.0,1.0,42.7,5.0,4.0,1.0,1.0,0.0,1.0,3.0,0.0,1.0,1.0,0.0,1.0,0.0,5.0,5.0,2.0,0.0,0.0,1.0,1.0,0.0,Devin Booker,1610612756,PHX,1,0,1,42.7,93.0,2.0,2.0,2.0,1.0,0.0,0.0,0.0,5.0,2.5,0.0,0.0,0.0,0.0,0.0,0.0,0.0,0.0,Devin Booker,1610612756,PHX,1,0,1,42.67,42.67,15926.0,3.02,1.84,1.18,3.96,4.22,3.62,20181108,2018_19
1626172,Kevon Looney,1610612744.0,GSW,C-F,23.0,1.0,1.0,1.0,6.0,13.0,0.462,0.525,-0.064,Kevon Looney,1610612744.0,GSW,C-F,23.0,1.0,1.0,0.308,0.0,4.0,0.0,0.321,-0.321,Kevon Looney,1610612744.0,GSW,C-F,23.0,1.0,1.0,0.692,6.0,9.0,0.667,0.605,0.062,Kevon Looney,1610612744.0,GSW,C-F,23.0,1.0,1.0,0.615,6.0,8.0,0.75,0.696,0.054,Kevon Looney,1610612744.0,GSW,C-F,23.0,1.0,1.0,0.615,6.0,8.0,0.75,0.647,0.103,Kevon Looney,1610612744.0,GSW,C-F,23.0,1.0,1.0,0.308,0.0,4.0,0.0,0.334,-0.334,Kevon Looney,1610612744.0,GSW,23.0,1.0,21.3,12.0,8.0,4.0,1.0,0.0,2.0,4.0,1.0,0.0,1.0,1.0,0.0,0.0,4.0,4.0,1.0,0.0,0.0,1.0,1.0,0.0,Kevon Looney,1610612744,GSW,1,0,1,21.3,37.0,1.0,0.0,0.0,0.0,0.0,0.0,0.0,0.0,0.0,1.0,1.0,1.0,1.0,0.0,0.0,0.0,0.0,Kevon Looney,1610612744,GSW,1,0,1,21.32,21.32,9205.0,1.74,0.89,0.85,4.42,4.76,4.6,20181108,2018_19
201568,Danilo Gallinari,1610612746.0,LAC,F,30.0,1.0,1.0,1.0,6.0,12.0,0.5,0.46,0.04,Danilo Gallinari,1610612746.0,LAC,F,30.0,1.0,1.0,0.167,1.0,2.0,0.5,0.407,0.093,Danilo Gallinari,1610612746.0,LAC,F,30.0,1.0,1.0,0.833,5.0,10.0,0.5,0.497,0.003,Danilo Gallinari,1610612746.0,LAC,F,30.0,1.0,1.0,0.417,4.0,5.0,0.8,0.559,0.241,Danilo Gallinari,1610612746.0,LAC,F,30.0,1.0,1.0,0.5,4.0,6.0,0.667,0.537,0.129,Danilo Gallinari,1610612746.0,LAC,F,30.0,1.0,1.0,0.417,2.0,5.0,0.4,0.396,0.004,Danilo Gallinari,1610612746.0,LAC,30.0,1.0,30.1,8.0,7.0,1.0,1.0,0.0,3.0,6.0,1.0,0.0,1.0,1.0,0.0,0.0,4.0,4.0,0.0,0.0,0.0,1.0,0.0,0.0,Danilo Gallinari,1610612746,LAC,1,0,1,30.1,60.0,1.0,0.0,0.0,0.0,0.0,0.0,0.0,0.0,0.0,1.0,1.0,0.0,0.0,0.0,0.0,0.0,0.0,Danilo Gallinari,1610612746,LAC,1,0,1,30.08,30.08,11749.0,2.23,1.19,1.03,4.05,4.7,3.48,20181108,2018_19
203081,Damian Lillard,1610612757.0,POR,G,28.0,1.0,1.0,1.0,7.0,12.0,0.583,0.457,0.126,Damian Lillard,1610612757.0,POR,G,28.0,1.0,1.0,0.25,2.0,3.0,0.667,0.401,0.266,Damian Lillard,1610612757.0,POR,G,28.0,1.0,1.0,0.75,5.0,9.0,0.556,0.484,0.072,Damian Lillard,1610612757.0,POR,G,28.0,1.0,1.0,0.333,2.0,4.0,0.5,0.527,-0.027,Damian Lillard,1610612757.0,POR,G,28.0,1.0,1.0,0.5,3.0,6.0,0.5,0.509,-0.009,Damian Lillard,1610612757.0,POR,G,28.0,1.0,1.0,0.25,2.0,3.0,0.667,0.403,0.264,Damian Lillard,1610612757.0,POR,28.0,1.0,35.0,6.0,4.0,2.0,1.0,0.0,0.0,0.0,3.0,1.0,4.0,0.75,0.25,0.0,2.0,2.0,2.0,0.0,0.0,1.0,1.0,0.0,Damian Lillard,1610612757,POR,1,1,0,35.0,70.0,0.0,0.0,0.0,0.0,0.0,0.0,0.0,0.0,0.0,0.0,0.0,0.0,0.0,0.0,0.0,0.0,0.0,Damian Lillard,1610612757,POR,1,1,0,34.95,34.95,12849.0,2.43,1.45,0.98,3.84,4.17,3.44,20181108,2018_19
201939,Stephen Curry,1610612744.0,GSW,G,31.0,1.0,1.0,1.0,10.0,12.0,0.833,0.472,0.361,Stephen Curry,1610612744.0,GSW,G,31.0,1.0,1.0,0.25,1.0,3.0,0.333,0.349,-0.016,Stephen Curry,1610612744.0,GSW,G,31.0,1.0,1.0,0.75,9.0,9.0,1.0,0.58,0.42,Stephen Curry,1610612744.0,GSW,G,31.0,1.0,1.0,0.417,5.0,5.0,1.0,0.648,0.352,Stephen Curry,1610612744.0,GSW,G,31.0,1.0,1.0,0.667,8.0,8.0,1.0,0.61,0.391,Stephen Curry,1610612744.0,GSW,G,31.0,1.0,1.0,0.25,1.0,3.0,0.333,0.352,-0.018,Stephen Curry,1610612744.0,GSW,31.0,1.0,26.1,6.0,5.0,1.0,0.0,0.0,2.0,5.0,0.0,0.0,0.0,0.0,0.0,0.0,3.0,3.0,1.0,1.0,0.0,1.0,0.5,0.5,Stephen Curry,1610612744,GSW,1,0,1,26.1,59.0,0.0,0.0,0.0,0.0,0.0,0.0,0.0,0.0,0.0,0.0,0.0,0.0,0.0,0.0,0.0,0.0,0.0,Stephen Curry,1610612744,GSW,1,0,1,26.1,26.1,10681.0,2.02,1.15,0.88,4.28,4.75,3.83,20181108,2018_19
201572,Brook Lopez,1610612749.0,MIL,C,31.0,1.0,1.0,1.0,4.0,12.0,0.333,0.533,-0.2,Brook Lopez,1610612749.0,MIL,C,31.0,1.0,1.0,0.417,2.0,5.0,0.4,0.385,0.015,Brook Lopez,1610612749.0,MIL,C,31.0,1.0,1.0,0.583,2.0,7.0,0.286,0.603,-0.317,Brook Lopez,1610612749.0,MIL,C,31.0,1.0,1.0,0.167,1.0,2.0,0.5,0.739,-0.239,Brook Lopez,1610612749.0,MIL,C,31.0,1.0,1.0,0.167,1.0,2.0,0.5,0.743,-0.243,Brook Lopez,1610612749.0,MIL,C,31.0,1.0,1.0,0.75,3.0,9.0,0.333,0.431,-0.098,Brook Lopez,1610612749.0,MIL,31.0,1.0,21.5,12.0,6.0,6.0,2.0,0.0,1.0,2.0,0.0,0.0,0.0,0.0,0.0,1.0,12.0,13.0,3.0,3.0,0.077,0.923,0.429,0.429,Brook Lopez,1610612749,MIL,1,1,0,21.5,31.0,2.0,0.0,1.0,0.0,0.0,0.0,0.0,0.0,0.0,1.0,0.5,1.0,0.5,0.0,0.0,0.0,0.0,Brook Lopez,1610612749,MIL,1,1,0,21.5,21.5,8265.0,1.57,0.84,0.72,4.25,4.19,3.78,20181108,2018_19
101108,Chris Paul,1610612745.0,HOU,G,34.0,1.0,1.0,1.0,3.0,11.0,0.273,0.449,-0.177,Chris Paul,1610612745.0,HOU,G,34.0,1.0,1.0,0.545,0.0,6.0,0.0,0.328,-0.328,Chris Paul,1610612745.0,HOU,G,34.0,1.0,1.0,0.455,3.0,5.0,0.6,0.518,0.082,Chris Paul,1610612745.0,HOU,G,34.0,1.0,1.0,0.364,3.0,4.0,0.75,0.564,0.186,Chris Paul,1610612745.0,HOU,G,34.0,1.0,1.0,0.364,3.0,4.0,0.75,0.53,0.221,Chris Paul,1610612745.0,HOU,G,34.0,1.0,1.0,0.636,0.0,7.0,0.0,0.335,-0.335,Chris Paul,1610612745.0,HOU,34.0,1.0,36.1,4.0,1.0,3.0,5.0,0.0,0.0,0.0,1.0,3.0,4.0,0.25,0.75,0.0,3.0,3.0,2.0,0.0,0.0,1.0,1.0,0.0,Chris Paul,1610612745,HOU,1,0,1,36.1,82.0,2.0,0.0,1.0,0.0,0.0,0.0,0.0,0.0,0.0,0.0,0.0,0.0,0.0,1.0,0.5,0.0,0.0,Chris Paul,1610612745,HOU,1,0,1,36.12,36.12,12109.0,2.29,1.3,0.99,3.53,4.12,2.98,20181108,2018_19
1628035,Alfonzo McKinnie,1610612744.0,GSW,F,26.0,1.0,1.0,1.0,6.0,11.0,0.545,0.44,0.106,Alfonzo McKinnie,1610612744.0,GSW,F,26.0,1.0,1.0,0.455,0.0,5.0,0.0,0.328,-0.328,Alfonzo McKinnie,1610612744.0,GSW,F,26.0,1.0,1.0,0.545,6.0,6.0,1.0,0.591,0.409,Alfonzo McKinnie,1610612744.0,GSW,F,26.0,1.0,1.0,0.545,6.0,6.0,1.0,0.66,0.341,Alfonzo McKinnie,1610612744.0,GSW,F,26.0,1.0,1.0,0.545,6.0,6.0,1.0,0.621,0.379,Alfonzo McKinnie,1610612744.0,GSW,F,26.0,1.0,1.0,0.455,0.0,5.0,0.0,0.331,-0.331,Alfonzo McKinnie,1610612744.0,GSW,26.0,1.0,20.4,4.0,1.0,3.0,1.0,0.0,1.0,2.0,0.0,0.0,0.0,0.0,0.0,0.0,2.0,2.0,2.0,0.0,0.0,1.0,1.0,0.0,Alfonzo McKinnie,1610612744,GSW,1,0,1,20.4,33.0,0.0,0.0,0.0,0.0,0.0,0.0,0.0,0.0,0.0,0.0,0.0,0.0,0.0,0.0,0.0,0.0,0.0,Alfonzo McKinnie,1610612744,GSW,1,0,1,20.38,20.38,9278.0,1.76,0.97,0.78,4.96,5.45,4.47,20181108,2018_19
1628390,Terrance Ferguson,1610612760.0,OKC,G,21.0,1.0,1.0,1.0,3.0,11.0,0.273,0.442,-0.169,Terrance Ferguson,1610612760.0,OKC,G,21.0,1.0,1.0,0.545,2.0,6.0,0.333,0.365,-0.032,Terrance Ferguson,1610612760.0,OKC,G,21.0,1.0,1.0,0.455,1.0,5.0,0.2,0.574,-0.374,Terrance Ferguson,1610612760.0,OKC,G,21.0,1.0,1.0,0.273,0.0,3.0,0.0,0.644,-0.644,Terrance Ferguson,1610612760.0,OKC,G,21.0,1.0,1.0,0.364,1.0,4.0,0.25,0.618,-0.368,Terrance Ferguson,1610612760.0,OKC,G,21.0,1.0,1.0,0.545,2.0,6.0,0.333,0.366,-0.032,Terrance Ferguson,1610612760.0,OKC,21.0,1.0,29.9,9.0,5.0,4.0,1.0,0.0,0.0,0.0,1.0,0.0,1.0,1.0,0.0,0.0,1.0,1.0,0.0,0.0,0.0,1.0,0.0,0.0,Terrance Ferguson,1610612760,OKC,1,1,0,29.9,26.0,0.0,0.0,0.0,0.0,0.0,0.0,0.0,0.0,0.0,0.0,0.0,0.0,0.0,0.0,0.0,0.0,0.0,Terrance Ferguson,1610612760,OKC,1,1,0,29.87,29.87,11158.0,2.11,1.13,0.99,3.95,4.11,3.79,20181108,2018_19
202681,Kyrie Irving,1610612738.0,BOS,G,27.0,1.0,1.0,1.0,5.0,11.0,0.455,0.449,0.005,Kyrie Irving,1610612738.0,BOS,G,27.0,1.0,1.0,0.364,0.0,4.0,0.0,0.345,-0.345,Kyrie Irving,1610612738.0,BOS,G,27.0,1.0,1.0,0.636,5.0,7.0,0.714,0.526,0.188,Kyrie Irving,1610612738.0,BOS,G,27.0,1.0,1.0,0.273,1.0,3.0,0.333,0.556,-0.223,Kyrie Irving,1610612738.0,BOS,G,27.0,1.0,1.0,0.273,1.0,3.0,0.333,0.517,-0.184,Kyrie Irving,1610612738.0,BOS,G,27.0,1.0,1.0,0.455,1.0,5.0,0.2,0.354,-0.154,Kyrie Irving,1610612738.0,BOS,27.0,1.0,43.3,9.0,5.0,4.0,4.0,0.0,0.0,0.0,1.0,1.0,2.0,0.5,0.5,0.0,0.0,0.0,0.0,0.0,0.0,0.0,0.0,0.0,Kyrie Irving,1610612738,BOS,1,1,0,43.3,99.0,1.0,0.0,1.0,0.0,0.0,0.0,0.0,0.0,0.0,0.0,0.0,0.0,0.0,0.0,0.0,0.0,0.0,Kyrie Irving,1610612738,BOS,1,1,0,43.28,43.28,15756.0,2.98,1.58,1.41,3.93,4.68,3.32,20181108,2018_19
2546,Carmelo Anthony,1610612745.0,HOU,F,35.0,1.0,1.0,1.0,4.0,11.0,0.364,0.45,-0.087,Carmelo Anthony,1610612745.0,HOU,F,35.0,1.0,1.0,0.545,1.0,6.0,0.167,0.356,-0.189,Carmelo Anthony,1610612745.0,HOU,F,35.0,1.0,1.0,0.455,3.0,5.0,0.6,0.522,0.078,Carmelo Anthony,1610612745.0,HOU,F,35.0,1.0,1.0,0.182,1.0,2.0,0.5,0.563,-0.063,Carmelo Anthony,1610612745.0,HOU,F,35.0,1.0,1.0,0.273,1.0,3.0,0.333,0.562,-0.228,Carmelo Anthony,1610612745.0,HOU,F,35.0,1.0,1.0,0.727,3.0,8.0,0.375,0.379,-0.004,Carmelo Anthony,1610612745.0,HOU,35.0,1.0,20.4,5.0,3.0,2.0,2.0,0.0,0.0,0.0,1.0,0.0,1.0,1.0,0.0,1.0,3.0,4.0,3.0,0.0,0.25,0.75,1.0,0.0,Carmelo Anthony,1610612745,HOU,1,0,1,20.4,21.0,2.0,0.0,1.0,0.0,0.0,0.0,0.0,0.0,0.0,1.0,0.5,0.0,0.0,0.0,0.0,0.0,0.0,Carmelo Anthony,1610612745,HOU,1,0,1,20.38,20.38,6788.0,1.29,0.65,0.63,3.57,3.89,3.27,20181108,2018_19
203086,Meyers Leonard,1610612757.0,POR,F-C,27.0,1.0,1.0,1.0,4.0,11.0,0.364,0.476,-0.112,Meyers Leonard,1610612757.0,POR,F-C,27.0,1.0,1.0,0.182,0.0,2.0,0.0,0.419,-0.419,Meyers Leonard,1610612757.0,POR,F-C,27.0,1.0,1.0,0.818,4.0,9.0,0.444,0.503,-0.058,Meyers Leonard,1610612757.0,POR,F-C,27.0,1.0,1.0,0.273,2.0,3.0,0.667,0.641,0.025,Meyers Leonard,1610612757.0,POR,F-C,27.0,1.0,1.0,0.364,2.0,4.0,0.5,0.589,-0.089,Meyers Leonard,1610612757.0,POR,F-C,27.0,1.0,1.0,0.545,1.0,6.0,0.167,0.383,-0.217,Meyers Leonard,1610612757.0,POR,27.0,1.0,11.9,5.0,3.0,2.0,0.0,0.0,2.0,4.0,0.0,0.0,0.0,0.0,0.0,0.0,4.0,4.0,3.0,1.0,0.0,1.0,1.0,0.333,Meyers Leonard,1610612757,POR,1,1,0,11.9,25.0,2.0,0.0,0.0,0.0,0.0,0.0,0.0,0.0,0.0,2.0,1.0,0.0,0.0,0.0,0.0,0.0,0.0,Meyers Leonard,1610612757,POR,1,1,0,11.92,11.92,4716.0,0.89,0.49,0.4,4.12,4.32,3.91,20181108,2018_19
203935,Marcus Smart,1610612738.0,BOS,G,25.0,1.0,1.0,1.0,5.0,10.0,0.5,0.45,0.05,Marcus Smart,1610612738.0,BOS,G,25.0,1.0,1.0,0.7,3.0,7.0,0.429,0.347,0.081,Marcus Smart,1610612738.0,BOS,G,25.0,1.0,1.0,0.3,2.0,3.0,0.667,0.527,0.139,Marcus Smart,1610612738.0,BOS,G,25.0,1.0,1.0,0.1,0.0,1.0,0.0,0.627,-0.627,Marcus Smart,1610612738.0,BOS,G,25.0,1.0,1.0,0.1,0.0,1.0,0.0,0.575,-0.575,Marcus Smart,1610612738.0,BOS,G,25.0,1.0,1.0,0.8,4.0,8.0,0.5,0.369,0.131,Marcus Smart,1610612738.0,BOS,25.0,1.0,27.0,7.0,1.0,6.0,1.0,1.0,0.0,0.0,0.0,1.0,1.0,0.0,1.0,0.0,2.0,2.0,2.0,0.0,0.0,1.0,1.0,0.0,Marcus Smart,1610612738,BOS,1,1,0,27.0,44.0,1.0,0.0,0.0,0.0,1.0,2.0,0.5,1.0,1.0,0.0,0.0,0.0,0.0,0.0,0.0,1.0,1.0,Marcus Smart,1610612738,BOS,1,1,0,26.98,26.98,9934.0,1.88,0.92,0.96,3.93,4.34,3.61,20181108,2018_19
202694,Marcus Morris Sr.,1610612738.0,BOS,F,29.0,1.0,1.0,1.0,6.0,10.0,0.6,0.464,0.136,Marcus Morris Sr.,1610612738.0,BOS,F,29.0,1.0,1.0,0.1,1.0,1.0,1.0,0.428,0.572,Marcus Morris Sr.,1610612738.0,BOS,F,29.0,1.0,1.0,0.9,5.0,9.0,0.556,0.509,0.047,Marcus Morris Sr.,1610612738.0,BOS,F,29.0,1.0,1.0,0.1,1.0,1.0,1.0,0.614,0.386,Marcus Morris Sr.,1610612738.0,BOS,F,29.0,1.0,1.0,0.4,3.0,4.0,0.75,0.573,0.177,Marcus Morris Sr.,1610612738.0,BOS,F,29.0,1.0,1.0,0.3,1.0,3.0,0.333,0.367,-0.034,Marcus Morris Sr.,1610612738.0,BOS,29.0,1.0,28.1,3.0,2.0,1.0,1.0,0.0,1.0,2.0,0.0,0.0,0.0,0.0,0.0,0.0,2.0,2.0,2.0,0.0,0.0,1.0,1.0,0.0,Marcus Morris Sr.,1610612738,BOS,1,1,0,28.1,47.0,0.0,0.0,0.0,0.0,0.0,0.0,0.0,0.0,0.0,0.0,0.0,0.0,0.0,0.0,0.0,0.0,0.0,Marcus Morris Sr.,1610612738,BOS,1,1,0,28.08,28.08,10651.0,2.02,1.02,0.99,3.95,4.3,3.65,20181108,2018_19
201935,James Harden,1610612745.0,HOU,G,29.0,1.0,1.0,1.0,5.0,10.0,0.5,0.522,-0.022,James Harden,1610612745.0,HOU,G,29.0,1.0,1.0,0.2,1.0,2.0,0.5,0.381,0.119,James Harden,1610612745.0,HOU,G,29.0,1.0,1.0,0.8,4.0,8.0,0.5,0.562,-0.062,James Harden,1610612745.0,HOU,G,29.0,1.0,1.0,0.5,4.0,5.0,0.8,0.624,0.176,James Harden,1610612745.0,HOU,G,29.0,1.0,1.0,0.7,4.0,7.0,0.571,0.576,-0.004,James Harden,1610612745.0,HOU,G,29.0,1.0,1.0,0.2,1.0,2.0,0.5,0.389,0.111,James Harden,1610612745.0,HOU,29.0,1.0,37.5,6.0,4.0,2.0,4.0,0.0,0.0,0.0,0.0,1.0,1.0,0.0,1.0,0.0,6.0,6.0,3.0,2.0,0.0,1.0,0.75,0.5,James Harden,1610612745,HOU,1,0,1,37.5,85.0,0.0,0.0,0.0,0.0,0.0,0.0,0.0,0.0,0.0,0.0,0.0,0.0,0.0,0.0,0.0,0.0,0.0,James Harden,1610612745,HOU,1,0,1,37.53,37.53,12024.0,2.28,1.22,1.06,3.43,3.67,3.21,20181108,2018_19
1628380,Zach Collins,1610612757.0,POR,F-C,21.0,1.0,1.0,1.0,2.0,10.0,0.2,0.44,-0.24,Zach Collins,1610612757.0,POR,F-C,21.0,1.0,1.0,0.3,0.0,3.0,0.0,0.393,-0.393,Zach Collins,1610612757.0,POR,F-C,21.0,1.0,1.0,0.7,2.0,7.0,0.286,0.469,-0.184,Zach Collins,1610612757.0,POR,F-C,21.0,1.0,1.0,0.5,1.0,5.0,0.2,0.546,-0.346,Zach Collins,1610612757.0,POR,F-C,21.0,1.0,1.0,0.6,2.0,6.0,0.333,0.517,-0.184,Zach Collins,1610612757.0,POR,F-C,21.0,1.0,1.0,0.4,0.0,4.0,0.0,0.394,-0.394,Zach Collins,1610612757.0,POR,21.0,1.0,26.6,8.0,6.0,2.0,0.0,0.0,2.0,5.0,1.0,1.0,2.0,0.5,0.5,0.0,2.0,2.0,1.0,0.0,0.0,1.0,1.0,0.0,Zach Collins,1610612757,POR,1,1,0,26.6,38.0,1.0,0.0,0.0,0.0,0.0,0.0,0.0,0.0,0.0,1.0,1.0,0.0,0.0,0.0,0.0,0.0,0.0,Zach Collins,1610612757,POR,1,1,0,26.57,26.57,10797.0,2.04,1.19,0.85,4.17,4.58,4.14,20181108,2018_19
200782,P.J. Tucker,1610612745.0,HOU,F,34.0,1.0,1.0,1.0,6.0,10.0,0.6,0.436,0.164,P.J. Tucker,1610612745.0,HOU,F,34.0,1.0,1.0,0.5,2.0,5.0,0.4,0.357,0.043,P.J. Tucker,1610612745.0,HOU,F,34.0,1.0,1.0,0.5,4.0,5.0,0.8,0.5,0.3,,,,,,,,,,,,,,P.J. Tucker,1610612745.0,HOU,F,34.0,1.0,1.0,0.1,1.0,1.0,1.0,0.608,0.392,P.J. Tucker,1610612745.0,HOU,F,34.0,1.0,1.0,0.8,4.0,8.0,0.5,0.373,0.127,P.J. Tucker,1610612745.0,HOU,34.0,1.0,32.5,6.0,2.0,4.0,0.0,0.0,0.0,0.0,1.0,1.0,2.0,0.5,0.5,0.0,3.0,3.0,1.0,0.0,0.0,1.0,1.0,0.0,P.J. Tucker,1610612745,HOU,1,0,1,32.5,32.0,0.0,0.0,0.0,0.0,0.0,0.0,0.0,0.0,0.0,0.0,0.0,0.0,0.0,0.0,0.0,0.0,0.0,P.J. Tucker,1610612745,HOU,1,0,1,32.52,32.52,11858.0,2.25,1.15,1.1,3.76,3.85,3.68,20181108,2018_19
1626246,Boban Marjanović,1610612755.0,PHI,C,30.0,1.0,1.0,1.0,3.0,10.0,0.3,0.501,-0.201,,,,,,,,,,,,,,Boban Marjanović,1610612755.0,PHI,C,30.0,1.0,1.0,1.0,3.0,10.0,0.3,0.532,-0.232,Boban Marjanović,1610612755.0,PHI,C,30.0,1.0,1.0,0.4,1.0,4.0,0.25,0.574,-0.324,Boban Marjanović,1610612755.0,PHI,C,30.0,1.0,1.0,0.5,2.0,5.0,0.4,0.547,-0.147,Boban Marjanović,1610612755.0,PHI,C,30.0,1.0,1.0,0.3,1.0,3.0,0.333,0.355,-0.022,Boban Marjanović,1610612755.0,PHI,30.0,1.0,12.3,10.0,9.0,1.0,1.0,0.0,3.0,6.0,0.0,0.0,0.0,0.0,0.0,0.0,1.0,1.0,0.0,0.0,0.0,1.0,0.0,0.0,Boban Marjanović,1610612755,PHI,1,0,1,12.3,24.0,2.0,1.0,2.0,0.5,0.0,0.0,0.0,2.0,1.0,0.0,0.0,0.0,0.0,0.0,0.0,0.0,0.0,Boban Marjanović,1610612755,PHI,1,0,1,12.25,12.25,4851.0,0.92,0.46,0.45,4.14,4.65,4.55,20181108,2018_19
1626192,Pat Connaughton,1610612749.0,MIL,G,26.0,1.0,1.0,1.0,4.0,10.0,0.4,0.462,-0.062,Pat Connaughton,1610612749.0,MIL,G,26.0,1.0,1.0,0.4,1.0,4.0,0.25,0.37,-0.12,Pat Connaughton,1610612749.0,MIL,G,26.0,1.0,1.0,0.6,3.0,6.0,0.5,0.515,-0.015,Pat Connaughton,1610612749.0,MIL,G,26.0,1.0,1.0,0.1,1.0,1.0,1.0,0.65,0.35,Pat Connaughton,1610612749.0,MIL,G,26.0,1.0,1.0,0.1,1.0,1.0,1.0,0.615,0.385,Pat Connaughton,1610612749.0,MIL,G,26.0,1.0,1.0,0.7,2.0,7.0,0.286,0.403,-0.117,Pat Connaughton,1610612749.0,MIL,26.0,1.0,21.3,9.0,5.0,4.0,1.0,0.0,0.0,0.0,1.0,0.0,1.0,1.0,0.0,0.0,3.0,3.0,2.0,0.0,0.0,1.0,1.0,0.0,Pat Connaughton,1610612749,MIL,1,1,0,21.3,37.0,0.0,0.0,0.0,0.0,0.0,0.0,0.0,0.0,0.0,0.0,0.0,0.0,0.0,0.0,0.0,0.0,0.0,Pat Connaughton,1610612749,MIL,1,1,0,21.27,21.27,8934.0,1.69,0.9,0.79,4.46,4.61,4.3,20181108,2018_19
1626158,Richaun Holmes,1610612756.0,PHX,F-C,25.0,1.0,1.0,1.0,2.0,9.0,0.222,0.441,-0.218,Richaun Holmes,1610612756.0,PHX,F-C,25.0,1.0,1.0,0.333,1.0,3.0,0.333,0.358,-0.025,Richaun Holmes,1610612756.0,PHX,F-C,25.0,1.0,1.0,0.667,1.0,6.0,0.167,0.5,-0.333,Richaun Holmes,1610612756.0,PHX,F-C,25.0,1.0,1.0,0.444,1.0,4.0,0.25,0.579,-0.329,Richaun Holmes,1610612756.0,PHX,F-C,25.0,1.0,1.0,0.556,1.0,5.0,0.2,0.546,-0.346,Richaun Holmes,1610612756.0,PHX,F-C,25.0,1.0,1.0,0.333,1.0,3.0,0.333,0.368,-0.035,Richaun Holmes,1610612756.0,PHX,25.0,1.0,14.7,5.0,4.0,1.0,1.0,0.0,4.0,10.0,0.0,0.0,0.0,0.0,0.0,1.0,6.0,7.0,3.0,2.0,0.143,0.857,0.75,0.5,Richaun Holmes,1610612756,PHX,1,0,1,14.7,12.0,2.0,0.0,1.0,0.0,0.0,0.0,0.0,0.0,0.0,1.0,0.5,0.0,0.0,0.0,0.0,0.0,0.0,Richaun Holmes,1610612756,PHX,1,0,1,14.7,14.7,5260.0,1.0,0.53,0.47,3.77,3.76,3.78,20181108,2018_19
2772,Trevor Ariza,1610612764.0,WAS,F,33.0,1.0,1.0,1.0,5.0,9.0,0.556,0.458,0.098,Trevor Ariza,1610612764.0,WAS,F,33.0,1.0,1.0,0.333,1.0,3.0,0.333,0.345,-0.012,Trevor Ariza,1610612764.0,WAS,F,33.0,1.0,1.0,0.667,4.0,6.0,0.667,0.528,0.138,Trevor Ariza,1610612764.0,WAS,F,33.0,1.0,1.0,0.667,4.0,6.0,0.667,0.601,0.065,Trevor Ariza,1610612764.0,WAS,F,33.0,1.0,1.0,0.667,4.0,6.0,0.667,0.573,0.094,Trevor Ariza,1610612764.0,WAS,F,33.0,1.0,1.0,0.333,1.0,3.0,0.333,0.353,-0.02,Trevor Ariza,1610612764.0,WAS,33.0,1.0,41.8,5.0,2.0,3.0,1.0,0.0,0.0,0.0,0.0,0.0,0.0,0.0,0.0,0.0,1.0,1.0,0.0,0.0,0.0,1.0,0.0,0.0,Trevor Ariza,1610612764,WAS,1,0,1,41.8,57.0,2.0,0.0,0.0,0.0,0.0,0.0,0.0,0.0,0.0,2.0,1.0,1.0,0.5,0.0,0.0,0.0,0.0,Trevor Ariza,1610612764,WAS,1,0,1,41.75,41.75,15090.0,2.86,1.59,1.27,3.92,3.84,4.02,20181108,2018_19
1629109,Gary Clark,1610612745.0,HOU,F,24.0,1.0,1.0,1.0,1.0,9.0,0.111,0.45,-0.339,Gary Clark,1610612745.0,HOU,F,24.0,1.0,1.0,0.778,1.0,7.0,0.143,0.378,-0.235,Gary Clark,1610612745.0,HOU,F,24.0,1.0,1.0,0.222,0.0,2.0,0.0,0.498,-0.498,Gary Clark,1610612745.0,HOU,F,24.0,1.0,1.0,0.111,0.0,1.0,0.0,0.56,-0.56,Gary Clark,1610612745.0,HOU,F,24.0,1.0,1.0,0.111,0.0,1.0,0.0,0.519,-0.519,Gary Clark,1610612745.0,HOU,F,24.0,1.0,1.0,0.889,1.0,8.0,0.125,0.381,-0.256,Gary Clark,1610612745.0,HOU,24.0,1.0,27.1,7.0,3.0,4.0,2.0,0.0,0.0,0.0,0.0,1.0,1.0,0.0,1.0,0.0,2.0,2.0,1.0,0.0,0.0,1.0,1.0,0.0,Gary Clark,1610612745,HOU,1,0,1,27.1,24.0,0.0,0.0,0.0,0.0,0.0,0.0,0.0,0.0,0.0,0.0,0.0,0.0,0.0,0.0,0.0,0.0,0.0,Gary Clark,1610612745,HOU,1,0,1,27.12,27.12,9527.0,1.8,0.91,0.9,3.74,3.84,3.64,20181108,2018_19
203468,CJ McCollum,1610612757.0,POR,G,27.0,1.0,1.0,1.0,5.0,9.0,0.556,0.461,0.094,CJ McCollum,1610612757.0,POR,G,27.0,1.0,1.0,0.333,2.0,3.0,0.667,0.387,0.28,CJ McCollum,1610612757.0,POR,G,27.0,1.0,1.0,0.667,3.0,6.0,0.5,0.487,0.014,CJ McCollum,1610612757.0,POR,G,27.0,1.0,1.0,0.333,1.0,3.0,0.333,0.596,-0.262,CJ McCollum,1610612757.0,POR,G,27.0,1.0,1.0,0.333,1.0,3.0,0.333,0.558,-0.225,CJ McCollum,1610612757.0,POR,G,27.0,1.0,1.0,0.667,4.0,6.0,0.667,0.383,0.283,CJ McCollum,1610612757.0,POR,27.0,1.0,35.0,5.0,4.0,1.0,1.0,0.0,0.0,0.0,1.0,2.0,3.0,0.333,0.667,0.0,0.0,0.0,0.0,0.0,0.0,0.0,0.0,0.0,CJ McCollum,1610612757,POR,1,1,0,35.0,46.0,0.0,0.0,0.0,0.0,0.0,0.0,0.0,0.0,0.0,0.0,0.0,0.0,0.0,0.0,0.0,0.0,0.0,CJ McCollum,1610612757,POR,1,1,0,34.95,34.95,14489.0,2.74,1.61,1.13,4.31,4.77,3.78,20181108,2018_19
1627763,Malcolm Brogdon,1610612749.0,MIL,G,26.0,1.0,1.0,1.0,5.0,9.0,0.556,0.465,0.091,,,,,,,,,,,,,,Malcolm Brogdon,1610612749.0,MIL,G,26.0,1.0,1.0,1.0,5.0,9.0,0.556,0.511,0.044,Malcolm Brogdon,1610612749.0,MIL,G,26.0,1.0,1.0,0.111,1.0,1.0,1.0,0.593,0.407,Malcolm Brogdon,1610612749.0,MIL,G,26.0,1.0,1.0,0.111,1.0,1.0,1.0,0.57,0.43,Malcolm Brogdon,1610612749.0,MIL,G,26.0,1.0,1.0,0.556,2.0,5.0,0.4,0.423,-0.023,Malcolm Brogdon,1610612749.0,MIL,26.0,1.0,24.8,9.0,9.0,0.0,2.0,0.0,0.0,0.0,0.0,0.0,0.0,0.0,0.0,0.0,1.0,1.0,0.0,0.0,0.0,1.0,0.0,0.0,Malcolm Brogdon,1610612749,MIL,1,1,0,24.8,55.0,0.0,0.0,0.0,0.0,0.0,0.0,0.0,0.0,0.0,0.0,0.0,0.0,0.0,0.0,0.0,0.0,0.0,Malcolm Brogdon,1610612749,MIL,1,1,0,24.82,24.82,10053.0,1.9,1.04,0.86,4.35,4.38,4.3,20181108,2018_19
203457,Nerlens Noel,1610612760.0,OKC,F-C,25.0,1.0,1.0,1.0,3.0,9.0,0.333,0.424,-0.091,Nerlens Noel,1610612760.0,OKC,F-C,25.0,1.0,1.0,0.556,2.0,5.0,0.4,0.323,0.077,Nerlens Noel,1610612760.0,OKC,F-C,25.0,1.0,1.0,0.444,1.0,4.0,0.25,0.519,-0.269,Nerlens Noel,1610612760.0,OKC,F-C,25.0,1.0,1.0,0.333,1.0,3.0,0.333,0.556,-0.223,Nerlens Noel,1610612760.0,OKC,F-C,25.0,1.0,1.0,0.333,1.0,3.0,0.333,0.531,-0.198,Nerlens Noel,1610612760.0,OKC,F-C,25.0,1.0,1.0,0.667,2.0,6.0,0.333,0.331,0.002,Nerlens Noel,1610612760.0,OKC,25.0,1.0,15.7,7.0,3.0,4.0,0.0,1.0,0.0,0.0,0.0,0.0,0.0,0.0,0.0,2.0,6.0,8.0,4.0,2.0,0.25,0.75,0.667,0.333,Nerlens Noel,1610612760,OKC,1,1,0,15.7,14.0,0.0,0.0,0.0,0.0,0.0,0.0,0.0,0.0,0.0,0.0,0.0,0.0,0.0,0.0,0.0,0.0,0.0,Nerlens Noel,1610612760,OKC,1,1,0,15.72,15.72,5870.0,1.11,0.58,0.53,3.88,3.93,3.82,20181108,2018_19
203924,Jerami Grant,1610612760.0,OKC,F,25.0,1.0,1.0,1.0,3.0,9.0,0.333,0.461,-0.128,Jerami Grant,1610612760.0,OKC,F,25.0,1.0,1.0,0.444,1.0,4.0,0.25,0.348,-0.098,Jerami Grant,1610612760.0,OKC,F,25.0,1.0,1.0,0.556,2.0,5.0,0.4,0.563,-0.163,Jerami Grant,1610612760.0,OKC,F,25.0,1.0,1.0,0.444,2.0,4.0,0.5,0.614,-0.114,Jerami Grant,1610612760.0,OKC,F,25.0,1.0,1.0,0.444,2.0,4.0,0.5,0.592,-0.092,Jerami Grant,1610612760.0,OKC,F,25.0,1.0,1.0,0.444,1.0,4.0,0.25,0.354,-0.104,Jerami Grant,1610612760.0,OKC,25.0,1.0,34.1,7.0,3.0,4.0,0.0,0.0,0.0,0.0,0.0,0.0,0.0,0.0,0.0,0.0,3.0,3.0,3.0,0.0,0.0,1.0,1.0,0.0,Jerami Grant,1610612760,OKC,1,1,0,34.1,50.0,3.0,0.0,0.0,0.0,2.0,2.0,1.0,2.0,0.667,1.0,0.333,0.0,0.0,1.0,0.333,1.0,0.333,Jerami Grant,1610612760,OKC,1,1,0,34.12,34.12,12773.0,2.42,1.34,1.08,3.96,4.29,3.62,20181108,2018_19
101150,Lou Williams,1610612746.0,LAC,G,32.0,1.0,1.0,1.0,5.0,9.0,0.556,0.444,0.111,Lou Williams,1610612746.0,LAC,G,32.0,1.0,1.0,0.333,2.0,3.0,0.667,0.398,0.269,Lou Williams,1610612746.0,LAC,G,32.0,1.0,1.0,0.667,3.0,6.0,0.5,0.501,-0.001,Lou Williams,1610612746.0,LAC,G,32.0,1.0,1.0,0.444,2.0,4.0,0.5,0.595,-0.095,Lou Williams,1610612746.0,LAC,G,32.0,1.0,1.0,0.556,2.0,5.0,0.4,0.543,-0.143,Lou Williams,1610612746.0,LAC,G,32.0,1.0,1.0,0.333,2.0,3.0,0.667,0.41,0.256,Lou Williams,1610612746.0,LAC,32.0,1.0,35.5,7.0,3.0,4.0,2.0,0.0,0.0,0.0,0.0,0.0,0.0,0.0,0.0,0.0,0.0,0.0,0.0,0.0,0.0,0.0,0.0,0.0,Lou Williams,1610612746,LAC,1,0,1,35.5,75.0,0.0,0.0,0.0,0.0,0.0,0.0,0.0,0.0,0.0,0.0,0.0,0.0,0.0,0.0,0.0,0.0,0.0,Lou Williams,1610612746,LAC,1,0,1,35.52,35.52,12948.0,2.45,1.34,1.12,3.89,4.33,3.22,20181108,2018_19
202331,Paul George,1610612760.0,OKC,F,29.0,1.0,1.0,1.0,5.0,9.0,0.556,0.517,0.038,Paul George,1610612760.0,OKC,F,29.0,1.0,1.0,0.333,1.0,3.0,0.333,0.357,-0.024,Paul George,1610612760.0,OKC,F,29.0,1.0,1.0,0.667,4.0,6.0,0.667,0.6,0.067,Paul George,1610612760.0,OKC,F,29.0,1.0,1.0,0.667,4.0,6.0,0.667,0.632,0.035,Paul George,1610612760.0,OKC,F,29.0,1.0,1.0,0.667,4.0,6.0,0.667,0.608,0.058,Paul George,1610612760.0,OKC,F,29.0,1.0,1.0,0.333,1.0,3.0,0.333,0.358,-0.025,Paul George,1610612760.0,OKC,29.0,1.0,35.3,6.0,2.0,4.0,9.0,0.0,0.0,0.0,2.0,1.0,3.0,0.667,0.333,0.0,1.0,1.0,1.0,1.0,0.0,1.0,1.0,1.0,Paul George,1610612760,OKC,1,1,0,35.3,66.0,1.0,0.0,0.0,0.0,0.0,0.0,0.0,0.0,0.0,1.0,1.0,0.0,0.0,0.0,0.0,0.0,0.0,Paul George,1610612760,OKC,1,1,0,35.28,35.28,12651.0,2.4,1.38,1.02,3.81,4.46,3.16,20181108,2018_19
203516,James Ennis III,1610612755.0,PHI,F,28.0,1.0,1.0,1.0,7.0,9.0,0.778,0.456,0.322,James Ennis III,1610612755.0,PHI,F,28.0,1.0,1.0,0.556,3.0,5.0,0.6,0.359,0.241,James Ennis III,1610612755.0,PHI,F,28.0,1.0,1.0,0.444,4.0,4.0,1.0,0.551,0.449,James Ennis III,1610612755.0,PHI,F,28.0,1.0,1.0,0.222,2.0,2.0,1.0,0.665,0.335,James Ennis III,1610612755.0,PHI,F,28.0,1.0,1.0,0.333,3.0,3.0,1.0,0.622,0.378,James Ennis III,1610612755.0,PHI,F,28.0,1.0,1.0,0.667,4.0,6.0,0.667,0.363,0.304,James Ennis III,1610612755.0,PHI,28.0,1.0,24.3,6.0,2.0,4.0,0.0,0.0,1.0,2.0,1.0,0.0,1.0,1.0,0.0,0.0,3.0,3.0,2.0,0.0,0.0,1.0,0.667,0.0,James Ennis III,1610612755,PHI,1,0,1,24.3,20.0,0.0,0.0,0.0,0.0,0.0,0.0,0.0,0.0,0.0,0.0,0.0,0.0,0.0,0.0,0.0,0.0,0.0,James Ennis III,1610612755,PHI,1,0,1,24.28,24.28,9592.0,1.82,0.92,0.89,4.13,4.36,3.92,20181108,2018_19
202339,Eric Bledsoe,1610612749.0,MIL,G,29.0,1.0,1.0,1.0,3.0,8.0,0.375,0.471,-0.096,Eric Bledsoe,1610612749.0,MIL,G,29.0,1.0,1.0,0.5,1.0,4.0,0.25,0.409,-0.159,Eric Bledsoe,1610612749.0,MIL,G,29.0,1.0,1.0,0.5,2.0,4.0,0.5,0.519,-0.019,,,,,,,,,,,,,,,,,,,,,,,,,,,Eric Bledsoe,1610612749.0,MIL,G,29.0,1.0,1.0,0.875,3.0,7.0,0.429,0.429,-0.001,Eric Bledsoe,1610612749.0,MIL,29.0,1.0,26.1,5.0,2.0,3.0,3.0,0.0,0.0,0.0,2.0,2.0,4.0,0.5,0.5,0.0,0.0,0.0,0.0,0.0,0.0,0.0,0.0,0.0,Eric Bledsoe,1610612749,MIL,1,1,0,26.1,56.0,0.0,0.0,0.0,0.0,0.0,0.0,0.0,0.0,0.0,0.0,0.0,0.0,0.0,0.0,0.0,0.0,0.0,Eric Bledsoe,1610612749,MIL,1,1,0,26.05,26.05,10860.0,2.06,1.09,0.97,4.51,4.72,4.29,20181108,2018_19
201973,Jonas Jerebko,1610612744.0,GSW,F,32.0,1.0,1.0,1.0,3.0,8.0,0.375,0.452,-0.077,Jonas Jerebko,1610612744.0,GSW,F,32.0,1.0,1.0,0.5,1.0,4.0,0.25,0.352,-0.102,Jonas Jerebko,1610612744.0,GSW,F,32.0,1.0,1.0,0.5,2.0,4.0,0.5,0.558,-0.058,Jonas Jerebko,1610612744.0,GSW,F,32.0,1.0,1.0,0.25,0.0,2.0,0.0,0.629,-0.629,Jonas Jerebko,1610612744.0,GSW,F,32.0,1.0,1.0,0.25,0.0,2.0,0.0,0.592,-0.592,Jonas Jerebko,1610612744.0,GSW,F,32.0,1.0,1.0,0.625,2.0,5.0,0.4,0.364,0.036,Jonas Jerebko,1610612744.0,GSW,32.0,1.0,16.2,6.0,1.0,5.0,0.0,1.0,1.0,3.0,0.0,0.0,0.0,0.0,0.0,0.0,6.0,6.0,3.0,0.0,0.0,1.0,0.75,0.0,Jonas Jerebko,1610612744,GSW,1,0,1,16.2,25.0,0.0,0.0,0.0,0.0,0.0,0.0,0.0,0.0,0.0,0.0,0.0,0.0,0.0,0.0,0.0,0.0,0.0,Jonas Jerebko,1610612744,GSW,1,0,1,16.22,16.22,6743.0,1.28,0.66,0.62,4.59,5.07,4.13,20181108,2018_19
202699,Tobias Harris,1610612755.0,PHI,F,26.0,1.0,1.0,1.0,4.0,8.0,0.5,0.446,0.054,Tobias Harris,1610612755.0,PHI,F,26.0,1.0,1.0,0.5,2.0,4.0,0.5,0.364,0.136,Tobias Harris,1610612755.0,PHI,F,26.0,1.0,1.0,0.5,2.0,4.0,0.5,0.497,0.003,Tobias Harris,1610612755.0,PHI,F,26.0,1.0,1.0,0.125,1.0,1.0,1.0,0.582,0.418,Tobias Harris,1610612755.0,PHI,F,26.0,1.0,1.0,0.125,1.0,1.0,1.0,0.552,0.448,Tobias Harris,1610612755.0,PHI,F,26.0,1.0,1.0,0.75,3.0,6.0,0.5,0.391,0.109,Tobias Harris,1610612755.0,PHI,26.0,1.0,36.8,7.0,4.0,3.0,3.0,0.0,0.0,0.0,0.0,0.0,0.0,0.0,0.0,0.0,4.0,4.0,3.0,1.0,0.0,1.0,0.75,0.25,Tobias Harris,1610612755,PHI,1,0,1,36.8,55.0,2.0,0.0,2.0,0.0,0.0,0.0,0.0,0.0,0.0,0.0,0.0,0.0,0.0,0.0,0.0,0.0,0.0,Tobias Harris,1610612755,PHI,1,0,1,36.77,36.77,14041.0,2.66,1.38,1.28,4.08,4.54,3.68,20181108,2018_19
101141,Ersan Ilyasova,1610612749.0,MIL,F,32.0,1.0,1.0,1.0,6.0,8.0,0.75,0.514,0.236,,,,,,,,,,,,,,Ersan Ilyasova,1610612749.0,MIL,F,32.0,1.0,1.0,1.0,6.0,8.0,0.75,0.561,0.189,Ersan Ilyasova,1610612749.0,MIL,F,32.0,1.0,1.0,0.75,4.0,6.0,0.667,0.646,0.021,Ersan Ilyasova,1610612749.0,MIL,F,32.0,1.0,1.0,0.75,4.0,6.0,0.667,0.621,0.046,Ersan Ilyasova,1610612749.0,MIL,F,32.0,1.0,1.0,0.25,2.0,2.0,1.0,0.428,0.572,Ersan Ilyasova,1610612749.0,MIL,32.0,1.0,23.2,3.0,3.0,0.0,1.0,0.0,0.0,0.0,0.0,1.0,1.0,0.0,1.0,1.0,4.0,5.0,2.0,1.0,0.2,0.8,1.0,0.5,Ersan Ilyasova,1610612749,MIL,1,1,0,23.2,43.0,0.0,0.0,0.0,0.0,0.0,0.0,0.0,0.0,0.0,0.0,0.0,0.0,0.0,0.0,0.0,0.0,0.0,Ersan Ilyasova,1610612749,MIL,1,1,0,23.22,23.22,9573.0,1.81,0.96,0.85,4.34,4.85,4.3,20181108,2018_19
202335,Patrick Patterson,1610612760.0,OKC,F,30.0,1.0,1.0,1.0,3.0,8.0,0.375,0.407,-0.032,Patrick Patterson,1610612760.0,OKC,F,30.0,1.0,1.0,0.75,2.0,6.0,0.333,0.367,-0.034,Patrick Patterson,1610612760.0,OKC,F,30.0,1.0,1.0,0.25,1.0,2.0,0.5,0.482,0.019,Patrick Patterson,1610612760.0,OKC,F,30.0,1.0,1.0,0.25,1.0,2.0,0.5,0.523,-0.023,Patrick Patterson,1610612760.0,OKC,F,30.0,1.0,1.0,0.25,1.0,2.0,0.5,0.521,-0.021,Patrick Patterson,1610612760.0,OKC,F,30.0,1.0,1.0,0.75,2.0,6.0,0.333,0.368,-0.035,Patrick Patterson,1610612760.0,OKC,30.0,1.0,12.9,5.0,1.0,4.0,0.0,0.0,0.0,0.0,0.0,0.0,0.0,0.0,0.0,0.0,2.0,2.0,1.0,1.0,0.0,1.0,1.0,1.0,Patrick Patterson,1610612760,OKC,1,1,0,12.9,25.0,0.0,0.0,0.0,0.0,0.0,0.0,0.0,0.0,0.0,0.0,0.0,0.0,0.0,0.0,0.0,0.0,0.0,Patrick Patterson,1610612760,OKC,1,1,0,12.9,12.9,5349.0,1.01,0.61,0.41,4.26,4.68,3.77,20181108,2018_19
203503,Tony Snell,1610612749.0,MIL,G,27.0,1.0,1.0,1.0,4.0,7.0,0.571,0.478,0.093,Tony Snell,1610612749.0,MIL,G,27.0,1.0,1.0,0.714,2.0,5.0,0.4,0.363,0.037,Tony Snell,1610612749.0,MIL,G,27.0,1.0,1.0,0.286,2.0,2.0,1.0,0.546,0.454,,,,,,,,,,,,,,,,,,,,,,,,,,,Tony Snell,1610612749.0,MIL,G,27.0,1.0,1.0,1.0,4.0,7.0,0.571,0.39,0.181,Tony Snell,1610612749.0,MIL,27.0,1.0,20.4,6.0,2.0,4.0,0.0,0.0,0.0,0.0,0.0,0.0,0.0,0.0,0.0,0.0,4.0,4.0,1.0,0.0,0.0,1.0,1.0,0.0,Tony Snell,1610612749,MIL,1,1,0,20.4,22.0,0.0,0.0,0.0,0.0,0.0,0.0,0.0,0.0,0.0,0.0,0.0,0.0,0.0,0.0,0.0,0.0,0.0,Tony Snell,1610612749,MIL,1,1,0,20.35,20.35,8225.0,1.56,0.87,0.69,4.43,4.88,3.95,20181108,2018_19
1628369,Jayson Tatum,1610612738.0,BOS,F,21.0,1.0,1.0,1.0,3.0,7.0,0.429,0.469,-0.04,Jayson Tatum,1610612738.0,BOS,F,21.0,1.0,1.0,0.286,0.0,2.0,0.0,0.354,-0.354,Jayson Tatum,1610612738.0,BOS,F,21.0,1.0,1.0,0.714,3.0,5.0,0.6,0.545,0.055,Jayson Tatum,1610612738.0,BOS,F,21.0,1.0,1.0,0.429,2.0,3.0,0.667,0.656,0.011,Jayson Tatum,1610612738.0,BOS,F,21.0,1.0,1.0,0.571,2.0,4.0,0.5,0.623,-0.123,Jayson Tatum,1610612738.0,BOS,F,21.0,1.0,1.0,0.429,1.0,3.0,0.333,0.37,-0.036,Jayson Tatum,1610612738.0,BOS,21.0,1.0,29.7,7.0,5.0,2.0,1.0,0.0,1.0,3.0,3.0,1.0,4.0,0.75,0.25,0.0,3.0,3.0,3.0,2.0,0.0,1.0,1.0,0.667,Jayson Tatum,1610612738,BOS,1,1,0,29.7,35.0,1.0,0.0,1.0,0.0,0.0,0.0,0.0,0.0,0.0,0.0,0.0,0.0,0.0,0.0,0.0,0.0,0.0,Jayson Tatum,1610612738,BOS,1,1,0,29.67,29.67,10331.0,1.96,1.03,0.93,3.82,4.0,3.31,20181108,2018_19
201142,Kevin Durant,1610612744.0,GSW,F,30.0,1.0,1.0,1.0,3.0,7.0,0.429,0.462,-0.033,Kevin Durant,1610612744.0,GSW,F,30.0,1.0,1.0,0.714,3.0,5.0,0.6,0.382,0.218,Kevin Durant,1610612744.0,GSW,F,30.0,1.0,1.0,0.286,0.0,2.0,0.0,0.599,-0.599,,,,,,,,,,,,,,,,,,,,,,,,,,,Kevin Durant,1610612744.0,GSW,F,30.0,1.0,1.0,0.857,3.0,6.0,0.5,0.374,0.126,Kevin Durant,1610612744.0,GSW,30.0,1.0,30.8,5.0,2.0,3.0,1.0,0.0,1.0,2.0,1.0,0.0,1.0,1.0,0.0,0.0,0.0,0.0,0.0,0.0,0.0,0.0,0.0,0.0,Kevin Durant,1610612744,GSW,1,0,1,30.8,78.0,5.0,2.0,3.0,0.667,0.0,0.0,0.0,4.0,0.8,1.0,0.2,0.0,0.0,1.0,0.2,0.0,0.0,Kevin Durant,1610612744,GSW,1,0,1,30.78,30.78,11877.0,2.25,1.25,1.0,3.97,4.4,3.55,20181108,2018_19
1627774,Jake Layman,1610612757.0,POR,F,25.0,1.0,1.0,1.0,3.0,7.0,0.429,0.499,-0.07,,,,,,,,,,,,,,Jake Layman,1610612757.0,POR,F,25.0,1.0,1.0,1.0,3.0,7.0,0.429,0.537,-0.108,Jake Layman,1610612757.0,POR,F,25.0,1.0,1.0,0.714,2.0,5.0,0.4,0.63,-0.23,Jake Layman,1610612757.0,POR,F,25.0,1.0,1.0,0.857,2.0,6.0,0.333,0.583,-0.249,Jake Layman,1610612757.0,POR,F,25.0,1.0,1.0,0.143,1.0,1.0,1.0,0.421,0.579,Jake Layman,1610612757.0,POR,25.0,1.0,13.7,4.0,3.0,1.0,0.0,0.0,0.0,0.0,0.0,0.0,0.0,0.0,0.0,0.0,1.0,1.0,0.0,0.0,0.0,1.0,0.0,0.0,Jake Layman,1610612757,POR,1,1,0,13.7,13.0,0.0,0.0,0.0,0.0,0.0,0.0,0.0,0.0,0.0,0.0,0.0,0.0,0.0,0.0,0.0,0.0,0.0,Jake Layman,1610612757,POR,1,1,0,13.7,13.7,5722.0,1.08,0.6,0.48,4.47,4.85,4.08,20181108,2018_19
1628403,Caleb Swanigan,1610612758.0,SAC,F,22.0,1.0,1.0,1.0,4.0,6.0,0.667,0.554,0.113,Caleb Swanigan,1610612758.0,SAC,F,22.0,1.0,1.0,0.167,0.0,1.0,0.0,0.395,-0.395,Caleb Swanigan,1610612758.0,SAC,F,22.0,1.0,1.0,0.833,4.0,5.0,0.8,0.594,0.206,Caleb Swanigan,1610612758.0,SAC,F,22.0,1.0,1.0,0.667,3.0,4.0,0.75,0.695,0.055,Caleb Swanigan,1610612758.0,SAC,F,22.0,1.0,1.0,0.667,3.0,4.0,0.75,0.652,0.098,Caleb Swanigan,1610612758.0,SAC,F,22.0,1.0,1.0,0.333,1.0,2.0,0.5,0.379,0.122,Caleb Swanigan,1610612758.0,SAC,22.0,1.0,8.0,4.0,3.0,1.0,1.0,0.0,2.0,5.0,0.0,0.0,0.0,0.0,0.0,2.0,1.0,3.0,1.0,1.0,0.667,0.333,0.5,0.5,Caleb Swanigan,1610612758,SAC,1,1,0,8.0,19.0,3.0,0.0,1.0,0.0,0.0,0.0,0.0,0.0,0.0,2.0,0.667,0.0,0.0,0.0,0.0,0.0,0.0,Caleb Swanigan,1610612758,SAC,1,1,0,7.95,7.95,3204.0,0.61,0.34,0.26,4.22,4.3,4.16,20181108,2018_19
202330,Gordon Hayward,1610612738.0,BOS,F,29.0,1.0,1.0,1.0,1.0,6.0,0.167,0.45,-0.283,Gordon Hayward,1610612738.0,BOS,F,29.0,1.0,1.0,0.5,0.0,3.0,0.0,0.329,-0.329,Gordon Hayward,1610612738.0,BOS,F,29.0,1.0,1.0,0.5,1.0,3.0,0.333,0.498,-0.165,Gordon Hayward,1610612738.0,BOS,F,29.0,1.0,1.0,0.167,0.0,1.0,0.0,0.614,-0.614,Gordon Hayward,1610612738.0,BOS,F,29.0,1.0,1.0,0.5,1.0,3.0,0.333,0.57,-0.236,Gordon Hayward,1610612738.0,BOS,F,29.0,1.0,1.0,0.5,0.0,3.0,0.0,0.361,-0.361,Gordon Hayward,1610612738.0,BOS,29.0,1.0,24.9,6.0,3.0,3.0,0.0,0.0,0.0,0.0,0.0,0.0,0.0,0.0,0.0,0.0,2.0,2.0,1.0,0.0,0.0,1.0,1.0,0.0,Gordon Hayward,1610612738,BOS,1,1,0,24.9,34.0,0.0,0.0,0.0,0.0,0.0,0.0,0.0,0.0,0.0,0.0,0.0,0.0,0.0,0.0,0.0,0.0,0.0,Gordon Hayward,1610612738,BOS,1,1,0,24.9,24.9,10064.0,1.91,0.96,0.95,4.4,5.16,4.2,20181108,2018_19
1626179,Terry Rozier,1610612738.0,BOS,G,25.0,1.0,1.0,1.0,2.0,6.0,0.333,0.449,-0.115,Terry Rozier,1610612738.0,BOS,G,25.0,1.0,1.0,0.167,0.0,1.0,0.0,0.295,-0.295,Terry Rozier,1610612738.0,BOS,G,25.0,1.0,1.0,0.833,2.0,5.0,0.4,0.53,-0.13,Terry Rozier,1610612738.0,BOS,G,25.0,1.0,1.0,0.5,0.0,3.0,0.0,0.627,-0.627,Terry Rozier,1610612738.0,BOS,G,25.0,1.0,1.0,0.667,1.0,4.0,0.25,0.58,-0.33,Terry Rozier,1610612738.0,BOS,G,25.0,1.0,1.0,0.333,1.0,2.0,0.5,0.322,0.178,Terry Rozier,1610612738.0,BOS,25.0,1.0,20.6,3.0,1.0,2.0,3.0,0.0,0.0,0.0,0.0,0.0,0.0,0.0,0.0,0.0,1.0,1.0,0.0,0.0,0.0,1.0,0.0,0.0,Terry Rozier,1610612738,BOS,1,1,0,20.6,48.0,0.0,0.0,0.0,0.0,0.0,0.0,0.0,0.0,0.0,0.0,0.0,0.0,0.0,0.0,0.0,0.0,0.0,Terry Rozier,1610612738,BOS,1,1,0,20.58,20.58,8738.0,1.65,0.91,0.75,4.59,4.71,3.9,20181108,2018_19
203382,Aron Baynes,1610612738.0,BOS,C-F,32.0,1.0,1.0,1.0,4.0,6.0,0.667,0.48,0.186,Aron Baynes,1610612738.0,BOS,C-F,32.0,1.0,1.0,0.333,1.0,2.0,0.5,0.377,0.123,Aron Baynes,1610612738.0,BOS,C-F,32.0,1.0,1.0,0.667,3.0,4.0,0.75,0.519,0.231,Aron Baynes,1610612738.0,BOS,C-F,32.0,1.0,1.0,0.333,1.0,2.0,0.5,0.521,-0.021,Aron Baynes,1610612738.0,BOS,C-F,32.0,1.0,1.0,0.5,2.0,3.0,0.667,0.517,0.15,Aron Baynes,1610612738.0,BOS,C-F,32.0,1.0,1.0,0.5,2.0,3.0,0.667,0.367,0.299,Aron Baynes,1610612738.0,BOS,32.0,1.0,8.0,4.0,3.0,1.0,0.0,0.0,0.0,0.0,0.0,0.0,0.0,0.0,0.0,3.0,3.0,6.0,3.0,1.0,0.5,0.5,1.0,0.333,Aron Baynes,1610612738,BOS,1,1,0,8.0,14.0,0.0,0.0,0.0,0.0,0.0,0.0,0.0,0.0,0.0,0.0,0.0,0.0,0.0,0.0,0.0,0.0,0.0,Aron Baynes,1610612738,BOS,1,1,0,7.98,7.98,3101.0,0.59,0.29,0.3,4.2,4.19,4.22,20181108,2018_19
202329,Al-Farouq Aminu,1610612757.0,POR,F,28.0,1.0,1.0,1.0,4.0,5.0,0.8,0.488,0.312,Al-Farouq Aminu,1610612757.0,POR,F,28.0,1.0,1.0,0.2,1.0,1.0,1.0,0.419,0.581,Al-Farouq Aminu,1610612757.0,POR,F,28.0,1.0,1.0,0.8,3.0,4.0,0.75,0.518,0.233,Al-Farouq Aminu,1610612757.0,POR,F,28.0,1.0,1.0,0.4,1.0,2.0,0.5,0.565,-0.065,Al-Farouq Aminu,1610612757.0,POR,F,28.0,1.0,1.0,0.8,3.0,4.0,0.75,0.57,0.181,Al-Farouq Aminu,1610612757.0,POR,F,28.0,1.0,1.0,0.2,1.0,1.0,1.0,0.405,0.595,Al-Farouq Aminu,1610612757.0,POR,28.0,1.0,26.3,6.0,4.0,2.0,3.0,0.0,1.0,3.0,1.0,0.0,1.0,1.0,0.0,1.0,4.0,5.0,0.0,0.0,0.2,0.8,0.0,0.0,Al-Farouq Aminu,1610612757,POR,1,1,0,26.3,35.0,1.0,0.0,0.0,0.0,0.0,0.0,0.0,0.0,0.0,1.0,1.0,0.0,0.0,0.0,0.0,0.0,0.0,Al-Farouq Aminu,1610612757,POR,1,1,0,26.3,26.3,10469.0,1.98,1.11,0.87,4.2,4.38,4.01,20181108,2018_19
1629010,Jerome Robinson,1610612746.0,LAC,G,22.0,1.0,1.0,1.0,1.0,5.0,0.2,0.406,-0.206,,,,,,,,,,,,,,Jerome Robinson,1610612746.0,LAC,G,22.0,1.0,1.0,1.0,1.0,5.0,0.2,0.427,-0.227,Jerome Robinson,1610612746.0,LAC,G,22.0,1.0,1.0,0.8,1.0,4.0,0.25,0.5,-0.25,Jerome Robinson,1610612746.0,LAC,G,22.0,1.0,1.0,0.8,1.0,4.0,0.25,0.472,-0.222,,,,,,,,,,,,,,Jerome Robinson,1610612746.0,LAC,22.0,1.0,6.6,2.0,2.0,0.0,0.0,0.0,0.0,0.0,0.0,0.0,0.0,0.0,0.0,0.0,0.0,0.0,0.0,0.0,0.0,0.0,0.0,0.0,Jerome Robinson,1610612746,LAC,1,0,1,6.6,5.0,0.0,0.0,0.0,0.0,0.0,0.0,0.0,0.0,0.0,0.0,0.0,0.0,0.0,0.0,0.0,0.0,0.0,Jerome Robinson,1610612746,LAC,1,0,1,6.58,6.58,3015.0,0.57,0.31,0.27,5.1,5.1,5.09,20181108,2018_19
1628969,Mikal Bridges,1610612756.0,PHX,F,22.0,1.0,1.0,1.0,2.0,5.0,0.4,0.441,-0.041,Mikal Bridges,1610612756.0,PHX,F,22.0,1.0,1.0,0.6,1.0,3.0,0.333,0.367,-0.034,Mikal Bridges,1610612756.0,PHX,F,22.0,1.0,1.0,0.4,1.0,2.0,0.5,0.504,-0.004,Mikal Bridges,1610612756.0,PHX,F,22.0,1.0,1.0,0.2,0.0,1.0,0.0,0.671,-0.671,Mikal Bridges,1610612756.0,PHX,F,22.0,1.0,1.0,0.4,1.0,2.0,0.5,0.554,-0.054,Mikal Bridges,1610612756.0,PHX,F,22.0,1.0,1.0,0.6,1.0,3.0,0.333,0.379,-0.045,Mikal Bridges,1610612756.0,PHX,22.0,1.0,12.9,4.0,1.0,3.0,4.0,0.0,0.0,0.0,0.0,0.0,0.0,0.0,0.0,0.0,2.0,2.0,1.0,0.0,0.0,1.0,1.0,0.0,Mikal Bridges,1610612756,PHX,1,0,1,12.9,14.0,0.0,0.0,0.0,0.0,0.0,0.0,0.0,0.0,0.0,0.0,0.0,0.0,0.0,0.0,0.0,0.0,0.0,Mikal Bridges,1610612756,PHX,1,0,1,12.87,12.87,4989.0,0.94,0.49,0.45,3.94,4.26,4.51,20181108,2018_19
101109,Raymond Felton,1610612760.0,OKC,G,35.0,1.0,1.0,1.0,2.0,5.0,0.4,0.42,-0.02,Raymond Felton,1610612760.0,OKC,G,35.0,1.0,1.0,0.8,1.0,4.0,0.25,0.319,-0.069,Raymond Felton,1610612760.0,OKC,G,35.0,1.0,1.0,0.2,1.0,1.0,1.0,0.639,0.361,Raymond Felton,1610612760.0,OKC,G,35.0,1.0,1.0,0.2,1.0,1.0,1.0,0.668,0.332,Raymond Felton,1610612760.0,OKC,G,35.0,1.0,1.0,0.2,1.0,1.0,1.0,0.642,0.358,Raymond Felton,1610612760.0,OKC,G,35.0,1.0,1.0,0.8,1.0,4.0,0.25,0.321,-0.071,Raymond Felton,1610612760.0,OKC,35.0,1.0,13.3,3.0,0.0,3.0,0.0,0.0,0.0,0.0,1.0,0.0,1.0,1.0,0.0,0.0,0.0,0.0,0.0,0.0,0.0,0.0,0.0,0.0,Raymond Felton,1610612760,OKC,1,1,0,13.3,33.0,0.0,0.0,0.0,0.0,0.0,0.0,0.0,0.0,0.0,0.0,0.0,0.0,0.0,0.0,0.0,0.0,0.0,Raymond Felton,1610612760,OKC,1,1,0,13.3,13.3,4713.0,0.89,0.51,0.38,3.75,3.81,3.69,20181108,2018_19
201583,Ryan Anderson,1610612748.0,MIA,F,31.0,1.0,1.0,1.0,3.0,5.0,0.6,0.439,0.161,Ryan Anderson,1610612748.0,MIA,F,31.0,1.0,1.0,0.6,1.0,3.0,0.333,0.356,-0.023,Ryan Anderson,1610612748.0,MIA,F,31.0,1.0,1.0,0.4,2.0,2.0,1.0,0.531,0.469,,,,,,,,,,,,,,Ryan Anderson,1610612748.0,MIA,F,31.0,1.0,1.0,0.2,1.0,1.0,1.0,0.632,0.368,Ryan Anderson,1610612748.0,MIA,F,31.0,1.0,1.0,0.6,1.0,3.0,0.333,0.373,-0.039,Ryan Anderson,1610612748.0,MIA,31.0,1.0,15.3,2.0,0.0,2.0,0.0,0.0,0.0,0.0,0.0,0.0,0.0,0.0,0.0,0.0,3.0,3.0,0.0,0.0,0.0,1.0,0.0,0.0,Ryan Anderson,1610612748,MIA,1,0,1,15.3,29.0,1.0,0.0,0.0,0.0,0.0,0.0,0.0,0.0,0.0,1.0,1.0,0.0,0.0,0.0,0.0,0.0,0.0,Ryan Anderson,1610612748,MIA,1,0,1,15.33,15.33,6043.0,1.14,0.64,0.5,4.04,4.25,3.8,20181108,2018_19
203089,John Henson,1610612739.0,CLE,F,28.0,1.0,1.0,1.0,1.0,5.0,0.2,0.52,-0.32,John Henson,1610612739.0,CLE,F,28.0,1.0,1.0,0.4,1.0,2.0,0.5,0.352,0.148,John Henson,1610612739.0,CLE,F,28.0,1.0,1.0,0.6,0.0,3.0,0.0,0.606,-0.606,John Henson,1610612739.0,CLE,F,28.0,1.0,1.0,0.2,0.0,1.0,0.0,0.687,-0.687,John Henson,1610612739.0,CLE,F,28.0,1.0,1.0,0.4,0.0,2.0,0.0,0.679,-0.679,John Henson,1610612739.0,CLE,F,28.0,1.0,1.0,0.4,1.0,2.0,0.5,0.366,0.135,John Henson,1610612739.0,CLE,28.0,1.0,13.3,4.0,3.0,1.0,1.0,0.0,0.0,0.0,0.0,3.0,3.0,0.0,1.0,1.0,9.0,10.0,2.0,1.0,0.1,0.9,0.667,0.333,John Henson,1610612739,CLE,1,1,0,13.3,21.0,0.0,0.0,0.0,0.0,0.0,0.0,0.0,0.0,0.0,0.0,0.0,0.0,0.0,0.0,0.0,0.0,0.0,John Henson,1610612739,CLE,1,1,0,13.28,13.28,5369.0,1.02,0.56,0.46,4.22,5.2,4.12,20181108,2018_19
203917,Nik Stauskas,1610612739.0,CLE,G,25.0,1.0,1.0,1.0,2.0,5.0,0.4,0.41,-0.01,Nik Stauskas,1610612739.0,CLE,G,25.0,1.0,1.0,0.2,0.0,1.0,0.0,0.401,-0.401,Nik Stauskas,1610612739.0,CLE,G,25.0,1.0,1.0,0.8,2.0,4.0,0.5,0.454,0.047,Nik Stauskas,1610612739.0,CLE,G,25.0,1.0,1.0,0.2,1.0,1.0,1.0,0.534,0.466,Nik Stauskas,1610612739.0,CLE,G,25.0,1.0,1.0,0.4,2.0,2.0,1.0,0.478,0.523,Nik Stauskas,1610612739.0,CLE,G,25.0,1.0,1.0,0.6,0.0,3.0,0.0,0.373,-0.373,Nik Stauskas,1610612739.0,CLE,25.0,1.0,17.9,4.0,3.0,1.0,0.0,0.0,0.0,0.0,0.0,0.0,0.0,0.0,0.0,0.0,0.0,0.0,0.0,0.0,0.0,0.0,0.0,0.0,Nik Stauskas,1610612739,CLE,1,1,0,17.9,21.0,0.0,0.0,0.0,0.0,0.0,0.0,0.0,0.0,0.0,0.0,0.0,0.0,0.0,0.0,0.0,0.0,0.0,Nik Stauskas,1610612739,CLE,1,1,0,17.9,17.9,8233.0,1.56,0.89,0.67,4.97,5.55,4.37,20181108,2018_19
203521,Matthew Dellavedova,1610612739.0,CLE,G,28.0,1.0,1.0,1.0,4.0,5.0,0.8,0.509,0.291,Matthew Dellavedova,1610612739.0,CLE,G,28.0,1.0,1.0,0.4,1.0,2.0,0.5,0.393,0.107,Matthew Dellavedova,1610612739.0,CLE,G,28.0,1.0,1.0,0.6,3.0,3.0,1.0,0.579,0.421,Matthew Dellavedova,1610612739.0,CLE,G,28.0,1.0,1.0,0.2,1.0,1.0,1.0,0.739,0.261,Matthew Dellavedova,1610612739.0,CLE,G,28.0,1.0,1.0,0.2,1.0,1.0,1.0,0.743,0.257,Matthew Dellavedova,1610612739.0,CLE,G,28.0,1.0,1.0,0.8,3.0,4.0,0.75,0.433,0.317,Matthew Dellavedova,1610612739.0,CLE,28.0,1.0,6.7,3.0,2.0,1.0,1.0,0.0,0.0,0.0,0.0,0.0,0.0,0.0,0.0,0.0,0.0,0.0,0.0,0.0,0.0,0.0,0.0,0.0,Matthew Dellavedova,1610612739,CLE,1,1,0,6.7,14.0,0.0,0.0,0.0,0.0,0.0,0.0,0.0,0.0,0.0,0.0,0.0,0.0,0.0,0.0,0.0,0.0,0.0,Matthew Dellavedova,1610612739,CLE,1,1,0,6.73,6.73,2901.0,0.55,0.31,0.24,4.17,4.78,3.49,20181108,2018_19
203552,Seth Curry,1610612757.0,POR,G,28.0,1.0,1.0,1.0,1.0,5.0,0.2,0.417,-0.217,Seth Curry,1610612757.0,POR,G,28.0,1.0,1.0,0.4,0.0,2.0,0.0,0.383,-0.383,Seth Curry,1610612757.0,POR,G,28.0,1.0,1.0,0.6,1.0,3.0,0.333,0.439,-0.105,Seth Curry,1610612757.0,POR,G,28.0,1.0,1.0,0.2,0.0,1.0,0.0,0.534,-0.534,Seth Curry,1610612757.0,POR,G,28.0,1.0,1.0,0.4,1.0,2.0,0.5,0.452,0.048,Seth Curry,1610612757.0,POR,G,28.0,1.0,1.0,0.6,0.0,3.0,0.0,0.388,-0.388,Seth Curry,1610612757.0,POR,28.0,1.0,13.1,4.0,2.0,2.0,0.0,0.0,1.0,3.0,0.0,0.0,0.0,0.0,0.0,0.0,1.0,1.0,0.0,0.0,0.0,1.0,0.0,0.0,Seth Curry,1610612757,POR,1,1,0,13.1,21.0,0.0,0.0,0.0,0.0,0.0,0.0,0.0,0.0,0.0,0.0,0.0,0.0,0.0,0.0,0.0,0.0,0.0,Seth Curry,1610612757,POR,1,1,0,13.05,13.05,5396.0,1.02,0.56,0.46,4.21,4.97,4.26,20181108,2018_19
1628978,Donte DiVincenzo,1610612749.0,MIL,G,22.0,1.0,1.0,1.0,3.0,5.0,0.6,0.473,0.127,Donte DiVincenzo,1610612749.0,MIL,G,22.0,1.0,1.0,0.6,2.0,3.0,0.667,0.36,0.307,Donte DiVincenzo,1610612749.0,MIL,G,22.0,1.0,1.0,0.4,1.0,2.0,0.5,0.505,-0.005,Donte DiVincenzo,1610612749.0,MIL,G,22.0,1.0,1.0,0.2,0.0,1.0,0.0,0.66,-0.66,Donte DiVincenzo,1610612749.0,MIL,G,22.0,1.0,1.0,0.2,0.0,1.0,0.0,0.621,-0.621,Donte DiVincenzo,1610612749.0,MIL,G,22.0,1.0,1.0,0.8,3.0,4.0,0.75,0.382,0.369,Donte DiVincenzo,1610612749.0,MIL,22.0,1.0,14.0,4.0,2.0,2.0,1.0,0.0,0.0,0.0,0.0,0.0,0.0,0.0,0.0,0.0,0.0,0.0,0.0,0.0,0.0,0.0,0.0,0.0,Donte DiVincenzo,1610612749,MIL,1,1,0,14.0,28.0,0.0,0.0,0.0,0.0,0.0,0.0,0.0,0.0,0.0,0.0,0.0,0.0,0.0,0.0,0.0,0.0,0.0,Donte DiVincenzo,1610612749,MIL,1,1,0,14.0,14.0,5954.0,1.13,0.62,0.51,4.43,4.91,3.96,20181108,2018_19
203518,Alex Abrines,1610612760.0,OKC,G,25.0,1.0,1.0,1.0,3.0,5.0,0.6,0.416,0.184,Alex Abrines,1610612760.0,OKC,G,25.0,1.0,1.0,0.6,1.0,3.0,0.333,0.326,0.008,Alex Abrines,1610612760.0,OKC,G,25.0,1.0,1.0,0.4,2.0,2.0,1.0,0.47,0.53,Alex Abrines,1610612760.0,OKC,G,25.0,1.0,1.0,0.4,2.0,2.0,1.0,0.519,0.482,Alex Abrines,1610612760.0,OKC,G,25.0,1.0,1.0,0.4,2.0,2.0,1.0,0.512,0.488,Alex Abrines,1610612760.0,OKC,G,25.0,1.0,1.0,0.6,1.0,3.0,0.333,0.328,0.005,Alex Abrines,1610612760.0,OKC,25.0,1.0,19.2,5.0,2.0,3.0,1.0,0.0,0.0,0.0,0.0,2.0,2.0,0.0,1.0,0.0,4.0,4.0,3.0,0.0,0.0,1.0,0.75,0.0,Alex Abrines,1610612760,OKC,1,1,0,19.2,28.0,0.0,0.0,0.0,0.0,0.0,0.0,0.0,0.0,0.0,0.0,0.0,0.0,0.0,0.0,0.0,0.0,0.0,Alex Abrines,1610612760,OKC,1,1,0,19.15,19.15,7505.0,1.42,0.79,0.63,4.05,4.34,3.72,20181108,2018_19
1626188,Quinn Cook,1610612744.0,GSW,G,26.0,1.0,1.0,1.0,3.0,4.0,0.75,0.432,0.318,Quinn Cook,1610612744.0,GSW,G,26.0,1.0,1.0,0.25,0.0,1.0,0.0,0.265,-0.265,Quinn Cook,1610612744.0,GSW,G,26.0,1.0,1.0,0.75,3.0,3.0,1.0,0.547,0.453,Quinn Cook,1610612744.0,GSW,G,26.0,1.0,1.0,0.75,3.0,3.0,1.0,0.602,0.398,Quinn Cook,1610612744.0,GSW,G,26.0,1.0,1.0,0.75,3.0,3.0,1.0,0.577,0.423,Quinn Cook,1610612744.0,GSW,G,26.0,1.0,1.0,0.25,0.0,1.0,0.0,0.271,-0.271,Quinn Cook,1610612744.0,GSW,26.0,1.0,18.8,2.0,1.0,1.0,0.0,0.0,0.0,0.0,1.0,0.0,1.0,1.0,0.0,0.0,2.0,2.0,2.0,0.0,0.0,1.0,1.0,0.0,Quinn Cook,1610612744,GSW,1,0,1,18.8,58.0,0.0,0.0,0.0,0.0,0.0,0.0,0.0,0.0,0.0,0.0,0.0,0.0,0.0,0.0,0.0,0.0,0.0,Quinn Cook,1610612744,GSW,1,0,1,18.75,18.75,7950.0,1.51,0.84,0.67,4.57,4.96,4.2,20181108,2018_19
1629059,Elie Okobo,1610612756.0,PHX,G,21.0,1.0,1.0,1.0,0.0,4.0,0.0,0.439,-0.439,,,,,,,,,,,,,,Elie Okobo,1610612756.0,PHX,G,21.0,1.0,1.0,1.0,0.0,4.0,0.0,0.48,-0.48,Elie Okobo,1610612756.0,PHX,G,21.0,1.0,1.0,0.5,0.0,2.0,0.0,0.584,-0.584,Elie Okobo,1610612756.0,PHX,G,21.0,1.0,1.0,0.75,0.0,3.0,0.0,0.536,-0.536,Elie Okobo,1610612756.0,PHX,G,21.0,1.0,1.0,0.25,0.0,1.0,0.0,0.367,-0.367,Elie Okobo,1610612756.0,PHX,21.0,1.0,10.6,1.0,1.0,0.0,0.0,0.0,0.0,0.0,0.0,1.0,1.0,0.0,1.0,0.0,0.0,0.0,0.0,0.0,0.0,0.0,0.0,0.0,Elie Okobo,1610612756,PHX,1,0,1,10.6,26.0,0.0,0.0,0.0,0.0,0.0,0.0,0.0,0.0,0.0,0.0,0.0,0.0,0.0,0.0,0.0,0.0,0.0,Elie Okobo,1610612756,PHX,1,0,1,10.55,10.55,4558.0,0.86,0.46,0.4,4.73,5.69,3.91,20181108,2018_19
1627814,Damion Lee,1610612744.0,GSW,G,26.0,1.0,1.0,1.0,2.0,4.0,0.5,0.446,0.054,Damion Lee,1610612744.0,GSW,G,26.0,1.0,1.0,0.25,0.0,1.0,0.0,0.335,-0.335,Damion Lee,1610612744.0,GSW,G,26.0,1.0,1.0,0.75,2.0,3.0,0.667,0.536,0.131,Damion Lee,1610612744.0,GSW,G,26.0,1.0,1.0,0.5,2.0,2.0,1.0,0.615,0.385,Damion Lee,1610612744.0,GSW,G,26.0,1.0,1.0,0.5,2.0,2.0,1.0,0.582,0.418,Damion Lee,1610612744.0,GSW,G,26.0,1.0,1.0,0.5,0.0,2.0,0.0,0.365,-0.365,Damion Lee,1610612744.0,GSW,26.0,1.0,12.0,1.0,0.0,1.0,1.0,0.0,0.0,0.0,0.0,0.0,0.0,0.0,0.0,0.0,0.0,0.0,0.0,0.0,0.0,0.0,0.0,0.0,Damion Lee,1610612744,GSW,1,0,1,12.0,22.0,0.0,0.0,0.0,0.0,0.0,0.0,0.0,0.0,0.0,0.0,0.0,0.0,0.0,0.0,0.0,0.0,0.0,Damion Lee,1610612744,GSW,1,0,1,12.0,12.0,5454.0,1.03,0.54,0.49,4.75,5.01,4.54,20181108,2018_19
203507,Giannis Antetokounmpo,1610612749.0,MIL,F,24.0,1.0,1.0,1.0,2.0,4.0,0.5,0.586,-0.086,Giannis Antetokounmpo,1610612749.0,MIL,F,24.0,1.0,1.0,0.25,0.0,1.0,0.0,0.357,-0.357,Giannis Antetokounmpo,1610612749.0,MIL,F,24.0,1.0,1.0,0.75,2.0,3.0,0.667,0.655,0.012,Giannis Antetokounmpo,1610612749.0,MIL,F,24.0,1.0,1.0,0.25,1.0,1.0,1.0,0.739,0.261,Giannis Antetokounmpo,1610612749.0,MIL,F,24.0,1.0,1.0,0.25,1.0,1.0,1.0,0.743,0.257,Giannis Antetokounmpo,1610612749.0,MIL,F,24.0,1.0,1.0,0.5,1.0,2.0,0.5,0.394,0.106,Giannis Antetokounmpo,1610612749.0,MIL,24.0,1.0,26.4,4.0,3.0,1.0,3.0,0.0,1.0,2.0,0.0,0.0,0.0,0.0,0.0,0.0,3.0,3.0,2.0,0.0,0.0,1.0,1.0,0.0,Giannis Antetokounmpo,1610612749,MIL,1,1,0,26.4,78.0,2.0,0.0,0.0,0.0,0.0,0.0,0.0,0.0,0.0,1.0,0.5,0.0,0.0,0.0,0.0,0.0,0.0,Giannis Antetokounmpo,1610612749,MIL,1,1,0,26.42,26.42,11141.0,2.11,1.23,0.88,4.44,4.92,3.93,20181108,2018_19
101123,Gerald Green,1610612745.0,HOU,G-F,33.0,1.0,1.0,1.0,1.0,3.0,0.333,0.42,-0.087,Gerald Green,1610612745.0,HOU,G-F,33.0,1.0,1.0,0.667,0.0,2.0,0.0,0.347,-0.347,Gerald Green,1610612745.0,HOU,G-F,33.0,1.0,1.0,0.333,1.0,1.0,1.0,0.468,0.532,,,,,,,,,,,,,,Gerald Green,1610612745.0,HOU,G-F,33.0,1.0,1.0,0.333,1.0,1.0,1.0,0.483,0.517,Gerald Green,1610612745.0,HOU,G-F,33.0,1.0,1.0,0.667,0.0,2.0,0.0,0.357,-0.357,Gerald Green,1610612745.0,HOU,33.0,1.0,16.3,3.0,1.0,2.0,0.0,0.0,0.0,0.0,0.0,0.0,0.0,0.0,0.0,0.0,0.0,0.0,0.0,0.0,0.0,0.0,0.0,0.0,Gerald Green,1610612745,HOU,1,0,1,16.3,20.0,0.0,0.0,0.0,0.0,0.0,0.0,0.0,0.0,0.0,0.0,0.0,0.0,0.0,0.0,0.0,0.0,0.0,Gerald Green,1610612745,HOU,1,0,1,16.27,16.27,6344.0,1.2,0.63,0.58,4.11,4.28,3.95,20181108,2018_19
2738,Andre Iguodala,1610612744.0,GSW,F-G,35.0,1.0,1.0,1.0,2.0,3.0,0.667,0.489,0.177,Andre Iguodala,1610612744.0,GSW,F-G,35.0,1.0,1.0,0.667,2.0,2.0,1.0,0.378,0.623,Andre Iguodala,1610612744.0,GSW,F-G,35.0,1.0,1.0,0.333,0.0,1.0,0.0,0.541,-0.541,,,,,,,,,,,,,,Andre Iguodala,1610612744.0,GSW,F-G,35.0,1.0,1.0,0.333,0.0,1.0,0.0,0.567,-0.567,Andre Iguodala,1610612744.0,GSW,F-G,35.0,1.0,1.0,0.667,2.0,2.0,1.0,0.379,0.622,Andre Iguodala,1610612744.0,GSW,35.0,1.0,16.3,3.0,1.0,2.0,1.0,0.0,0.0,0.0,2.0,0.0,2.0,1.0,0.0,0.0,5.0,5.0,2.0,1.0,0.0,1.0,0.667,0.333,Andre Iguodala,1610612744,GSW,1,0,1,16.3,33.0,0.0,0.0,0.0,0.0,0.0,0.0,0.0,0.0,0.0,0.0,0.0,0.0,0.0,0.0,0.0,0.0,0.0,Andre Iguodala,1610612744,GSW,1,0,1,16.3,16.3,6699.0,1.27,0.69,0.58,4.39,4.73,4.04,20181108,2018_19
203118,Mike Scott,1610612755.0,PHI,F,30.0,1.0,1.0,1.0,2.0,3.0,0.667,0.446,0.221,Mike Scott,1610612755.0,PHI,F,30.0,1.0,1.0,0.333,1.0,1.0,1.0,0.335,0.665,Mike Scott,1610612755.0,PHI,F,30.0,1.0,1.0,0.667,1.0,2.0,0.5,0.516,-0.016,Mike Scott,1610612755.0,PHI,F,30.0,1.0,1.0,0.333,1.0,1.0,1.0,0.549,0.451,Mike Scott,1610612755.0,PHI,F,30.0,1.0,1.0,0.667,1.0,2.0,0.5,0.566,-0.066,Mike Scott,1610612755.0,PHI,F,30.0,1.0,1.0,0.333,1.0,1.0,1.0,0.33,0.67,Mike Scott,1610612755.0,PHI,30.0,1.0,19.1,3.0,2.0,1.0,1.0,0.0,1.0,2.0,0.0,0.0,0.0,0.0,0.0,2.0,4.0,6.0,1.0,1.0,0.333,0.667,0.5,0.5,Mike Scott,1610612755,PHI,1,0,1,19.1,31.0,1.0,0.0,0.0,0.0,0.0,0.0,0.0,0.0,0.0,1.0,1.0,0.0,0.0,0.0,0.0,0.0,0.0,Mike Scott,1610612755,PHI,1,0,1,19.1,19.1,7580.0,1.44,0.77,0.67,4.08,4.85,3.91,20181108,2018_19
1627824,Guerschon Yabusele,1610612738.0,BOS,F,23.0,1.0,1.0,1.0,1.0,3.0,0.333,0.492,-0.159,Guerschon Yabusele,1610612738.0,BOS,F,23.0,1.0,1.0,0.333,0.0,1.0,0.0,0.336,-0.336,Guerschon Yabusele,1610612738.0,BOS,F,23.0,1.0,1.0,0.667,1.0,2.0,0.5,0.572,-0.072,Guerschon Yabusele,1610612738.0,BOS,F,23.0,1.0,1.0,0.667,1.0,2.0,0.5,0.663,-0.163,Guerschon Yabusele,1610612738.0,BOS,F,23.0,1.0,1.0,0.667,1.0,2.0,0.5,0.612,-0.112,Guerschon Yabusele,1610612738.0,BOS,F,23.0,1.0,1.0,0.333,0.0,1.0,0.0,0.343,-0.343,Guerschon Yabusele,1610612738.0,BOS,23.0,1.0,4.8,3.0,2.0,1.0,0.0,0.0,2.0,5.0,0.0,0.0,0.0,0.0,0.0,1.0,3.0,4.0,1.0,0.0,0.25,0.75,0.5,0.0,Guerschon Yabusele,1610612738,BOS,1,1,0,4.8,10.0,0.0,0.0,0.0,0.0,0.0,0.0,0.0,0.0,0.0,0.0,0.0,0.0,0.0,0.0,0.0,0.0,0.0,Guerschon Yabusele,1610612738,BOS,1,1,0,4.78,4.78,1947.0,0.37,0.19,0.18,4.74,5.02,4.48,20181108,2018_19
1628392,Isaiah Hartenstein,1610612745.0,HOU,F-C,21.0,1.0,1.0,1.0,0.0,3.0,0.0,0.412,-0.412,Isaiah Hartenstein,1610612745.0,HOU,F-C,21.0,1.0,1.0,0.333,0.0,1.0,0.0,0.319,-0.319,Isaiah Hartenstein,1610612745.0,HOU,F-C,21.0,1.0,1.0,0.667,0.0,2.0,0.0,0.479,-0.479,Isaiah Hartenstein,1610612745.0,HOU,F-C,21.0,1.0,1.0,0.333,0.0,1.0,0.0,0.591,-0.591,Isaiah Hartenstein,1610612745.0,HOU,F-C,21.0,1.0,1.0,0.667,0.0,2.0,0.0,0.519,-0.519,Isaiah Hartenstein,1610612745.0,HOU,F-C,21.0,1.0,1.0,0.333,0.0,1.0,0.0,0.382,-0.382,Isaiah Hartenstein,1610612745.0,HOU,21.0,1.0,6.1,3.0,2.0,1.0,1.0,0.0,1.0,3.0,0.0,0.0,0.0,0.0,0.0,0.0,2.0,2.0,2.0,1.0,0.0,1.0,1.0,0.5,Isaiah Hartenstein,1610612745,HOU,1,0,1,6.1,11.0,0.0,0.0,0.0,0.0,0.0,0.0,0.0,0.0,0.0,0.0,0.0,0.0,0.0,0.0,0.0,0.0,0.0,Isaiah Hartenstein,1610612745,HOU,1,0,1,6.12,6.12,2457.0,0.47,0.25,0.22,4.53,3.68,3.57,20181108,2018_19
1627748,Thon Maker,1610612765.0,DET,F,22.0,1.0,1.0,1.0,2.0,2.0,1.0,0.72,0.28,,,,,,,,,,,,,,Thon Maker,1610612765.0,DET,F,22.0,1.0,1.0,1.0,2.0,2.0,1.0,0.72,0.28,Thon Maker,1610612765.0,DET,F,22.0,1.0,1.0,1.0,2.0,2.0,1.0,0.739,0.261,Thon Maker,1610612765.0,DET,F,22.0,1.0,1.0,1.0,2.0,2.0,1.0,0.743,0.257,,,,,,,,,,,,,,Thon Maker,1610612765.0,DET,22.0,1.0,6.7,2.0,2.0,0.0,1.0,0.0,0.0,0.0,0.0,0.0,0.0,0.0,0.0,0.0,3.0,3.0,0.0,0.0,0.0,1.0,0.0,0.0,Thon Maker,1610612765,DET,1,1,0,6.7,16.0,0.0,0.0,0.0,0.0,0.0,0.0,0.0,0.0,0.0,0.0,0.0,0.0,0.0,0.0,0.0,0.0,0.0,Thon Maker,1610612765,DET,1,1,0,6.73,6.73,3000.0,0.57,0.31,0.26,4.99,4.78,5.24,20181108,2018_19
1628425,Sterling Brown,1610612749.0,MIL,G,24.0,1.0,1.0,1.0,1.0,2.0,0.5,0.5,0.001,,,,,,,,,,,,,,Sterling Brown,1610612749.0,MIL,G,24.0,1.0,1.0,1.0,1.0,2.0,0.5,0.556,-0.056,Sterling Brown,1610612749.0,MIL,G,24.0,1.0,1.0,0.5,0.0,1.0,0.0,0.65,-0.65,Sterling Brown,1610612749.0,MIL,G,24.0,1.0,1.0,0.5,0.0,1.0,0.0,0.615,-0.615,Sterling Brown,1610612749.0,MIL,G,24.0,1.0,1.0,0.5,1.0,1.0,1.0,0.359,0.641,Sterling Brown,1610612749.0,MIL,24.0,1.0,6.7,2.0,2.0,0.0,0.0,0.0,0.0,0.0,0.0,0.0,0.0,0.0,0.0,0.0,0.0,0.0,0.0,0.0,0.0,0.0,0.0,0.0,Sterling Brown,1610612749,MIL,1,1,0,6.7,10.0,0.0,0.0,0.0,0.0,0.0,0.0,0.0,0.0,0.0,0.0,0.0,0.0,0.0,0.0,0.0,0.0,0.0,Sterling Brown,1610612749,MIL,1,1,0,6.73,6.73,2802.0,0.53,0.28,0.25,4.16,4.78,5.23,20181108,2018_19
1628400,Semi Ojeleye,1610612738.0,BOS,F,24.0,1.0,1.0,1.0,1.0,2.0,0.5,0.505,-0.005,Semi Ojeleye,1610612738.0,BOS,F,24.0,1.0,1.0,0.5,1.0,1.0,1.0,0.336,0.664,Semi Ojeleye,1610612738.0,BOS,F,24.0,1.0,1.0,0.5,0.0,1.0,0.0,0.608,-0.608,Semi Ojeleye,1610612738.0,BOS,F,24.0,1.0,1.0,0.5,0.0,1.0,0.0,0.704,-0.704,Semi Ojeleye,1610612738.0,BOS,F,24.0,1.0,1.0,0.5,0.0,1.0,0.0,0.64,-0.64,Semi Ojeleye,1610612738.0,BOS,F,24.0,1.0,1.0,0.5,1.0,1.0,1.0,0.343,0.657,Semi Ojeleye,1610612738.0,BOS,24.0,1.0,7.4,3.0,1.0,2.0,0.0,0.0,0.0,0.0,0.0,0.0,0.0,0.0,0.0,0.0,1.0,1.0,1.0,1.0,0.0,1.0,1.0,1.0,Semi Ojeleye,1610612738,BOS,1,1,0,7.4,11.0,0.0,0.0,0.0,0.0,0.0,0.0,0.0,0.0,0.0,0.0,0.0,0.0,0.0,0.0,0.0,0.0,0.0,Semi Ojeleye,1610612738,BOS,1,1,0,7.4,7.4,3100.0,0.59,0.33,0.26,4.56,5.3,3.99,20181108,2018_19
1627789,Timothe Luwawu-Cabarrot,1610612741.0,CHI,G-F,24.0,1.0,1.0,1.0,1.0,2.0,0.5,0.382,0.118,Timothe Luwawu-Cabarrot,1610612741.0,CHI,G-F,24.0,1.0,1.0,0.5,1.0,1.0,1.0,0.352,0.648,Timothe Luwawu-Cabarrot,1610612741.0,CHI,G-F,24.0,1.0,1.0,0.5,0.0,1.0,0.0,0.472,-0.472,Timothe Luwawu-Cabarrot,1610612741.0,CHI,G-F,24.0,1.0,1.0,0.5,0.0,1.0,0.0,0.5,-0.5,Timothe Luwawu-Cabarrot,1610612741.0,CHI,G-F,24.0,1.0,1.0,0.5,0.0,1.0,0.0,0.476,-0.476,Timothe Luwawu-Cabarrot,1610612741.0,CHI,G-F,24.0,1.0,1.0,0.5,1.0,1.0,1.0,0.353,0.647,,,,,,,,,,,,,,,,,,,,,,,,,,,,Timothe Luwawu-Cabarrot,1610612741,CHI,1,1,0,1.0,1.0,0.0,0.0,0.0,0.0,0.0,0.0,0.0,0.0,0.0,0.0,0.0,0.0,0.0,0.0,0.0,0.0,0.0,Timothe Luwawu-Cabarrot,1610612741,CHI,1,1,0,0.98,0.98,330.0,0.06,0.03,0.03,5.7,0.0,0.0,20181108,2018_19
1627737,Marquese Chriss,1610612739.0,CLE,F,21.0,1.0,1.0,1.0,1.0,2.0,0.5,0.399,0.101,Marquese Chriss,1610612739.0,CLE,F,21.0,1.0,1.0,0.5,0.0,1.0,0.0,0.319,-0.319,Marquese Chriss,1610612739.0,CLE,F,21.0,1.0,1.0,0.5,1.0,1.0,1.0,0.468,0.532,,,,,,,,,,,,,,Marquese Chriss,1610612739.0,CLE,F,21.0,1.0,1.0,0.5,1.0,1.0,1.0,0.483,0.517,Marquese Chriss,1610612739.0,CLE,F,21.0,1.0,1.0,0.5,0.0,1.0,0.0,0.382,-0.382,Marquese Chriss,1610612739.0,CLE,21.0,1.0,5.9,3.0,2.0,1.0,0.0,0.0,0.0,0.0,0.0,0.0,0.0,0.0,0.0,0.0,1.0,1.0,1.0,0.0,0.0,1.0,1.0,0.0,Marquese Chriss,1610612739,CLE,1,0,1,5.9,13.0,0.0,0.0,0.0,0.0,0.0,0.0,0.0,0.0,0.0,0.0,0.0,0.0,0.0,0.0,0.0,0.0,0.0,Marquese Chriss,1610612739,CLE,1,0,1,5.9,5.9,2042.0,0.39,0.2,0.19,3.82,5.24,2.99,20181108,2018_19
1628367,Josh Jackson,1610612756.0,PHX,F,22.0,1.0,1.0,1.0,0.0,1.0,0.0,0.449,-0.449,,,,,,,,,,,,,,Josh Jackson,1610612756.0,PHX,F,22.0,1.0,1.0,1.0,0.0,1.0,0.0,0.483,-0.483,,,,,,,,,,,,,,,,,,,,,,,,,,,Josh Jackson,1610612756.0,PHX,F,22.0,1.0,1.0,1.0,0.0,1.0,0.0,0.367,-0.367,Josh Jackson,1610612756.0,PHX,22.0,1.0,5.2,3.0,3.0,0.0,0.0,0.0,0.0,0.0,0.0,0.0,0.0,0.0,0.0,0.0,0.0,0.0,0.0,0.0,0.0,0.0,0.0,0.0,Josh Jackson,1610612756,PHX,1,0,1,5.2,5.0,0.0,0.0,0.0,0.0,0.0,0.0,0.0,0.0,0.0,0.0,0.0,0.0,0.0,0.0,0.0,0.0,0.0,Josh Jackson,1610612756,PHX,1,0,1,5.23,5.23,1755.0,0.33,0.17,0.16,3.21,5.21,3.64,20181108,2018_19
1628977,Hamidou Diallo,1610612760.0,OKC,G,20.0,1.0,1.0,1.0,0.0,1.0,0.0,0.405,-0.405,Hamidou Diallo,1610612760.0,OKC,G,20.0,1.0,1.0,1.0,0.0,1.0,0.0,0.328,-0.328,,,,,,,,,,,,,,,,,,,,,,,,,,,,,,,,,,,,,,,,Hamidou Diallo,1610612760.0,OKC,G,20.0,1.0,1.0,1.0,0.0,1.0,0.0,0.337,-0.337,Hamidou Diallo,1610612760.0,OKC,20.0,1.0,11.7,1.0,0.0,1.0,0.0,0.0,0.0,0.0,1.0,0.0,1.0,1.0,0.0,0.0,0.0,0.0,0.0,0.0,0.0,0.0,0.0,0.0,Hamidou Diallo,1610612760,OKC,1,1,0,11.7,12.0,0.0,0.0,0.0,0.0,0.0,0.0,0.0,0.0,0.0,0.0,0.0,0.0,0.0,0.0,0.0,0.0,0.0,Hamidou Diallo,1610612760,OKC,1,1,0,11.7,11.7,4605.0,0.87,0.47,0.4,4.29,4.14,4.51,20181108,2018_19
1628462,,,,,,,,,,,,,,,,,,,,,,,,,,,,,,,,,,,,,,,,,,,,,,,,,,,,,,,,,,,,,,,,,,,,,,,,,,,,,,,Milos Teodosic,1610612746.0,LAC,32.0,1.0,4.0,0.0,0.0,0.0,1.0,0.0,0.0,0.0,0.0,0.0,0.0,0.0,0.0,0.0,0.0,0.0,0.0,0.0,0.0,0.0,0.0,0.0,Milos Teodosic,1610612746,LAC,1,0,1,4.0,8.0,0.0,0.0,0.0,0.0,0.0,0.0,0.0,0.0,0.0,0.0,0.0,0.0,0.0,0.0,0.0,0.0,0.0,Milos Teodosic,1610612746,LAC,1,0,1,4.03,4.03,1775.0,0.34,0.18,0.15,3.94,5.75,4.85,20181108,2018_19
1627846,,,,,,,,,,,,,,,,,,,,,,,,,,,,,,,,,,,,,,,,,,,,,,,,,,,,,,,,,,,,,,,,,,,,,,,,,,,,,,,,,,,,,,,,,,,,,,,,,,,,,,,,,,Abdel Nader,1610612760,OKC,1,1,0,1.0,4.0,0.0,0.0,0.0,0.0,0.0,0.0,0.0,0.0,0.0,0.0,0.0,0.0,0.0,0.0,0.0,0.0,0.0,Abdel Nader,1610612760,OKC,1,1,0,0.98,0.98,369.0,0.07,0.04,0.03,5.69,0.0,0.0,20181108,2018_19
